       34       10        1     0.1981424207E-04
       20       32        1     0.3797046391E-03
       21       36        1     0.4693367280E-03
       22       36        1     0.5695249069E-03
       23       40        1     0.6724581414E-03
       24       44        1     0.7637836801E-03
       25       46        1     0.8497030291E-03
       26       50        1     0.9372931619E-03
       27       52        1     0.1023565994E-02
       26       12        1     0.9736461969E-04
       27       22        1     0.2112354574E-03
       28       84        2     0.1458700368E-02
       29       86        2     0.1640681560E-02
       30       90        2     0.1835597008E-02
       31       92        2     0.2008081468E-02
       32       94        2     0.2177692524E-02
       33      100        2     0.2398543775E-02
       16       42        1     0.9020328961E-03
       17       42        1     0.1032879871E-02
       18       46        1     0.1192449987E-02
       19       48        1     0.1327780561E-02
       20       52        1     0.1474247554E-02
       21       56        1     0.1632767777E-02
       17        8        1     0.3186813827E-04
       18       14        1     0.1054443588E-03
       19       18        1     0.1819866354E-03
       20       24        1     0.2493396103E-03
       21       30        1     0.3255966872E-03
       22       96        2     0.2169847800E-02
       10       46        1     0.5025089087E-03
       11       46        1     0.5866736618E-03
       12       50        1     0.6672733734E-03
       13       54        1     0.7750713984E-03
       14       58        1     0.8723364348E-03
       15       60        1     0.9793989665E-03
       16       62        1     0.1082808267E-02
       17       66        1     0.1204515150E-02
       13        8        1     0.5742040626E-04
       14       14        1     0.1501354490E-03
       15       18        1     0.2350492072E-03
       16       22        1     0.3217280307E-03
       17       26        1     0.4021108440E-03
        4       24        1     0.1531043273E-06
        5       30        1     0.1467432961E-06
        6       34        1     0.5280918782E-07
        7       40        1     0.2781025611E-07
        8       46        1     0.1278080935E-06
        9       50        1     0.1653130049E-06
       10       54        1     0.1991749265E-06
       11       58        1     0.2455367073E-06
       12       62        1     0.2850142759E-06
       13       66        1     0.3435861990E-06
       14       66        1     0.4584363359E-06
       15       70        1     0.4935905689E-06
       16       74        1     0.5501554411E-06
       17       78        1     0.6572113946E-06
       12       10        1     0.3972254917E-04
       13       14        1     0.7692205343E-04
       14       18        1     0.1142683372E-03
       15       22        1     0.1476030108E-03
       16       26        1     0.1804616163E-03
       17       32        1     0.2095460966E-03
        3        8        1     0.2898623737E-04
        4       16        1     0.9725799811E-04
        5       24        1     0.1668463594E-03
        6       30        1     0.2387623249E-03
        7       34        1     0.3112911756E-03
        8       38        1     0.3853316895E-03
        9       44        1     0.4439928573E-03
       10       48        1     0.5215631153E-03
       11       52        1     0.6052003255E-03
       12       56        1     0.6881385990E-03
       13       60        1     0.7759053514E-03
       14       62        1     0.8679793070E-03
       15       64        1     0.9518856421E-03
       16       68        1     0.1065775932E-02
       17       72        1     0.1166664754E-02
       18      300        5     0.1021513232E-06
       19      304        5     0.9628553627E-06
       20      308        5     0.1743486749E-05
       16        6        1     0.1044788530E-05
       17       14        1     0.8811556736E-05
       18       18        1     0.1637925019E-04
       19       22        1     0.2357883677E-04
       20       28        1     0.2979811045E-04
        9        8        1     0.5031727938E-04
       10       18        1     0.2012091712E-03
       11       30        1     0.4384104338E-03
       12       34        1     0.6270018336E-03
       13       36        1     0.8010545927E-03
       14       40        1     0.9844031998E-03
       15       42        1     0.1135150307E-02
       16       44        1     0.1302323886E-02
       17       48        1     0.1478493637E-02
       18       52        1     0.1642239998E-02
       19       54        1     0.1808118684E-02
       20       58        1     0.2010564426E-02
       21      412        7     0.3004306945E-03
       22      416        7     0.3296179889E-03
       23      518        9     0.3274419679E-05
       24      522        9     0.6611949964E-05
       25      524        9     0.9766644248E-05
       26      528        9     0.1333950527E-04
       27      532        9     0.1534733965E-04
       28      534        9     0.1709549762E-04
       29      538        9     0.1992769651E-04
       30      542        9     0.2069179033E-04
       24        8        1     0.1987315585E-04
       25       16        1     0.1303622566E-03
       26       24        1     0.2343780689E-03
       15        8        1     0.4406171082E-04
       16       18        1     0.1536986020E-03
       17       26        1     0.3018866869E-03
       18       30        1     0.4245564930E-03
       19       32        1     0.5524663880E-03
       20       36        1     0.6832743082E-03
       21       40        1     0.8040878133E-03
       22       40        1     0.9157804215E-03
       23       44        1     0.1044920338E-02
       24       46        1     0.1156584619E-02
       25       50        1     0.1276171995E-02
       26       54        1     0.1401119881E-02
       27       86        2     0.1886388080E-02
       28       90        2     0.2092915155E-02
       29       92        2     0.2282139165E-02
       30       96        2     0.2513067865E-02
       31      646       11     0.1721952310E-03
       32      648       11     0.1898441488E-03
       33      654       11     0.2048431945E-03
       34      760       13     0.4296623230E-05
       35      764       13     0.6216908707E-05
       36      766       13     0.7767038613E-05
       37      768       13     0.9050242757E-05
       38      772       13     0.1026282440E-04
       39      774       13     0.1153902053E-04
       40      776       13     0.1243027853E-04
       41      780       13     0.1296417275E-04
       33       14        1     0.7029731596E-04
       19        6        1     0.1028180432E-04
       20       18        2     0.4151229948E-04
       21       22        2     0.7503471832E-04
       22       26        2     0.1062353318E-03
       23       30        2     0.1339890149E-03
       24       34        2     0.1624624182E-03
       25       38        2     0.1864421294E-03
       26       42        2     0.2091878140E-03
       27       42        2     0.2292616094E-03
       28       46        2     0.2492889852E-03
       29       46        2     0.2665526608E-03
       30       50        2     0.2891309576E-03
       31       52        2     0.3103637361E-03
       32       54        2     0.3266099359E-03
       33       60        2     0.3558278724E-03
       34       84        3     0.5354265286E-03
       35       88        3     0.6302100336E-03
       36       92        3     0.7062179576E-03
       37       94        3     0.7793773851E-03
       38       98        3     0.8432048667E-03
       39       98        3     0.9033156708E-03
       40      102        3     0.9691495896E-03
       41      104        3     0.1034277746E-02
       42      896       16     0.3815306135E-04
       43      900       16     0.4313476593E-04
       44      902       16     0.4552717863E-04
       20       12        2     0.2125233999E-06
       21       20        2     0.3615561551E-08
       22       28        2     0.2137521086E-08
       23       32        2     0.3339240771E-06
       24       38        2     0.2060435370E-05
       25       42        2     0.4893825237E-05
       26       42        2     0.9361906256E-05
       27       46        2     0.1449715064E-04
       28       48        2     0.1902525762E-04
       29       48        2     0.2944388947E-04
       30       52        2     0.3521164780E-04
       31       52        2     0.4166907249E-04
       32       56        2     0.5385555895E-04
       33       58        2     0.6473839332E-04
       34       60        2     0.7105911032E-04
       35       62        2     0.8527487650E-04
       36       66        2     0.9518904113E-04
       37       68        2     0.1010679315E-03
       38       72        2     0.1094687414E-03
       39       92        4     0.8215030958E-04
       40       98        4     0.4896098957E-04
       41       98        4     0.3502872381E-04
       42      102        4     0.2852275871E-04
       43      104        4     0.2312333743E-04
       44      106        4     0.2088312664E-04
       45      108        4     0.1694258493E-04
       46      110        4     0.1694169392E-04
       47      114        4     0.1564636742E-04
       48      116        4     0.1437925338E-04
       40        4        1     0.2411581627E-05
       41       12        1     0.1694229065E-04
       42       16        1     0.3869829558E-04
       18        4        1     0.5818375023E-06
       19       20        1     0.9683459418E-05
       20       28        1     0.1892005278E-04
       21       36        1     0.3257392094E-04
       22       40        1     0.4905648992E-04
       23       44        1     0.6309937785E-04
       24       48        1     0.8146402761E-04
       25       50        1     0.9817735285E-04
       26       52        1     0.1167668652E-03
       27       54        1     0.1452198879E-03
       28       58        1     0.1694661715E-03
       29       58        1     0.1915595126E-03
       30       60        1     0.2286477925E-03
       31       64        1     0.2512538702E-03
       32       64        1     0.2764118533E-03
       33       66        1     0.3044319859E-03
       34       68        1     0.3334473578E-03
       35       68        1     0.3571216421E-03
       36       70        1     0.3861207064E-03
       37       72        1     0.3989495367E-03
       38       72        1     0.4153733921E-03
       39       76        1     0.4423608390E-03
       40       76        1     0.4606623524E-03
       41       80        1     0.4668935027E-03
       42       82        1     0.4741951749E-03
       43      106        2     0.3428896497E-03
       44      110        2     0.3229672253E-03
       45      110        2     0.3093565798E-03
       46      114        2     0.2995800978E-03
       47      118        2     0.2934282146E-03
       40        4        1     0.3542036629E-05
       41       12        1     0.1938694274E-04
       42       16        1     0.3404132033E-04
       43       18        1     0.4732242546E-04
       44       22        1     0.6218700139E-04
       45       26        1     0.7851681710E-04
       18       12        1     0.6689791693E-06
       19       22        1     0.2668226682E-05
       20       32        1     0.5926417246E-05
       21       38        1     0.9413677435E-05
       22       42        1     0.1238809899E-04
       23       48        1     0.1299017441E-04
       24       48        1     0.1501696302E-04
       25       52        1     0.1467714037E-04
       26       56        1     0.1701835318E-04
       27       58        1     0.1908933723E-04
       28       60        1     0.2064369958E-04
       29       62        1     0.2310376352E-04
       30       62        1     0.2590115974E-04
       31       66        1     0.2846596028E-04
       32       66        1     0.3089258521E-04
       33       66        1     0.3292920673E-04
       34       70        1     0.3787772249E-04
       35       70        1     0.4038598858E-04
       36       70        1     0.4270878800E-04
       37       74        1     0.4680625043E-04
       38       74        1     0.4915881160E-04
       39       74        1     0.5141801403E-04
       40       78        1     0.5691504530E-04
       41       78        1     0.5980601178E-04
       42       82        1     0.6270715779E-04
       43       84        1     0.6528522549E-04
       40        4        1     0.6620350520E-05
       41       10        1     0.2517783558E-04
       42       16        1     0.4446349665E-04
       43       20        1     0.5800918820E-04
       44      110        2     0.1021193240E-03
       45      114        2     0.1164550068E-03
       46      144        3     0.1975748265E-03
       47      148        3     0.2210877246E-03
       20       16        2     0.1908258111E-05
       21       20        2     0.6219120013E-05
       22       28        2     0.1199891400E-04
       23       36        2     0.1816900847E-04
       24       40        2     0.2360020817E-04
       25       42        2     0.3396089017E-04
       26       46        2     0.4170347924E-04
       27       46        2     0.4894213475E-04
       28       50        2     0.5957720073E-04
       29       52        2     0.6857078452E-04
       30       54        2     0.7800120584E-04
       31       56        2     0.9126675517E-04
       32       58        2     0.1035191008E-03
       33       60        2     0.1113444145E-03
       34       62        2     0.1265655141E-03
       35       66        2     0.1375001400E-03
       36       66        2     0.1505107611E-03
       37       70        2     0.1631987788E-03
       38       70        2     0.1751448163E-03
       39       74        2     0.1855950032E-03
       40       76        2     0.1900547239E-03
       40       10        1     0.1832060515E-05
       41      102        3     0.1844331435E-03
       42      104        3     0.1852805091E-03
       43      106        3     0.1886122203E-03
       44      108        3     0.1916384680E-03
       45      110        3     0.1986559028E-03
       46      112        3     0.2055202928E-03
       47      116        3     0.2133369907E-03
       48      390        8     0.6774919504E-04
       49      518       12     0.3483263227E-04
       20       12        2     0.2013009363E-05
       21       18        2     0.4429638551E-05
       22       22        2     0.8493339880E-05
       23       28        2     0.1347844775E-04
       24       32        2     0.1811637721E-04
       25       36        2     0.2194123794E-04
       26       40        2     0.2697232510E-04
       27       40        2     0.3062503393E-04
       28       44        2     0.3243705073E-04
       29       48        2     0.3553729512E-04
       30       48        2     0.4013453146E-04
       31       52        2     0.4210833001E-04
       32       52        2     0.4441224057E-04
       33       56        2     0.4865990196E-04
       34       60        2     0.5192149455E-04
       35       62        2     0.5651762640E-04
       35       20        1     0.5426202089E-04
       36       88        3     0.1206020975E-03
       37       90        3     0.1506485211E-03
       38       94        3     0.1777039612E-03
       39       98        3     0.2033154514E-03
       40       98        3     0.2236836232E-03
       41      102        3     0.2513866527E-03
       42      104        3     0.2727430413E-03
       43      106        3     0.2945650547E-03
       44      108        3     0.3248385100E-03
       45      112        3     0.3504400227E-03
       17        8        1     0.2212212326E-04
       18       20        2     0.6504198579E-04
       19       26        2     0.1293120179E-03
       20       30        2     0.1946532906E-03
       21       32        2     0.2586119894E-03
       22       36        2     0.3233047782E-03
       23       40        2     0.3865577610E-03
       24       42        2     0.4469442024E-03
       25       44        2     0.5067104542E-03
       26       46        2     0.5597596109E-03
       27       50        2     0.6240719103E-03
       26        4        1     0.1169744154E-04
       27       14        1     0.1700211956E-03
       28       80        3     0.9829153020E-03
       29       84        3     0.1209831797E-02
       30       86        3     0.1393267309E-02
       31       90        3     0.1586809713E-02
       32       92        3     0.1758446347E-02
       33       94        3     0.1929755657E-02
       34       98        3     0.2128616825E-02
       11        6        1     0.2851915013E-04
       12       16        1     0.1145588207E-03
       13       26        1     0.2406362667E-03
       14       32        1     0.3815224784E-03
       15       34        1     0.5037195444E-03
       16       38        1     0.6466273373E-03
       17       42        1     0.7655623180E-03
       18       44        1     0.8776091586E-03
       19       46        1     0.1009527136E-02
       20       48        1     0.1128809530E-02
       21       54        1     0.1261390612E-02
       18       10        1     0.1014288487E-03
       19       16        1     0.2101329450E-03
       20       20        1     0.3364183276E-03
       21       26        1     0.4578690592E-03
       22       90        2     0.1991294870E-02
       23       94        2     0.2265695480E-02
        5       12        1     0.6498891607E-04
        6       20        1     0.1439796359E-03
        7       24        1     0.2290471171E-03
        8       34        1     0.3044368229E-03
        9       38        1     0.3790272341E-03
       10       42        1     0.4527065287E-03
       11       46        1     0.5285974333E-03
       12       48        1     0.6132930223E-03
       13       50        1     0.6975534083E-03
       14       56        1     0.8054980828E-03
       15       58        1     0.9027786723E-03
       16       60        1     0.1018011294E-02
       17       64        1     0.1123674372E-02
       18       68        1     0.1245642633E-02
       14        8        1     0.8013007811E-04
       15       14        1     0.1906738813E-03
       16       18        1     0.2835744068E-03
       17       24        1     0.3903120587E-03
       18       30        1     0.4940890545E-03
        1        8        1     0.5205229296E-06
        2       14        1     0.8682013960E-06
        3       18        1     0.8318011928E-06
        4       26        1     0.1116467628E-05
        5       30        1     0.1250217357E-05
        6       36        1     0.6008186788E-06
        7       40        1     0.2324077777E-06
        8       44        1     0.5798306898E-08
        9       50        1     0.2130532173E-07
       10       54        1     0.2995938893E-08
       11       58        1     0.5119559476E-08
       12       62        1     0.2130916727E-07
       13       64        1     0.2541071149E-07
       14       68        1     0.6443062316E-07
       15       70        1     0.6065939946E-07
       16       72        1     0.6707222184E-07
       11        6        1     0.8535673166E-05
       12       10        1     0.2812407565E-04
       13       16        1     0.4694919965E-04
       14       20        1     0.6454362798E-04
       15       22        1     0.7928071727E-04
       16       26        1     0.9438214522E-04
       17      112        2     0.2417193657E-04
        3       12        1     0.4881488019E-04
        4       18        1     0.9881559406E-04
        5       26        1     0.1532997763E-03
        6       30        1     0.2044928065E-03
        7       36        1     0.2697981126E-03
        8       42        1     0.3227029490E-03
        9       46        1     0.3812228683E-03
       10       50        1     0.4337837285E-03
       11       54        1     0.5070447295E-03
       12       58        1     0.5690815259E-03
       13       62        1     0.6414878733E-03
       14       64        1     0.7088526214E-03
       15       66        1     0.7935539614E-03
       16       70        1     0.8711920463E-03
       17       74        1     0.9586105225E-03
       18      192        3     0.6192880982E-03
       19      304        5     0.1038720195E-04
       20      310        5     0.1570099316E-04
       16        8        1     0.2652166286E-06
       17       14        1     0.9958982852E-06
       18       18        1     0.1783726894E-05
       19       22        1     0.2637336236E-05
       20       28        1     0.3693786303E-05
        8        6        1     0.2429221668E-04
        9       16        1     0.1567350874E-03
       10       30        1     0.3619580509E-03
       11       34        1     0.5395849953E-03
       12       36        1     0.6958321080E-03
       13       40        1     0.8650701293E-03
       14       42        1     0.1009607775E-02
       15       44        1     0.1160753749E-02
       16       48        1     0.1333800229E-02
       17       50        1     0.1495706390E-02
       18       54        1     0.1671883189E-02
       19       58        1     0.1855321827E-02
       20       62        1     0.2033163577E-02
       21      410        7     0.2073863066E-03
       22      414        7     0.2170162773E-03
       23      420        7     0.2213260037E-03
       24      522        9     0.2904318989E-04
       25      526        9     0.4357811737E-04
       26      528        9     0.5421884670E-04
       27      532        9     0.6577896165E-04
       28      534        9     0.7415732208E-04
       29      538        9     0.8256931737E-04
       24       16        1     0.1637525965E-03
       25       22        1     0.3059444947E-03
       14        6        1     0.1765500874E-04
       15       14        1     0.1062569217E-03
       16       24        1     0.2283774793E-03
       17       28        1     0.3430227156E-03
       18       32        1     0.4571024843E-03
       19       36        1     0.5710552774E-03
       20       38        1     0.6677817081E-03
       21       40        1     0.7800897155E-03
       22       44        1     0.8958896052E-03
       23       44        1     0.9921506512E-03
       24       48        1     0.1113416297E-02
       25       52        1     0.1223097538E-02
       26       86        2     0.1830268411E-02
       27       88        2     0.2077550642E-02
       28       92        2     0.2303385327E-02
       29       96        2     0.2565296073E-02
       30      644       11     0.7887560367E-04
       31      644       11     0.9018660606E-04
       32      648       11     0.1008990209E-03
       33      652       11     0.1077195340E-03
       34      656       11     0.1141459291E-03
       35      764       14     0.2231183623E-04
       36      766       14     0.2858849457E-04
       37      770       14     0.3397972569E-04
       38      772       14     0.3866722614E-04
       39      774       14     0.4264222816E-04
       40      778       14     0.4585075359E-04
       32       12        1     0.4870232301E-04
       19        2        0     0.1240766015E-05
       19       10        1     0.2058669707E-04
       20       20        2     0.5958746482E-04
       21       24        2     0.8927832147E-04
       22       30        2     0.1220558779E-03
       23       34        2     0.1511852209E-03
       24       36        2     0.1776912306E-03
       25       38        2     0.1985333306E-03
       26       42        2     0.2237472254E-03
       27       44        2     0.2453055126E-03
       28       46        2     0.2629590575E-03
       29       48        2     0.2920255588E-03
       30       52        2     0.3088227198E-03
       31       52        2     0.3336942839E-03
       32       56        2     0.3654051079E-03
       33       84        3     0.5639427956E-03
       34       86        3     0.6871124133E-03
       35       90        3     0.7839905739E-03
       36       94        3     0.8780155389E-03
       37       96        3     0.9533681076E-03
       38       98        3     0.1026932810E-02
       39      100        3     0.1112969979E-02
       40      104        3     0.1186764755E-02
       41      890       17     0.1451465782E-04
       42      894       17     0.1695655825E-04
       43      898       17     0.1819569781E-04
       44      900       17     0.1904885053E-04
       45      904       17     0.1915389020E-04
       46     1024       20     0.2012672964E-05
       47     1024       20     0.2732358703E-05
       48     1028       20     0.3322100424E-05
       20       12        2     0.2057054403E-07
       21       18        2     0.1502709687E-07
       22       26        2     0.2264124320E-06
       23       30        2     0.1577997706E-05
       24       36        2     0.4495582974E-05
       25       40        2     0.8525244778E-05
       26       42        2     0.1491316981E-04
       27       44        2     0.2063272272E-04
       28       46        2     0.2866266812E-04
       29       50        2     0.3626843538E-04
       30       50        2     0.4570712282E-04
       31       52        2     0.5628486910E-04
       32       54        2     0.6265831127E-04
       33       56        2     0.7945760080E-04
       34       60        2     0.8778793057E-04
       35       60        2     0.9629685747E-04
       36       64        2     0.1118126626E-03
       37       68        2     0.1176140389E-03
       38       80        3     0.1078662935E-03
       39       94        3     0.5600768848E-04
       40       96        3     0.3760824374E-04
       41      100        3     0.2704255879E-04
       42      102        3     0.2015253865E-04
       43      104        3     0.1794712096E-04
       44      106        3     0.1434209931E-04
       45      108        3     0.1210844545E-04
       46      112        3     0.1021633250E-04
       47      112        3     0.9709168608E-05
       48      116        3     0.7883149981E-05
       49     1156       23     0.6710146849E-05
       40        8        1     0.1185882898E-04
       41       14        1     0.3529534391E-04
       19       18        1     0.1326260031E-04
       20       26        1     0.2840920605E-04
       21       34        1     0.4768675920E-04
       22       38        1     0.6841668136E-04
       23       42        1     0.9474433387E-04
       24       46        1     0.1184499487E-03
       25       50        1     0.1478528046E-03
       26       50        1     0.1720822625E-03
       27       52        1     0.2028366904E-03
       28       56        1     0.2417648850E-03
       29       58        1     0.2788096764E-03
       30       60        1     0.3098935164E-03
       31       62        1     0.3559990398E-03
       32       64        1     0.3943730072E-03
       33       66        1     0.4298295600E-03
       34       68        1     0.4664185865E-03
       35       68        1     0.5080876477E-03
       36       70        1     0.5358920977E-03
       37       72        1     0.5663137277E-03
       38       72        1     0.5936429125E-03
       39       76        1     0.6173304461E-03
       40       78        1     0.6445064668E-03
       41       78        1     0.6568367451E-03
       42      106        2     0.5136045775E-03
       43      106        2     0.4796678556E-03
       44      108        2     0.4524628308E-03
       45      110        2     0.4401275135E-03
       46      114        2     0.4265698867E-03
       47      116        2     0.4155815311E-03
       40        8        1     0.1514488750E-04
       41       12        1     0.3644320866E-04
       42       16        1     0.5706128895E-04
       43       20        1     0.7537583686E-04
       44       22        1     0.1005670057E-03
       18       14        1     0.5910442930E-07
       19       24        1     0.9699365766E-06
       20       32        1     0.2456712875E-05
       21       38        1     0.3984689237E-05
       22       42        1     0.5094333198E-05
       23       46        1     0.5730022880E-05
       24       50        1     0.5966126598E-05
       25       52        1     0.5018988498E-05
       26       54        1     0.6030084965E-05
       27       58        1     0.6137318928E-05
       28       58        1     0.6479858554E-05
       29       62        1     0.7140476655E-05
       30       62        1     0.7464992600E-05
       31       66        1     0.8493409052E-05
       32       66        1     0.8766524487E-05
       33       68        1     0.1054193659E-04
       34       70        1     0.1163009564E-04
       35       70        1     0.1199093864E-04
       36       72        1     0.1335941047E-04
       37       74        1     0.1433620464E-04
       38       74        1     0.1486572498E-04
       39       76        1     0.1728625597E-04
       40       78        1     0.1866729981E-04
       41       78        1     0.1957102775E-04
       42       82        1     0.2150766805E-04
       43       82        1     0.2267537711E-04
       40        8        1     0.2096894753E-04
       41       12        1     0.4311645249E-04
       42       16        1     0.7301008928E-04
       43       22        1     0.9603796688E-04
       44      112        2     0.6331825987E-04
       45      144        3     0.1391283171E-03
       46      146        3     0.1653932926E-03
       47      150        3     0.1891028423E-03
       20       16        2     0.7512073454E-05
       21       22        2     0.1775863084E-04
       22       30        2     0.3244646357E-04
       23       38        2     0.4632231608E-04
       24       42        2     0.6077277726E-04
       25       44        2     0.7299519361E-04
       26       46        2     0.8540488586E-04
       27       48        2     0.1026728860E-03
       28       50        2     0.1152314606E-03
       29       52        2     0.1308500867E-03
       30       56        2     0.1469408947E-03
       31       56        2     0.1638620241E-03
       32       58        2     0.1822408774E-03
       33       62        2     0.1990464655E-03
       34       62        2     0.2162737147E-03
       35       66        2     0.2353143827E-03
       36       68        2     0.2520768815E-03
       37       68        2     0.2760670903E-03
       38       72        2     0.2886684529E-03
       39       74        2     0.3037391730E-03
       40       78        2     0.3143549977E-03
       40       10        1     0.5039537302E-05
       41      102        3     0.3283905368E-03
       42      104        3     0.3340157111E-03
       43      106        3     0.3451528801E-03
       44      108        3     0.3515687023E-03
       45      110        3     0.3666539307E-03
       46      114        3     0.3773838923E-03
       47      118        3     0.3901205162E-03
       48      390        8     0.7518525800E-04
       49      396        8     0.8701255587E-04
       20       12        2     0.1278780736E-06
       21       16        2     0.1025953991E-06
       22       22        2     0.4414773849E-06
       23       28        2     0.7275267871E-06
       24       32        2     0.9804241171E-06
       25       36        2     0.1174859374E-05
       26       40        2     0.1547403191E-05
       27       42        2     0.1540090576E-05
       28       44        2     0.1655138887E-05
       29       46        2     0.1458484792E-05
       30       48        2     0.2241981909E-05
       31       50        2     0.1834494538E-05
       32       54        2     0.2099310558E-05
       33       56        2     0.2242249032E-05
       34       58        2     0.2397652692E-05
       35       60        2     0.2773537643E-05
       35        8        2     0.6166135213E-05
       36       86        4     0.1996558582E-04
       37       92        4     0.3560956019E-04
       38       92        4     0.4719005345E-04
       39       96        4     0.6257521987E-04
       40       98        4     0.7632259099E-04
       41      100        4     0.8491255144E-04
       42      102        4     0.1012366301E-03
       43      106        4     0.1127934091E-03
       44      108        4     0.1253803807E-03
       45      110        4     0.1401565762E-03
       46      114        4     0.1555773547E-03
       17        6        1     0.7653371767E-05
       18       14        1     0.2591750885E-04
       19       22        2     0.5630529601E-04
       20       26        2     0.8704883950E-04
       21       30        2     0.1279631922E-03
       22       34        2     0.1631510199E-03
       23       36        2     0.1976021349E-03
       24       40        2     0.2343813305E-03
       25       42        2     0.2687237237E-03
       26       46        2     0.3042767753E-03
       27       48        2     0.3396370568E-03
       28       52        2     0.3857581100E-03
       27        2        0     0.3185643414E-05
       28       16        1     0.2186909535E-03
       29       82        3     0.7617642763E-03
       30       84        3     0.9683725272E-03
       31       88        3     0.1149716294E-02
       32       90        3     0.1315557596E-02
       33       92        3     0.1489543514E-02
       34       96        3     0.1652433414E-02
       35       98        3     0.1829004888E-02
       12       12        1     0.4724071886E-04
       13       20        1     0.1265591595E-03
       14       30        1     0.2309472692E-03
       15       34        1     0.3377768544E-03
       16       36        1     0.4311829104E-03
       17       38        1     0.5423199876E-03
       18       42        1     0.6394812104E-03
       19       44        1     0.7374306936E-03
       20       48        1     0.8488804805E-03
       21       50        1     0.9563253164E-03
       22       54        1     0.1072158074E-02
       18        2        0     0.6396378662E-05
       19       10        1     0.1556813144E-03
       20       16        1     0.3105619932E-03
       21       22        1     0.4882764225E-03
       22       26        1     0.6532888899E-03
       23       90        2     0.1980092031E-02
       24       94        2     0.2282994331E-02
        6       16        1     0.1000294891E-03
        7       22        1     0.1772245105E-03
        8       30        1     0.2612812903E-03
        9       36        1     0.3233403406E-03
       10       40        1     0.4040388175E-03
       11       44        1     0.4838078940E-03
       12       48        1     0.5664458890E-03
       13       50        1     0.6565358983E-03
       14       52        1     0.7451039009E-03
       15       54        1     0.8561359837E-03
       16       58        1     0.9573608030E-03
       17       62        1     0.1080224715E-02
       18       66        1     0.1190669202E-02
       15       10        1     0.8779206517E-04
       16       16        1     0.1863592809E-03
       17       20        1     0.2711217076E-03
       18       26        1     0.3724456938E-03
        1        6        1     0.1165808880E-05
        2       14        1     0.3029114867E-05
        3       18        1     0.4060391222E-05
        4       24        1     0.5160518945E-05
        5       32        1     0.5547343396E-05
        6       36        1     0.4897449225E-05
        7       42        1     0.3947311951E-05
        8       46        1     0.3476616202E-05
        9       50        1     0.3350782128E-05
       10       54        1     0.3321867296E-05
       11       58        1     0.3667534848E-05
       12       62        1     0.3790814483E-05
       13       64        1     0.4599910546E-05
       14       68        1     0.4287113402E-05
       15       70        1     0.4161904562E-05
       16       74        1     0.4844957805E-05
       11        8        1     0.5742217087E-05
       12       12        1     0.1292624318E-04
       13       16        1     0.1991682943E-04
       14       20        1     0.2580349154E-04
       15       24        1     0.3147396651E-04
       16       28        1     0.3567387821E-04
        2        8        1     0.1219306721E-04
        3       16        1     0.4976597304E-04
        4       22        1     0.8539417604E-04
        5       28        1     0.1147145182E-03
        6       34        1     0.1511341778E-03
        7       38        1     0.1893003383E-03
        8       42        1     0.2313118748E-03
        9       48        1     0.2638424693E-03
       10       52        1     0.3038139242E-03
       11       54        1     0.3408594426E-03
       12       58        1     0.3849953296E-03
       13       62        1     0.4280053366E-03
       14       64        1     0.4852168187E-03
       15       68        1     0.5324806648E-03
       16       72        1     0.5854296040E-03
       17      190        3     0.2943927044E-03
       18      194        3     0.3156128649E-03
       19      304        5     0.5743275575E-04
       16        8        1     0.6664773529E-06
       17       14        1     0.1110177153E-05
       18       18        1     0.1800811985E-05
       19       24        1     0.3329464195E-05
        8       14        1     0.1049263922E-03
        9       28        1     0.2607644086E-03
       10       34        1     0.4103467894E-03
       11       36        1     0.5371684494E-03
       12       38        1     0.6854363792E-03
       13       42        1     0.8138588129E-03
       14       44        1     0.9375528204E-03
       15       46        1     0.1094391013E-02
       16       50        1     0.1239600271E-02
       17       54        1     0.1402265063E-02
       18       56        1     0.1563052720E-02
       19       60        1     0.1734564334E-02
       20      408        7     0.9426308436E-04
       21      412        7     0.9720586673E-04
       22      414        7     0.9822821871E-04
       23      418        7     0.9945610405E-04
       24      424        7     0.9817430325E-04
       25      526        9     0.1002449825E-03
       26      528        9     0.1289527811E-03
       27      532        9     0.1509219164E-03
       28      538        9     0.1692094261E-03
       23       14        1     0.2046506405E-03
       24       20        1     0.4004868607E-03
       14       10        1     0.5064872811E-04
       15       22        1     0.1491675649E-03
       16       28        1     0.2491164231E-03
       17       32        1     0.3409877944E-03
       18       36        1     0.4335925362E-03
       19       36        1     0.5146337253E-03
       20       40        1     0.6128722627E-03
       21       44        1     0.7093722229E-03
       22       44        1     0.7981525015E-03
       23       48        1     0.9055514909E-03
       24       50        1     0.1001490733E-02
       25       84        2     0.1689249890E-02
       26       88        2     0.1984442898E-02
       27       92        2     0.2249803046E-02
       28       96        2     0.2533462824E-02
       29      640       11     0.2497360712E-04
       30      642       11     0.2909699830E-04
       31      646       11     0.3344387855E-04
       32      648       11     0.3663400880E-04
       33      652       11     0.3976280050E-04
       34      654       11     0.4185639989E-04
       35      658       11     0.4374223883E-04
       36      768       14     0.5499852027E-04
       37      770       14     0.6660434611E-04
       38      772       14     0.7675649890E-04
       39      776       14     0.8354082191E-04
       31       10        1     0.3926843419E-04
       18        4        1     0.7369241859E-05
       19       16        2     0.3153152714E-04
       20       22        2     0.5976407238E-04
       21       26        2     0.8658589995E-04
       22       30        2     0.1118697220E-03
       23       34        2     0.1365324391E-03
       24       38        2     0.1585238538E-03
       25       40        2     0.1813327439E-03
       26       42        2     0.1988403959E-03
       27       44        2     0.2194239611E-03
       28       48        2     0.2431109663E-03
       29       48        2     0.2660771507E-03
       30       52        2     0.2891631688E-03
       31       54        2     0.3226010953E-03
       32       82        3     0.5307639575E-03
       33       86        3     0.6821770465E-03
       34       88        3     0.7991234454E-03
       35       92        3     0.9078124931E-03
       36       92        3     0.1005206633E-02
       37       96        3     0.1093144538E-02
       38      100        3     0.1192794758E-02
       39      102        3     0.1286960128E-02
       40      888       17     0.3606277905E-05
       41      890       17     0.4393126353E-05
       42      894       17     0.4950230293E-05
       43      896       17     0.5366709844E-05
       44      898       17     0.5396632276E-05
       45      902       17     0.5411597845E-05
       46      906       17     0.5162669746E-05
       47     1026       21     0.2859656378E-05
       48     1028       21     0.3595824587E-05
       20       12        2     0.1383430842E-06
       21       18        2     0.5706830486E-06
       22       26        2     0.1576808265E-05
       23       30        2     0.4553693258E-05
       24       34        2     0.8351833554E-05
       25       38        2     0.1370726774E-04
       26       40        2     0.1972109246E-04
       27       44        2     0.2874535873E-04
       28       44        2     0.3563479237E-04
       29       48        2     0.4339242195E-04
       30       50        2     0.5324958691E-04
       31       52        2     0.6272544666E-04
       32       54        2     0.7299052323E-04
       33       58        2     0.8282548870E-04
       34       58        2     0.9224777129E-04
       35       62        2     0.1017466978E-03
       36       66        2     0.1058730933E-03
       37       68        2     0.1161529283E-03
       38       92        3     0.5808810574E-04
       39       94        3     0.3534750564E-04
       40       98        3     0.2560074478E-04
       41       98        3     0.1902978596E-04
       42      102        3     0.1473303941E-04
       43      104        3     0.1148476727E-04
       44      106        3     0.9216958621E-05
       45      110        3     0.7245271606E-05
       46      110        3     0.6041615043E-05
       47      114        3     0.4511601073E-05
       48      118        3     0.3291334781E-05
       49     1156       24     0.5483631095E-05
       40       10        1     0.1013874369E-04
       41       16        1     0.2420750967E-04
       19       18        1     0.1386166786E-04
       20       24        1     0.3561791691E-04
       21       30        1     0.6058653326E-04
       22       38        1     0.9104664874E-04
       23       42        1     0.1229999462E-03
       24       46        1     0.1514039876E-03
       25       48        1     0.1799977789E-03
       26       50        1     0.2170615382E-03
       27       52        1     0.2486456468E-03
       28       54        1     0.2832855075E-03
       29       56        1     0.3294043183E-03
       30       60        1     0.3712330736E-03
       31       60        1     0.4056918656E-03
       32       62        1     0.4603897202E-03
       33       66        1     0.5036752492E-03
       34       66        1     0.5426734116E-03
       35       68        1     0.5880927458E-03
       36       70        1     0.6262337941E-03
       37       70        1     0.6574787785E-03
       38       74        1     0.6941345381E-03
       39       74        1     0.7213135838E-03
       40       78        1     0.7462086199E-03
       41       80        1     0.7664054254E-03
       42      104        2     0.6203779939E-03
       43      106        2     0.6045807782E-03
       44      108        2     0.5821515803E-03
       45      112        2     0.5719758950E-03
       46      112        2     0.5640724227E-03
       39        2        1     0.1909227134E-05
       40       12        1     0.1572385372E-04
       41       16        1     0.2660577458E-04
       42       18        1     0.3708445969E-04
       43       22        1     0.4999984386E-04
       18       14        1     0.2753482111E-07
       19       24        1     0.1791375204E-06
       20       32        1     0.5824657706E-06
       21       38        1     0.9879048275E-06
       22       42        1     0.1253394607E-05
       23       46        1     0.1458660277E-05
       24       50        1     0.1429464597E-05
       25       52        1     0.1778759982E-05
       26       54        1     0.1194026136E-05
       27       58        1     0.1172780771E-05
       28       60        1     0.1496825189E-05
       29       62        1     0.1401340708E-05
       30       64        1     0.1482832399E-05
       31       64        1     0.1625067410E-05
       32       66        1     0.1484428513E-05
       33       68        1     0.2115188008E-05
       34       68        1     0.2421598267E-05
       35       72        1     0.2303829245E-05
       36       72        1     0.2635619101E-05
       37       72        1     0.2830014365E-05
       38       76        1     0.2974371898E-05
       39       76        1     0.3722305256E-05
       40       78        1     0.4030776372E-05
       41       80        1     0.4400093209E-05
       42       82        1     0.4829453970E-05
       43       84        1     0.5521445032E-05
       39        4        1     0.2546821131E-05
       40       10        1     0.1375159911E-04
       41       14        1     0.2828383912E-04
       42       18        1     0.4278007200E-04
       43       22        1     0.5477847370E-04
       44      138        3     0.4868566578E-04
       45      144        3     0.6314686999E-04
       46      146        3     0.7428988229E-04
       20       18        2     0.1742468784E-04
       21       24        2     0.3891817652E-04
       22       32        2     0.6227299476E-04
       23       40        2     0.8318142572E-04
       24       42        2     0.1061279843E-03
       25       44        2     0.1272444113E-03
       26       48        2     0.1475733637E-03
       27       48        2     0.1725960637E-03
       28       52        2     0.1943087496E-03
       29       52        2     0.2136072289E-03
       30       56        2     0.2432192961E-03
       31       58        2     0.2684019823E-03
       32       60        2     0.2929804502E-03
       33       62        2     0.3220085449E-03
       34       64        2     0.3492509911E-03
       35       64        2     0.3728098783E-03
       36       68        2     0.4059538848E-03
       37       68        2     0.4311496725E-03
       38       72        2     0.4536817961E-03
       39       74        2     0.4722087972E-03
       40       78        2     0.4997389187E-03
       39        2        1     0.2143106560E-06
       40       12        1     0.3054233128E-05
       41      102        3     0.5016385296E-03
       42      104        3     0.5103361769E-03
       43      106        3     0.5187756405E-03
       44      110        3     0.5309401630E-03
       45      110        3     0.5409250146E-03
       46      114        3     0.5508390054E-03
       47      388        8     0.3214958547E-04
       48      392        8     0.3841851957E-04
       49      396        8     0.4441289103E-04
       20       12        2     0.1670752328E-06
       21       16        2     0.5533167401E-06
       22       22        2     0.7104563694E-06
       23       28        2     0.1472622229E-05
       24       32        2     0.2265615915E-05
       25       36        2     0.3107389448E-05
       26       40        2     0.3838464747E-05
       27       42        2     0.5143356347E-05
       28       44        2     0.5842059120E-05
       29       46        2     0.7283997565E-05
       30       50        2     0.8261169728E-05
       31       50        2     0.9257529371E-05
       32       54        2     0.1029186566E-04
       33       54        2     0.1092761477E-04
       34       58        2     0.1197619011E-04
       35       62        2     0.1253377726E-04
       36       84        3     0.2670756785E-05
       37       90        3     0.2330888173E-07
       38       92        3     0.1859596888E-05
       39       96        3     0.4881520177E-05
       40       98        3     0.9235764381E-05
       41      100        3     0.1285123659E-04
       42      102        3     0.1608319238E-04
       43      104        3     0.2288470301E-04
       44      108        3     0.2660092289E-04
       45      108        3     0.3150661562E-04
       46      112        3     0.3836408184E-04
       17        4        1     0.2476685546E-05
       18        8        1     0.1378142402E-04
       19       20        1     0.2975295693E-04
       20       26        1     0.5079874146E-04
       21       30        1     0.7425270677E-04
       22       32        1     0.9763945252E-04
       23       36        1     0.1198865338E-03
       24       40        1     0.1411418244E-03
       25       42        1     0.1633404432E-03
       26       46        1     0.1852521765E-03
       27       46        1     0.2079307117E-03
       28       50        1     0.2415587892E-03
       29       52        1     0.2731522195E-03
       29       16        1     0.2141626805E-03
       30       82        2     0.6202534893E-03
       31       84        2     0.8020412004E-03
       32       88        2     0.9630682762E-03
       33       90        2     0.1105310913E-02
       34       92        2     0.1264262857E-02
       35       96        2     0.1407421998E-02
       36      100        2     0.1556577099E-02
       12        4        1     0.6412245157E-05
       13       14        1     0.6389719122E-04
       14       26        1     0.1481717854E-03
       15       30        1     0.2341453157E-03
       16       34        1     0.3153348641E-03
       17       36        1     0.3928837039E-03
       18       40        1     0.4887391978E-03
       19       42        1     0.5681609277E-03
       20       44        1     0.6564997837E-03
       21       48        1     0.7566333860E-03
       22       50        1     0.8569361024E-03
       20       10        1     0.1770567894E-03
       21       18        1     0.3736030544E-03
       22       22        1     0.5847663149E-03
       23       86        2     0.1665004741E-02
       24       90        2     0.1973094653E-02
       25       94        2     0.2275205837E-02
        6       12        2     0.3900506156E-04
        7       20        2     0.1448364089E-03
        8       26        2     0.2257995278E-03
        9       34        2     0.3001919084E-03
       10       38        2     0.3752787863E-03
       11       42        2     0.4670190759E-03
       12       44        2     0.5558197115E-03
       13       48        2     0.6499223388E-03
       14       50        2     0.7492475831E-03
       15       52        2     0.8496766448E-03
       16       56        2     0.9717723175E-03
       17       58        2     0.1082269179E-02
       18       62        2     0.1216081358E-02
       19       68        2     0.1336513865E-02
       15        4        1     0.1506005615E-04
       16       14        1     0.7250480123E-04
       17       18        1     0.1328130028E-03
       18       22        1     0.1922926487E-03
       19       28        1     0.2569759467E-03
        1        4        1     0.9882553174E-06
        2       14        1     0.7466724470E-05
        3       18        1     0.1241562684E-04
        4       24        1     0.1701536310E-04
        5       30        1     0.1865463669E-04
        6       36        1     0.2040648532E-04
        7       40        1     0.2179822548E-04
        8       44        1     0.2510677658E-04
        9       50        1     0.2686834922E-04
       10       54        1     0.3000931875E-04
       11       58        1     0.3253994899E-04
       12       62        1     0.3565278788E-04
       13       66        1     0.3974679668E-04
       14       66        1     0.4199198539E-04
       15       70        1     0.4521333219E-04
       16       74        1     0.4837821721E-04
       11        8        1     0.1332981305E-05
       12       12        1     0.2340275227E-05
       13       16        1     0.3708740354E-05
       14       20        1     0.4492642126E-05
       15       24        1     0.5658271270E-05
       16       28        1     0.6099699658E-05
        2       10        1     0.1574147159E-04
        3       16        1     0.3408278826E-04
        4       22        1     0.5273185444E-04
        5       30        1     0.6573194582E-04
        6       36        1     0.8513084525E-04
        7       40        1     0.1065607252E-03
        8       44        1     0.1259665677E-03
        9       50        1     0.1454499132E-03
       10       52        1     0.1602355779E-03
       11       56        1     0.1813311408E-03
       12       60        1     0.1994470906E-03
       13       64        1     0.2260095239E-03
       14       66        1     0.2497944013E-03
       15       70        1     0.2714583730E-03
       16       72        1     0.2944026313E-03
       17      188        3     0.6166752389E-04
       18      192        3     0.6626671818E-04
       19      198        3     0.6851417019E-04
       16        8        1     0.6076041481E-05
       17       14        1     0.1309902079E-04
       18       20        1     0.2334291716E-04
       19       24        1     0.3489135326E-04
        7       14        1     0.4747314336E-04
        8       20        1     0.1714611327E-03
        9       30        1     0.2920332952E-03
       10       34        1     0.3943526337E-03
       11       38        1     0.5120045667E-03
       12       42        1     0.6170799210E-03
       13       42        1     0.7128378946E-03
       14       46        1     0.8511315317E-03
       15       50        1     0.9728741091E-03
       16       52        1     0.1112671208E-02
       17       56        1     0.1248905023E-02
       18       60        1     0.1398967820E-02
       19       64        1     0.1542856160E-02
       20      410        8     0.1875408682E-04
       21      412        8     0.1864984912E-04
       22      414        8     0.1913110168E-04
       23      418        8     0.1892011806E-04
       24      422        8     0.1877997647E-04
       25      424        8     0.1704408701E-04
       26      528       10     0.2260964152E-03
       27      534       10     0.2632284997E-03
       21        4        1     0.3137935973E-04
       22       14        1     0.2508116378E-03
       23       18        1     0.4696088969E-03
       13        8        1     0.2071020665E-04
       14       18        1     0.8621814152E-04
       15       26        1     0.1716452540E-03
       16       30        1     0.2475799686E-03
       17       34        1     0.3286534644E-03
       18       36        1     0.4085771365E-03
       19       40        1     0.4919833600E-03
       20       42        1     0.5734025444E-03
       21       44        1     0.6609268866E-03
       22       48        1     0.7558329107E-03
       23       50        1     0.8455391388E-03
       24       82        2     0.1552689863E-02
       25       86        2     0.1882478637E-02
       26       92        2     0.2176006447E-02
       27       98        2     0.2470183733E-02
       28      638       12     0.3260293201E-05
       29      638       12     0.4295742079E-05
       30      642       12     0.4865546234E-05
       31      646       12     0.5446950592E-05
       32      650       12     0.6066598861E-05
       33      650       12     0.6477222554E-05
       34      654       12     0.6930971943E-05
       35      658       12     0.7334142561E-05
       36      662       12     0.7512747388E-05
       37      770       14     0.1002313664E-03
       38      774       14     0.1160732976E-03
       30        8        1     0.3962385453E-04
       18        6        1     0.1071689785E-04
       19       18        2     0.3060212053E-04
       20       22        2     0.4837308760E-04
       21       26        2     0.7071458599E-04
       22       32        2     0.9101683009E-04
       23       36        2     0.1119723745E-03
       24       38        2     0.1294831406E-03
       25       40        2     0.1495580421E-03
       26       44        2     0.1675482781E-03
       27       44        2     0.1830335572E-03
       28       48        2     0.2100820644E-03
       29       50        2     0.2345476788E-03
       30       54        2     0.2656801693E-03
       31       80        3     0.4805227975E-03
       32       84        3     0.6582524478E-03
       33       88        3     0.7945891218E-03
       34       90        3     0.9216070339E-03
       35       92        3     0.1033378497E-02
       36       94        3     0.1146226627E-02
       37       98        3     0.1261871422E-02
       38      102        3     0.1371467985E-02
       39      884       17     0.3387097074E-06
       40      888       17     0.5302840031E-06
       41      892       17     0.6247789496E-06
       42      892       17     0.6917301369E-06
       43      896       17     0.7342732114E-06
       44      898       17     0.7494630748E-06
       45      900       17     0.7306732420E-06
       46      904       17     0.7124110410E-06
       47     1026       20     0.1306028708E-05
       48     1032       20     0.1935074869E-05
       20       14        2     0.4859396484E-06
       21       18        2     0.1318881130E-05
       22       24        2     0.2500008185E-05
       23       28        2     0.5670922235E-05
       24       34        2     0.1020310119E-04
       25       38        2     0.1500140691E-04
       26       40        2     0.2040051317E-04
       27       42        2     0.2407772829E-04
       28       44        2     0.3355808460E-04
       29       48        2     0.3820242899E-04
       30       48        2     0.4358224836E-04
       31       52        2     0.5194962808E-04
       32       52        2     0.5862503593E-04
       33       56        2     0.6359500138E-04
       34       58        2     0.7206617766E-04
       35       60        2     0.7714517072E-04
       36       64        2     0.8077738014E-04
       37       88        3     0.4588328003E-04
       38       92        3     0.2420914555E-04
       39       96        3     0.1460218606E-04
       40       96        3     0.8403973436E-05
       41      100        3     0.5849047309E-05
       42      100        3     0.4143041577E-05
       43      104        3     0.1954248408E-05
       44      106        3     0.8367471425E-06
       45      108        3     0.6140340141E-06
       46      112        3     0.1165229684E-06
       47      114        3     0.3297895726E-08
       48      118        3     0.1878044287E-06
       49     1156       23     0.1449711450E-05
       39        4        1     0.3198723820E-06
       40       12        1     0.1921645412E-05
       41       18        1     0.3909847937E-05
       19       10        1     0.7723286238E-05
       20       20        2     0.3480504576E-04
       21       28        2     0.6280723967E-04
       22       36        2     0.9367668112E-04
       23       40        2     0.1231861152E-03
       24       44        2     0.1574907885E-03
       25       46        2     0.1873101598E-03
       26       48        2     0.2144749293E-03
       27       50        2     0.2530207447E-03
       28       54        2     0.2858306281E-03
       29       54        2     0.3179151278E-03
       30       56        2     0.3628134309E-03
       31       60        2     0.4004509962E-03
       32       60        2     0.4347131788E-03
       33       64        2     0.4856863045E-03
       34       66        2     0.5265466718E-03
       35       66        2     0.5646647142E-03
       36       70        2     0.6023012054E-03
       37       70        2     0.6396289796E-03
       38       74        2     0.6710456074E-03
       39       74        2     0.7040866847E-03
       40       76        2     0.7217374059E-03
       41       82        2     0.7450560665E-03
       42      104        3     0.6581044809E-03
       43      108        3     0.6502146152E-03
       44      108        3     0.6475896090E-03
       45      112        3     0.6456814201E-03
       46      112        3     0.6477571957E-03
       39        6        1     0.6976518231E-06
       40       12        1     0.1449628317E-05
       41       16        1     0.1621069743E-05
       42       18        1     0.1846276911E-05
       43       22        1     0.2952211068E-05
       18       16        1     0.1751984765E-08
       19       24        1     0.5464930882E-08
       20       32        1     0.2263512534E-07
       21       40        1     0.3339631645E-07
       22       44        1     0.4423259503E-07
       23       46        1     0.5019754152E-07
       24       48        1     0.4273237961E-07
       25       52        1     0.8703729773E-07
       26       56        1     0.3415892356E-07
       27       58        1     0.1601975764E-07
       28       60        1     0.6349816973E-07
       29       62        1     0.5449861468E-07
       30       64        1     0.3780031945E-07
       31       64        1     0.3452513898E-07
       32       68        1     0.4086733178E-07
       33       68        1     0.7763116482E-07
       34       68        1     0.1004015643E-06
       35       72        1     0.7058702221E-07
       36       72        1     0.7277158257E-07
       37       72        1     0.7406287378E-07
       38       76        1     0.9596629900E-07
       39       76        1     0.1343102929E-06
       40       76        1     0.1603181955E-06
       41       80        1     0.1404804640E-06
       42       80        1     0.1487560788E-06
       43       84        1     0.2064029141E-06
       39        6        1     0.2588947891E-07
       40       10        1     0.2830367088E-06
       41       16        1     0.1306463582E-05
       42       18        1     0.2146702113E-05
       43       22        1     0.2526616652E-05
       44      142        3     0.2320950276E-05
       45      144        3     0.2907633627E-05
       46      148        3     0.3449231476E-05
       19        8        1     0.4984700677E-05
       20       20        2     0.3075348552E-04
       21       26        2     0.5657714429E-04
       22       34        2     0.8671601180E-04
       23       40        2     0.1180179116E-03
       24       44        2     0.1462655305E-03
       25       44        2     0.1701802647E-03
       26       48        2     0.2051894530E-03
       27       50        2     0.2339312081E-03
       28       52        2     0.2614028333E-03
       29       54        2     0.2987613464E-03
       30       58        2     0.3320749764E-03
       31       58        2     0.3630423834E-03
       32       60        2     0.4079834514E-03
       33       64        2     0.4432381070E-03
       34       64        2     0.4746909527E-03
       35       66        2     0.5202932749E-03
       36       68        2     0.5516861988E-03
       37       70        2     0.5892942110E-03
       38       72        2     0.6119018306E-03
       39       74        2     0.6472508578E-03
       40       76        2     0.6730590805E-03
       39        4        1     0.7779746264E-09
       40       12        1     0.3720326635E-07
       41      104        3     0.6402123317E-03
       42      104        3     0.6330637081E-03
       43      106        3     0.6315895640E-03
       44      108        3     0.6426061779E-03
       45      112        3     0.6404372284E-03
       46      114        3     0.6438100419E-03
       47      388        9     0.1588320857E-05
       48      392        9     0.1850579150E-05
       49      396        9     0.2136631961E-05
       20       12        2     0.4991347402E-06
       21       16        2     0.1235449489E-05
       22       22        2     0.2151348872E-05
       23       28        2     0.5324329481E-05
       24       32        2     0.8322401176E-05
       25       38        2     0.1218687403E-04
       26       38        2     0.1543318980E-04
       27       42        2     0.2026878407E-04
       28       44        2     0.2528467034E-04
       29       46        2     0.2787331843E-04
       30       48        2     0.3599803405E-04
       31       52        2     0.3795274235E-04
       32       52        2     0.4290956629E-04
       33       56        2     0.4838612494E-04
       34       58        2     0.5126708339E-04
       35       62        2     0.5517927012E-04
       36       66        2     0.5784142804E-04
       37       88        3     0.2202911445E-04
       38       92        3     0.1004310245E-04
       39       94        3     0.4261712716E-05
       40       98        3     0.2107015096E-05
       41       98        3     0.5803698288E-06
       42      102        3     0.7128150876E-07
       43      104        3     0.4481725701E-09
       44      106        3     0.3494983465E-06
       45      110        3     0.8666233946E-06
       46      110        3     0.1832331366E-05
       47      114        3     0.3076749099E-05
       18        8        1     0.1246523402E-04
       19       18        2     0.2693110171E-04
       20       24        2     0.4565961953E-04
       21       28        2     0.6497720013E-04
       22       32        2     0.8673748886E-04
       23       36        2     0.1058029876E-03
       24       40        2     0.1231080168E-03
       25       40        2     0.1393416436E-03
       26       44        2     0.1606616956E-03
       27       46        2     0.1807243589E-03
       28       50        2     0.2024933822E-03
       29       50        2     0.2298302234E-03
       30       56        2     0.2643131306E-03
       30       14        1     0.1736333149E-03
       31       82        3     0.5729121521E-03
       32       86        3     0.7320500345E-03
       33       88        3     0.8695448850E-03
       34       90        3     0.9979070596E-03
       35       94        3     0.1129467584E-02
       36       96        3     0.1250260112E-02
       37      100        3     0.1373788990E-02
       38      104        3     0.1500025380E-02
       13       10        1     0.3504833851E-04
       14       20        1     0.1027809986E-03
       15       28        1     0.1825742588E-03
       16       32        1     0.2629134733E-03
       17       36        1     0.3395520627E-03
       18       38        1     0.4108333085E-03
       19       40        1     0.4989918361E-03
       20       44        1     0.5838109659E-03
       21       44        1     0.6592459997E-03
       22       48        1     0.7577908323E-03
       23       52        1     0.8613949516E-03
       21       10        1     0.1608918990E-03
       22       18        1     0.3825870476E-03
       23       22        1     0.6050252798E-03
       24       86        2     0.1694711170E-02
       25       90        2     0.2002339109E-02
       26       94        2     0.2289568947E-02
        7       16        2     0.8936702005E-04
        8       22        2     0.2016574836E-03
        9       32        2     0.2962017655E-03
       10       34        2     0.3858439124E-03
       11       38        2     0.4776762930E-03
       12       42        2     0.5905063297E-03
       13       46        2     0.6939471761E-03
       14       48        2     0.8008006974E-03
       15       50        2     0.9215330272E-03
       16       52        2     0.1038709323E-02
       17       56        2     0.1179932209E-02
       18       60        2     0.1308378249E-02
       19       64        2     0.1458162654E-02
       16       10        1     0.1583711952E-04
       17       16        1     0.3612449070E-04
       18       20        1     0.5624587818E-04
       19       24        1     0.8110201083E-04
        2       12        1     0.1285967404E-04
        3       16        1     0.2645554794E-04
        4       24        1     0.3895743409E-04
        5       30        1     0.4811358272E-04
        6       36        1     0.5853052769E-04
        7       40        1     0.7040070720E-04
        8       44        1     0.8433121816E-04
        9       48        1     0.9283784238E-04
       10       52        1     0.1051163075E-03
       11       56        1     0.1128064539E-03
       12       60        1     0.1282972127E-03
       13       64        1     0.1412416313E-03
       14       66        1     0.1579468495E-03
       15       70        1     0.1714654531E-03
       16       72        1     0.1822242151E-03
       11        8        1     0.1205129261E-06
       12       12        1     0.3355573667E-06
       13       16        1     0.3866517328E-06
       14       20        1     0.6040396297E-06
       15       24        1     0.5904988527E-06
       16       28        1     0.7504098634E-06
        2       14        1     0.1050105340E-04
        3       18        1     0.1908338084E-04
        4       24        1     0.2596199584E-04
        5       30        1     0.3101863283E-04
        6       36        1     0.3505622411E-04
        7       40        1     0.4245603894E-04
        8       44        1     0.4699273076E-04
        9       48        1     0.5373564674E-04
       10       54        1     0.5862975309E-04
       11       58        1     0.6557712079E-04
       12       62        1     0.7249777273E-04
       13       66        1     0.8011222178E-04
       14       66        1     0.8620879807E-04
       15       70        1     0.9439027568E-04
       16       74        1     0.1011314871E-03
       17      188        3     0.7567162906E-05
       18      192        3     0.7759972493E-05
       19      198        3     0.8107245388E-05
       15        2        0     0.2479713250E-05
       16       10        1     0.3542521122E-04
       17       16        1     0.7273218594E-04
       18       20        1     0.1133383545E-03
       19       28        1     0.1590918220E-03
        7       18        2     0.1160607259E-03
        8       22        2     0.2167819331E-03
        9       32        2     0.2933453853E-03
       10       38        2     0.3836012953E-03
       11       40        2     0.4703600421E-03
       12       42        2     0.5515522189E-03
       13       46        2     0.6653939319E-03
       14       48        2     0.7679246573E-03
       15       52        2     0.8877651136E-03
       16       54        2     0.9997581989E-03
       17       58        2     0.1131669610E-02
       18       62        2     0.1256006960E-02
       19       66        2     0.1390673967E-02
       20      410        9     0.2170828440E-05
       21      412        9     0.2490245433E-05
       22      416        9     0.2084922777E-05
       23      418        9     0.2010917766E-05
       24      422        9     0.2238119321E-05
       25      426        9     0.2048661453E-05
       20        6        1     0.7329533836E-04
       21       14        1     0.2713774109E-03
       22       18        1     0.4864993362E-03
       23       26        1     0.7085525786E-03
       13       12        1     0.4953506852E-04
       14       22        1     0.1175930507E-03
       15       28        1     0.2009142898E-03
       16       32        1     0.2764131228E-03
       17       36        1     0.3631316143E-03
       18       38        1     0.4377124566E-03
       19       42        1     0.5171664692E-03
       20       44        1     0.6123813758E-03
       21       48        1     0.7007947649E-03
       22       50        1     0.7913606131E-03
       23       54        1     0.9058198967E-03
       24       88        2     0.1838693101E-02
       25       92        2     0.2135519347E-02
       26      530       11     0.2770516398E-03
       27      632       13     0.2574180290E-06
       28      636       13     0.4592914671E-06
       29      640       13     0.4674387317E-06
       30      642       13     0.4651562623E-06
       31      646       13     0.6132997131E-06
       32      648       13     0.6854026028E-06
       33      652       13     0.7503003996E-06
       34      654       13     0.7619311261E-06
       35      656       13     0.8434691340E-06
       36      660       13     0.9449180064E-06
       37      664       13     0.8844303309E-06
       29        8        1     0.5986764966E-04
       30       20        1     0.3331330961E-03
       17        2        0     0.1539420040E-05
       18        8        1     0.1297803041E-04
       19       18        2     0.2720349293E-04
       20       24        2     0.4389843314E-04
       21       28        2     0.6594273941E-04
       22       32        2     0.8632722870E-04
       23       36        2     0.1072186489E-03
       24       40        2     0.1259027162E-03
       25       40        2     0.1433516334E-03
       26       44        2     0.1631517057E-03
       27       46        2     0.1880365326E-03
       28       50        2     0.2128155031E-03
       29       52        2     0.2430523728E-03
       30       58        2     0.2847943949E-03
       31       84        3     0.6765280116E-03
       32       86        3     0.8319051364E-03
       33       90        3     0.9814874258E-03
       34       92        3     0.1117664564E-02
       35       94        3     0.1242696486E-02
       36       98        3     0.1385778041E-02
       37      100        3     0.1515955412E-02
       38      776       16     0.1363668349E-03
       39      884       19     0.4370924213E-07
       40      888       19     0.5549498002E-07
       41      890       19     0.6226677366E-07
       42      892       19     0.8162001183E-07
       43      896       19     0.7738514712E-07
       44      898       19     0.7663985203E-07
       45      900       19     0.8509263902E-07
       46      904       19     0.7285318515E-07
       47      908       19     0.6916622853E-07
       36       14        1     0.2604883571E-04
       20       12        2     0.4225500368E-06
       21       16        2     0.7618634324E-06
       22       22        2     0.1755592027E-05
       23       28        2     0.3454038536E-05
       24       32        2     0.5575087794E-05
       25       38        2     0.7437688577E-05
       26       38        2     0.9918773203E-05
       27       42        2     0.1221634563E-04
       28       44        2     0.1624608867E-04
       29       46        2     0.1742263333E-04
       30       48        2     0.2075892263E-04
       31       50        2     0.2172970722E-04
       32       52        2     0.2732115752E-04
       33       56        2     0.2791659139E-04
       34       58        2     0.2911336928E-04
       35       62        2     0.3252670205E-04
       36       66        2     0.3280981318E-04
       37       88        3     0.5359240820E-05
       38       92        3     0.1431435272E-05
       39       94        3     0.1416977882E-07
       40       98        3     0.3610664824E-06
       41       98        3     0.1348241184E-05
       42      102        3     0.3142399073E-05
       43      104        3     0.5248116424E-05
       44      106        3     0.7039261514E-05
       45      110        3     0.9909954388E-05
       46      110        3     0.1239953910E-04
       47      114        3     0.1561883817E-04
       48     1152       25     0.1821634783E-06
       49     1156       25     0.1808471891E-06
       39        4        1     0.1892729278E-06
       40       12        1     0.7652380201E-06
       19        4        1     0.2080383835E-05
       20       18        2     0.2484154482E-04
       21       24        2     0.4833741223E-04
       22       34        2     0.7603342822E-04
       23       40        2     0.1026433249E-03
       24       44        2     0.1279038208E-03
       25       44        2     0.1536050062E-03
       26       48        2     0.1790792698E-03
       27       48        2     0.1999582099E-03
       28       52        2     0.2333569667E-03
       29       54        2     0.2613026838E-03
       30       54        2     0.2862176956E-03
       31       58        2     0.3206454566E-03
       32       60        2     0.3524954794E-03
       33       64        2     0.3833624260E-03
       34       64        2     0.4195597718E-03
       35       66        2     0.4540863530E-03
       36       68        2     0.4774050463E-03
       37       70        2     0.5130311373E-03
       38       72        2     0.5404538667E-03
       39       74        2     0.5696425307E-03
       40       76        2     0.5875482186E-03
       41      104        3     0.5764983003E-03
       42      104        3     0.5842404113E-03
       43      106        3     0.5869450774E-03
       44      108        3     0.5978922985E-03
       45      112        3     0.6043150897E-03
       46      114        3     0.6118417061E-03
       39        6        1     0.1190260032E-05
       40       10        1     0.5869515905E-05
       41       16        1     0.1231250152E-04
       42       18        1     0.1849856806E-04
       43       22        1     0.2289351037E-04
       18       16        1     0.2290497377E-07
       19       24        1     0.5693411164E-07
       20       32        1     0.1891982566E-06
       21       40        1     0.3712273036E-06
       22       44        1     0.4565399028E-06
       23       46        1     0.4288424756E-06
       24       48        1     0.6861199086E-06
       25       52        1     0.4426241728E-06
       26       56        1     0.4468498751E-06
       27       58        1     0.4534506118E-06
       28       60        1     0.3763618293E-06
       29       62        1     0.3295774607E-06
       30       64        1     0.4964206552E-06
       31       64        1     0.5910649788E-06
       32       68        1     0.5549398105E-06
       33       68        1     0.5653856382E-06
       34       68        1     0.5781385041E-06
       35       72        1     0.7345024514E-06
       36       72        1     0.8735909007E-06
       37       72        1     0.9740287254E-06
       38       76        1     0.1033587853E-05
       39       76        1     0.1101127482E-05
       40       76        1     0.1162069038E-05
       41       80        1     0.1473565283E-05
       42       80        1     0.1683418216E-05
       43       84        1     0.1827634619E-05
       44      114        2     0.8848549159E-05
       39        6        1     0.2450515163E-05
       40       12        1     0.7983936548E-05
       41       16        1     0.1238876525E-04
       42       18        1     0.1698038136E-04
       43       22        1     0.2239628937E-04
       44       24        1     0.2934018630E-04
       45      144        3     0.2585919554E-04
       46      148        3     0.3047491179E-04
       19       14        2     0.1218290891E-04
       20       22        2     0.3710414923E-04
       21       28        2     0.6324972522E-04
       22       36        2     0.9344145897E-04
       23       40        2     0.1257167375E-03
       24       44        2     0.1559447510E-03
       25       48        2     0.1916272034E-03
       26       48        2     0.2205631285E-03
       27       50        2     0.2546669075E-03
       28       54        2     0.2944828065E-03
       29       56        2     0.3315636268E-03
       30       58        2     0.3689616616E-03
       31       60        2     0.4191569054E-03
       32       62        2     0.4638959833E-03
       33       64        2     0.4997309184E-03
       34       66        2     0.5492104070E-03
       35       66        2     0.5899727893E-03
       36       70        2     0.6291877604E-03
       37       70        2     0.6644638993E-03
       38       74        2     0.6970713852E-03
       39       74        2     0.7309411325E-03
       40       76        2     0.7545235660E-03
       41       82        2     0.7722014814E-03
       39        2        1     0.3009394502E-06
       40       12        1     0.6305231361E-05
       41       16        1     0.1205480478E-04
       42      104        3     0.6481711848E-03
       43      108        3     0.6359693031E-03
       44      108        3     0.6306237213E-03
       45      112        3     0.6196613857E-03
       46      112        3     0.6149303587E-03
       47      388        9     0.1340538729E-04
       48      392        9     0.1617089721E-04
       49      396        9     0.1865671647E-04
       20       14        2     0.3634047163E-06
       21       18        2     0.9039361606E-06
       22       24        2     0.1925459549E-05
       23       28        2     0.5464831775E-05
       24       34        2     0.1012806839E-04
       25       38        2     0.1523318076E-04
       26       40        2     0.2292593039E-04
       27       44        2     0.2836654461E-04
       28       44        2     0.3502226238E-04
       29       48        2     0.4424951922E-04
       30       48        2     0.5261557793E-04
       31       52        2     0.5941574815E-04
       32       54        2     0.6799342861E-04
       33       56        2     0.7703287732E-04
       34       58        2     0.8734817134E-04
       35       62        2     0.9128581698E-04
       36       64        2     0.1005760598E-03
       37       82        3     0.8370555758E-04
       38       90        3     0.4029712814E-04
       39       94        3     0.2656359294E-04
       40       96        3     0.1775760189E-04
       41      100        3     0.1234507051E-04
       42      102        3     0.8692408734E-05
       43      104        3     0.7075005551E-05
       44      106        3     0.5878258351E-05
       45      108        3     0.3401982651E-05
       46      112        3     0.2682719057E-05
       47      112        3     0.1798563758E-05
       48      116        3     0.8392575631E-06
       18        6        1     0.1022438482E-04
       19       18        2     0.3230354413E-04
       20       22        2     0.5585859008E-04
       21       26        2     0.7766340970E-04
       22       30        2     0.1019929445E-03
       23       34        2     0.1230382643E-03
       24       36        2     0.1444057295E-03
       25       40        2     0.1625431418E-03
       26       44        2     0.1837409520E-03
       27       44        2     0.2029055983E-03
       28       48        2     0.2237843861E-03
       29       50        2     0.2493668005E-03
       30       54        2     0.2757425877E-03
       31       56        2     0.3119694791E-03
       31       14        1     0.1429102626E-03
       32       84        3     0.5925787803E-03
       33       88        3     0.7340188488E-03
       34       88        3     0.8533203568E-03
       35       92        3     0.9606301474E-03
       36       94        3     0.1072667818E-02
       37       98        3     0.1172900401E-02
       38      102        3     0.1275447217E-02
       39      104        3     0.1382560905E-02
       13        2        1     0.4366840094E-05
       14       14        1     0.7196554743E-04
       15       24        1     0.1612202200E-03
       16       28        1     0.2441210076E-03
       17       32        1     0.3306965782E-03
       18       36        1     0.4174568797E-03
       19       40        1     0.5023189996E-03
       20       40        1     0.5841726576E-03
       21       44        1     0.6791506973E-03
       22       46        1     0.7608545404E-03
       23       50        1     0.8689127157E-03
       24       54        1     0.9768790842E-03
       22       10        1     0.1226202100E-03
       23       18        1     0.3404075124E-03
       24       22        1     0.5486327946E-03
       25       86        2     0.1782065514E-02
       26       90        2     0.2077812627E-02
       27       92        2     0.2345728661E-02
        7        6        1     0.1514739566E-04
        8       18        1     0.1512702499E-03
        9       30        1     0.2830299975E-03
       10       34        1     0.4150339530E-03
       11       36        1     0.5266134865E-03
       12       40        1     0.6433533167E-03
       13       42        1     0.7767709926E-03
       14       46        1     0.9015137760E-03
       15       48        1     0.1016278777E-02
       16       50        1     0.1175115627E-02
       17       54        1     0.1316025234E-02
       18       58        1     0.1480346618E-02
       19       62        1     0.1630680669E-02
       16        8        1     0.1982395630E-05
       17       14        1     0.4104885335E-05
       18       18        1     0.6967932985E-05
       19       24        1     0.1149275759E-04
        2       10        1     0.1505857841E-04
        3       16        1     0.4441673431E-04
        4       22        1     0.6882234081E-04
        5       28        1     0.9198451950E-04
        6       34        1     0.1152833511E-03
        7       38        1     0.1469072941E-03
        8       44        1     0.1736566926E-03
        9       50        1     0.2026901454E-03
       10       54        1     0.2305393630E-03
       11       56        1     0.2602351768E-03
       12       60        1     0.2938174267E-03
       13       64        1     0.3277742060E-03
       14       66        1     0.3609351539E-03
       15       68        1     0.3991587602E-03
       16       72        1     0.4331254772E-03
       11        8        1     0.3258211654E-05
       12       12        1     0.7033312306E-05
       13       16        1     0.1011414784E-04
       14       20        1     0.1349859566E-04
       15       24        1     0.1570393345E-04
       16       28        1     0.1798658359E-04
        1        4        1     0.1230842199E-05
        2       14        1     0.4950200981E-05
        3       18        1     0.7391444502E-05
        4       24        1     0.9029495611E-05
        5       30        1     0.1026611049E-04
        6       36        1     0.1104745045E-04
        7       42        1     0.1040947469E-04
        8       46        1     0.1053445452E-04
        9       50        1     0.1105259617E-04
       10       54        1     0.1171217437E-04
       11       58        1     0.1243953612E-04
       12       62        1     0.1423722922E-04
       13       64        1     0.1505791099E-04
       14       68        1     0.1605218878E-04
       15       70        1     0.1702540692E-04
       16       74        1     0.1805849095E-04
       17      190        3     0.1647579645E-03
       18      194        3     0.1760161658E-03
       15        8        1     0.4415873658E-04
       16       16        1     0.1270949843E-03
       17       20        1     0.2066111729E-03
       18       24        1     0.2811560145E-03
        6       16        2     0.7561548028E-04
        7       20        2     0.1649428081E-03
        8       28        2     0.2433825738E-03
        9       36        2     0.3133605749E-03
       10       40        2     0.3877924853E-03
       11       42        2     0.4574426324E-03
       12       44        2     0.5547542988E-03
       13       48        2     0.6457203176E-03
       14       52        2     0.7496191750E-03
       15       54        2     0.8497040054E-03
       16       58        2     0.9661273930E-03
       17       60        2     0.1076983955E-02
       18       64        2     0.1199210721E-02
       19      302        6     0.1084621079E-03
       20      408        8     0.5292014925E-04
       21      412        8     0.5170645439E-04
       22      416        8     0.5231886822E-04
       23      418        8     0.5180727376E-04
       24      422        8     0.5110214964E-04
       19        6        1     0.8471330409E-04
       20       14        1     0.2481951810E-03
       21       20        1     0.4472736451E-03
       22       26        1     0.6441426696E-03
       12        8        1     0.2382599837E-04
       13       18        1     0.9226562792E-04
       14       26        1     0.1857558906E-03
       15       30        1     0.2697247884E-03
       16       34        1     0.3708910342E-03
       17       38        1     0.4599026925E-03
       18       40        1     0.5422478476E-03
       19       44        1     0.6489412721E-03
       20       46        1     0.7369729688E-03
       21       48        1     0.8382925287E-03
       22       54        1     0.9534788814E-03
       23       88        2     0.1840860800E-02
       24       92        2     0.2134693273E-02
       25      526       10     0.1354776337E-03
       26      530       10     0.1726060466E-03
       27      532       10     0.2016022921E-03
       28      636       12     0.9499938477E-05
       29      640       12     0.1246038652E-04
       30      644       12     0.1434514583E-04
       31      644       12     0.1578033837E-04
       32      648       12     0.1794561939E-04
       33      652       12     0.1918392036E-04
       34      654       12     0.2072391619E-04
       35      656       12     0.2187743094E-04
       36      662       12     0.2195824811E-04
       28       10        1     0.1029862803E-03
       29       20        1     0.3464168787E-03
       17        6        1     0.4461847033E-05
       18       12        1     0.1914581973E-04
       19       22        1     0.3925132256E-04
       20       26        1     0.6627288831E-04
       21       30        1     0.9371863335E-04
       22       34        1     0.1226305125E-03
       23       36        1     0.1493447296E-03
       24       40        1     0.1764690651E-03
       25       42        1     0.2008150383E-03
       26       46        1     0.2317399276E-03
       27       46        1     0.2599671066E-03
       28       50        1     0.2926310931E-03
       29       56        1     0.3395597550E-03
       30       82        2     0.7813386908E-03
       31       86        2     0.9560193746E-03
       32       88        2     0.1131155640E-02
       33       92        2     0.1291583311E-02
       34       96        2     0.1439511408E-02
       35       96        2     0.1602322122E-02
       36      102        2     0.1764107273E-02
       37      770       14     0.8331081014E-04
       38      774       14     0.9518483772E-04
       39      778       14     0.1039629101E-03
       40      888       17     0.1630354170E-05
       41      890       17     0.1983776804E-05
       42      894       17     0.2259889520E-05
       43      896       17     0.2329175282E-05
       44      898       17     0.2379216466E-05
       45      902       17     0.2374322830E-05
       46      906       17     0.2254183626E-05
       20       12        2     0.1813581462E-07
       21       16        2     0.1940131647E-07
       22       22        2     0.5917771774E-07
       23       28        2     0.7521524929E-07
       24       32        2     0.1483329076E-06
       25       36        2     0.1334795721E-06
       26       40        2     0.2833864094E-06
       27       42        2     0.4167569214E-06
       28       44        2     0.3214640567E-06
       29       46        2     0.6268498100E-06
       30       50        2     0.7184856618E-06
       31       50        2     0.8667122522E-06
       32       54        2     0.9716206670E-06
       33       54        2     0.1006005108E-05
       34       58        2     0.1059574534E-05
       35       62        2     0.9883859960E-06
       36       86        3     0.2048688754E-05
       37       90        3     0.8632928734E-05
       38       92        3     0.1775762113E-04
       39       96        3     0.2453504661E-04
       40       96        3     0.3149602162E-04
       41      100        3     0.4160380096E-04
       42      104        3     0.4947871283E-04
       43      104        3     0.5598355971E-04
       44      108        3     0.6597008332E-04
       45      108        3     0.7493117204E-04
       46      112        3     0.8309800614E-04
       47     1026       20     0.2181315702E-05
       48     1030       20     0.2869369312E-05
       49     1156       23     0.3516795480E-05
       39        2        0     0.1117811236E-06
       40       12        1     0.4735907916E-05
       20       16        2     0.1119045343E-04
       21       24        2     0.2812004610E-04
       22       32        2     0.4671844785E-04
       23       38        2     0.6487396443E-04
       24       42        2     0.8053885221E-04
       25       44        2     0.1006863955E-03
       26       46        2     0.1153443088E-03
       27       48        2     0.1338368558E-03
       28       52        2     0.1528267226E-03
       29       52        2     0.1727570018E-03
       30       54        2     0.1936804481E-03
       31       58        2     0.2121553765E-03
       32       58        2     0.2336710429E-03
       33       62        2     0.2554008911E-03
       34       64        2     0.2800362374E-03
       35       64        2     0.3042989168E-03
       36       68        2     0.3235481862E-03
       37       68        2     0.3418204490E-03
       38       72        2     0.3679419907E-03
       39       74        2     0.3858824887E-03
       40       78        2     0.4028305768E-03
       41      102        3     0.4107670674E-03
       42      104        3     0.4234419829E-03
       43      106        3     0.4329400567E-03
       44      110        3     0.4450365938E-03
       45      110        3     0.4560977853E-03
       46      114        3     0.4676913061E-03
       39        2        1     0.1388202681E-05
       40       10        1     0.2087609330E-04
       41       14        1     0.4117481065E-04
       42       18        1     0.6412383208E-04
       43       22        1     0.8337560393E-04
       18       14        1     0.3205607612E-08
       19       24        1     0.4907490772E-06
       20       32        1     0.1349359363E-05
       21       38        1     0.2063008658E-05
       22       42        1     0.2800039940E-05
       23       46        1     0.3093173913E-05
       24       50        1     0.3188125899E-05
       25       54        1     0.3127326915E-05
       26       54        1     0.2905894681E-05
       27       58        1     0.3061080181E-05
       28       60        1     0.3227870832E-05
       29       62        1     0.3190469352E-05
       30       64        1     0.3847722341E-05
       31       64        1     0.4556078642E-05
       32       66        1     0.4263800218E-05
       33       68        1     0.4880269599E-05
       34       68        1     0.5206274967E-05
       35       72        1     0.5601784589E-05
       36       72        1     0.6698817567E-05
       37       72        1     0.7378184388E-05
       38       76        1     0.7697091873E-05
       39       76        1     0.8480966317E-05
       40       76        1     0.9042697199E-05
       41       80        1     0.1018062951E-04
       42       80        1     0.1153052273E-04
       43       84        1     0.1231020417E-04
       44      112        2     0.4240467196E-04
       40       10        1     0.1893458143E-04
       41       14        1     0.3407863242E-04
       42       18        1     0.5334285316E-04
       43       20        1     0.7143230880E-04
       44       22        1     0.8881372664E-04
       45      144        3     0.1054954638E-03
       46      148        3     0.1249159732E-03
       47      270        6     0.5554118584E-03
       19       18        1     0.1424472350E-04
       20       24        1     0.3282246991E-04
       21       30        1     0.5458976069E-04
       22       38        1     0.8316989814E-04
       23       42        1     0.1094812513E-03
       24       46        1     0.1391329732E-03
       25       48        1     0.1661166201E-03
       26       50        1     0.1968128132E-03
       27       54        1     0.2333668809E-03
       28       56        1     0.2659607177E-03
       29       56        1     0.3033202645E-03
       30       60        1     0.3512945656E-03
       31       62        1     0.3935859144E-03
       32       62        1     0.4322731055E-03
       33       66        1     0.4786022135E-03
       34       66        1     0.5160632153E-03
       35       68        1     0.5573461886E-03
       36       70        1     0.5889577924E-03
       37       72        1     0.6245177225E-03
       38       74        1     0.6604233163E-03
       39       74        1     0.6837537669E-03
       40       78        1     0.7082687661E-03
       41       80        1     0.7214246949E-03
       40        8        1     0.1283731690E-04
       41       14        1     0.3107723115E-04
       42      104        2     0.5668332602E-03
       43      106        2     0.5443519789E-03
       44      108        2     0.5239656199E-03
       45      112        2     0.5090303513E-03
       46      112        2     0.4955582318E-03
       47      116        2     0.4840333826E-03
       48      392        8     0.6099782706E-04
       20       12        2     0.1060386937E-06
       21       18        2     0.1003886003E-06
       22       26        2     0.9551592938E-06
       23       30        2     0.2875107842E-05
       24       34        2     0.6173104193E-05
       25       40        2     0.1132056042E-04
       26       40        2     0.1800212704E-04
       27       44        2     0.2415213146E-04
       28       46        2     0.3293159349E-04
       29       48        2     0.4157189571E-04
       30       50        2     0.5166822122E-04
       31       52        2     0.5760411193E-04
       32       54        2     0.7115850314E-04
       33       58        2     0.8230579397E-04
       34       58        2     0.9016359724E-04
       35       62        2     0.1036830145E-03
       36       66        2     0.1128904272E-03
       37       68        2     0.1154217695E-03
       38       90        3     0.7997301985E-04
       39       94        3     0.4534561928E-04
       40       98        3     0.3171007359E-04
       41      100        3     0.2295633422E-04
       42      102        3     0.1854045270E-04
       43      104        3     0.1510792307E-04
       44      106        3     0.1203636906E-04
       45      108        3     0.1114035176E-04
       46      110        3     0.8460163090E-05
       47      114        3     0.7124966721E-05
       48      116        3     0.6199863691E-05
       18        4        1     0.3209219134E-05
       19       16        2     0.3012331104E-04
       20       20        2     0.5883055501E-04
       21       26        2     0.9108827985E-04
       22       30        2     0.1199453031E-03
       23       34        2     0.1463209925E-03
       24       36        2     0.1727428531E-03
       25       40        2     0.1935095017E-03
       26       42        2     0.2120675824E-03
       27       44        2     0.2389547637E-03
       28       48        2     0.2583339923E-03
       29       48        2     0.2779269298E-03
       30       52        2     0.3062663988E-03
       31       54        2     0.3342438347E-03
       32       58        2     0.3665086449E-03
       32       16        1     0.1308913512E-03
       33       86        3     0.6271202004E-03
       34       88        3     0.7478479503E-03
       35       92        3     0.8450950645E-03
       36       92        3     0.9366647125E-03
       37       96        3     0.1029822377E-02
       38      100        3     0.1113411924E-02
       39      102        3     0.1196919460E-02
       40      106        3     0.1289447701E-02
       14       10        1     0.3764918020E-04
       15       18        1     0.1252494443E-03
       16       28        1     0.2444275878E-03
       17       32        1     0.3476402322E-03
       18       32        1     0.4391660071E-03
       19       36        1     0.5460141526E-03
       20       40        1     0.6502410758E-03
       21       40        1     0.7381069861E-03
       22       44        1     0.8495175430E-03
       23       48        1     0.9479537634E-03
       24       50        1     0.1067486380E-02
       25       56        1     0.1189696880E-02
       23       10        1     0.9283804989E-04
       24       18        1     0.2678197198E-03
       25       22        1     0.4367745405E-03
       26       86        2     0.1901252413E-02
       27       90        2     0.2171208117E-02
       28       92        2     0.2413295680E-02
        8       10        1     0.5432672817E-04
        9       20        1     0.2151019949E-03
       10       30        1     0.3910512260E-03
       11       34        1     0.5576037583E-03
       12       36        1     0.6941209060E-03
       13       40        1     0.8415157770E-03
       14       44        1     0.9956298684E-03
       15       46        1     0.1136240705E-02
       16       48        1     0.1282244629E-02
       17       52        1     0.1459798817E-02
       18       54        1     0.1623622739E-02
       19       58        1     0.1809779384E-02
       20       64        1     0.1979500987E-02
       16        8        1     0.3468958391E-06
       17       14        1     0.5313700121E-06
       18       18        1     0.9415201720E-06
       19       22        1     0.1472185523E-05
        2        4        1     0.5499761658E-05
        3       14        1     0.4813231531E-04
        4       22        1     0.9701216674E-04
        5       28        1     0.1368200049E-03
        6       32        1     0.1824016669E-03
        7       38        1     0.2302150395E-03
        8       44        1     0.2826843491E-03
        9       48        1     0.3307706381E-03
       10       52        1     0.3787028689E-03
       11       54        1     0.4323662263E-03
       12       58        1     0.4850459153E-03
       13       62        1     0.5473922970E-03
       14       64        1     0.6089813429E-03
       15       68        1     0.6743869396E-03
       16       70        1     0.7368038273E-03
       11        6        1     0.8010430516E-05
       12       12        1     0.2039570090E-04
       13       16        1     0.3262949728E-04
       14       20        1     0.4331301710E-04
       15       22        1     0.5287893304E-04
       16       26        1     0.6137207752E-04
        1        8        1     0.7720934359E-06
        2       14        1     0.1641498183E-05
        3       18        1     0.1925022758E-05
        4       26        1     0.2395010736E-05
        5       30        1     0.3026888211E-05
        6       36        1     0.2016608427E-05
        7       40        1     0.1060987349E-05
        8       46        1     0.7313198339E-06
        9       50        1     0.3876281903E-06
       10       56        1     0.5647228459E-06
       11       58        1     0.5899768111E-06
       12       60        1     0.5463769823E-06
       13       64        1     0.3358928011E-06
       14       68        1     0.4549285333E-06
       15       72        1     0.4688875841E-06
       16       72        1     0.3362493997E-06
       17      186        3     0.4352742706E-03
       18      192        3     0.4744562947E-03
       14        6        1     0.3887232055E-04
       15       12        1     0.1404852249E-03
       16       18        1     0.2484950852E-03
       17       22        1     0.3430687572E-03
       18       28        1     0.4491328398E-03
        5        6        1     0.3267207950E-04
        6       18        1     0.1262870944E-03
        7       24        1     0.2055863836E-03
        8       32        1     0.2849219050E-03
        9       38        1     0.3495670544E-03
       10       40        1     0.4139611405E-03
       11       44        1     0.5047382747E-03
       12       48        1     0.5853943011E-03
       13       50        1     0.6822072377E-03
       14       54        1     0.7745858293E-03
       15       56        1     0.8833992224E-03
       16       60        1     0.9875281004E-03
       17       64        1     0.1103866692E-02
       18       68        1     0.1214160930E-02
       19      302        5     0.2506884909E-04
       20      342        6     0.3158019837E-04
       21      412        7     0.1527502251E-03
       22      416        7     0.1554429065E-03
       23      418        7     0.1555234341E-03
       18        6        1     0.6499589376E-04
       19       12        1     0.1870962261E-03
       20       20        1     0.3449428463E-03
       21       24        1     0.4915240505E-03
       11        2        0     0.1645639192E-05
       12       12        1     0.7325909316E-04
       13       24        1     0.1811697179E-03
       14       30        1     0.2986516207E-03
       15       34        1     0.4232827280E-03
       16       38        1     0.5341446040E-03
       17       40        1     0.6288492403E-03
       18       42        1     0.7579953095E-03
       19       46        1     0.8641107376E-03
       20       48        1     0.9767623714E-03
       21       52        1     0.1099941847E-02
       22       88        2     0.1858727137E-02
       23       92        2     0.2141607379E-02
       24      522        9     0.4723526060E-04
       25      526        9     0.6806699303E-04
       26      530        9     0.8513917236E-04
       27      532        9     0.1029808836E-03
       28      536        9     0.1172091566E-03
       29      640       11     0.4230319387E-04
       30      642       11     0.5214855108E-04
       31      646       11     0.5900012236E-04
       32      648       11     0.6352590134E-04
       33      652       11     0.6994617487E-04
       34      654       11     0.7490527559E-04
       35      660       11     0.7622557830E-04
       27       10        1     0.1042370793E-03
       28       20        1     0.2846613098E-03
       17        8        1     0.1240937651E-04
       18       18        2     0.4207188235E-04
       19       24        2     0.8120193999E-04
       20       28        2     0.1323775266E-03
       21       32        2     0.1783564128E-03
       22       34        2     0.2314169203E-03
       23       38        2     0.2769667471E-03
       24       40        2     0.3243762268E-03
       25       44        2     0.3712627765E-03
       26       46        2     0.4184238943E-03
       27       50        2     0.4649280838E-03
       28       52        2     0.5144532183E-03
       29       84        3     0.9834956201E-03
       30       84        3     0.1166883626E-02
       31       88        3     0.1365209774E-02
       32       92        3     0.1539456522E-02
       33       94        3     0.1717368158E-02
       34       98        3     0.1892235563E-02
       35      100        3     0.2077342384E-02
       36      766       14     0.4191380760E-04
       37      770       14     0.4996004709E-04
       38      772       14     0.5590488433E-04
       39      776       14     0.6221971240E-04
       40      780       14     0.6638576506E-04
       41      890       17     0.8704766620E-05
       42      894       17     0.9686177078E-05
       43      898       17     0.1044108998E-04
       44      898       17     0.1102603896E-04
       45      902       17     0.1091084739E-04
       35       16        1     0.3329218634E-04
       20       12        2     0.6049820183E-06
       21       16        2     0.1602571529E-05
       22       22        2     0.2974399738E-05
       23       28        2     0.4930512502E-05
       24       32        2     0.6539834741E-05
       25       36        2     0.8725783480E-05
       26       40        2     0.9798332773E-05
       27       42        2     0.1051746107E-04
       28       44        2     0.1314674513E-04
       29       46        2     0.1316074197E-04
       30       48        2     0.1465826352E-04
       31       50        2     0.1469028586E-04
       32       54        2     0.1755516825E-04
       33       56        2     0.1797511497E-04
       34       58        2     0.1869123932E-04
       35       62        2     0.2216715213E-04
       36       88        3     0.6059387787E-04
       37       92        3     0.8398131088E-04
       38       94        3     0.1046307481E-03
       39       96        3     0.1201120895E-03
       40       98        3     0.1418527409E-03
       41      102        3     0.1587246843E-03
       42      102        3     0.1762919695E-03
       43      106        3     0.1947363898E-03
       44      108        3     0.2121842223E-03
       45      110        3     0.2315661558E-03
       46     1022       20     0.2169102272E-05
       47     1026       20     0.3081636702E-05
       48     1028       20     0.3808313439E-05
       49     1552       31     0.2145750589E-05
       40       10        1     0.3603428471E-05
       20       16        2     0.3699914163E-05
       21       20        2     0.1125187049E-04
       22       30        2     0.2090546847E-04
       23       38        2     0.3130003612E-04
       24       42        2     0.4052701893E-04
       25       42        2     0.4804406996E-04
       26       46        2     0.6149764288E-04
       27       48        2     0.7231599993E-04
       28       50        2     0.8184180019E-04
       29       52        2     0.9714866420E-04
       30       54        2     0.1091411649E-03
       31       56        2     0.1199534237E-03
       32       58        2     0.1365203070E-03
       33       62        2     0.1497662009E-03
       34       62        2     0.1636406110E-03
       35       66        2     0.1835672727E-03
       36       66        2     0.1932990431E-03
       37       68        2     0.2099623752E-03
       38       70        2     0.2193500555E-03
       39       74        2     0.2369388164E-03
       40       76        2     0.2451055660E-03
       41      102        3     0.2487373148E-03
       42      102        3     0.2502281483E-03
       43      106        3     0.2597930974E-03
       44      108        3     0.2666620380E-03
       45      110        3     0.2767067920E-03
       46      114        3     0.2845905599E-03
       47      116        3     0.2963188240E-03
       40        6        1     0.1316334310E-04
       41       10        1     0.3941243484E-04
       42       16        1     0.6436921922E-04
       43       20        1     0.8177031685E-04
       18       14        1     0.3509527466E-06
       19       24        1     0.1704803237E-05
       20       32        1     0.4243209297E-05
       21       38        1     0.6161399466E-05
       22       42        1     0.8223431496E-05
       23       46        1     0.9467222448E-05
       24       50        1     0.9299828341E-05
       25       52        1     0.9580137787E-05
       26       54        1     0.1106984386E-04
       27       58        1     0.1112025364E-04
       28       58        1     0.1212856041E-04
       29       62        1     0.1321437214E-04
       30       62        1     0.1399531156E-04
       31       66        1     0.1728621535E-04
       32       66        1     0.1768259021E-04
       33       68        1     0.1961513777E-04
       34       68        1     0.2136684664E-04
       35       70        1     0.2196801878E-04
       36       72        1     0.2549647581E-04
       37       72        1     0.2816821695E-04
       38       74        1     0.2888948601E-04
       39       76        1     0.3143208794E-04
       40       78        1     0.3328188268E-04
       41       78        1     0.3454021241E-04
       42       82        1     0.3866181480E-04
       43       82        1     0.4054874721E-04
       44      112        2     0.8467670034E-04
       45      116        2     0.9734123817E-04
       40        8        1     0.1049689097E-04
       41       12        1     0.2955467111E-04
       42       16        1     0.4843657995E-04
       43       20        1     0.6876762791E-04
       44       22        1     0.8831271419E-04
       45       26        1     0.1116623776E-03
       46      144        3     0.1894567339E-03
       47      148        3     0.2159511627E-03
       18        2        0     0.6525522031E-07
       19       20        1     0.1205004401E-04
       20       26        1     0.2291183205E-04
       21       34        1     0.3844694567E-04
       22       40        1     0.5947115137E-04
       23       44        1     0.7876390769E-04
       24       46        1     0.9893315980E-04
       25       50        1     0.1207380248E-03
       26       52        1     0.1484482632E-03
       27       56        1     0.1739243568E-03
       28       56        1     0.2006026666E-03
       29       58        1     0.2394347818E-03
       30       62        1     0.2720329237E-03
       31       62        1     0.3012561761E-03
       32       64        1     0.3424943555E-03
       33       66        1     0.3717651982E-03
       34       68        1     0.4020411373E-03
       35       68        1     0.4301745543E-03
       36       70        1     0.4516896228E-03
       37       72        1     0.4906490493E-03
       38       72        1     0.5181739878E-03
       39       76        1     0.5328269115E-03
       40       76        1     0.5537761931E-03
       41       78        1     0.5644324811E-03
       40        6        1     0.6345227269E-05
       41       12        1     0.2805664890E-04
       42      106        2     0.4507987531E-03
       43      106        2     0.4087408751E-03
       44      108        2     0.3846876293E-03
       45      110        2     0.3718732863E-03
       46      114        2     0.3564503400E-03
       47      116        2     0.3478189405E-03
       48      390        8     0.7728038238E-04
       20       12        2     0.1755042734E-07
       21       18        2     0.1002319686E-06
       22       26        2     0.7234423920E-07
       23       30        2     0.5257922055E-06
       24       36        2     0.2579197797E-05
       25       40        2     0.6703017605E-05
       26       42        2     0.1181051496E-04
       27       46        2     0.1632870812E-04
       28       46        2     0.2436747150E-04
       29       50        2     0.3186473866E-04
       30       50        2     0.3802693299E-04
       31       52        2     0.5196332233E-04
       32       56        2     0.5915665412E-04
       33       56        2     0.6781941539E-04
       34       60        2     0.8200022767E-04
       35       62        2     0.9511908217E-04
       36       64        2     0.9939147197E-04
       37       68        2     0.1125467430E-03
       38       72        2     0.1124974516E-03
       39       94        4     0.6587003125E-04
       40       98        4     0.4073792066E-04
       41      100        4     0.3143038996E-04
       42      102        4     0.2527652177E-04
       43      104        4     0.1923706252E-04
       44      108        4     0.1677334312E-04
       45      108        4     0.1495823517E-04
       46      112        4     0.1326195147E-04
       47      112        4     0.1120361279E-04
       48      116        4     0.1065751145E-04
       49      518       12     0.4615579196E-04
       19        8        1     0.1585391841E-04
       20       20        2     0.5278529864E-04
       21       22        2     0.8560067882E-04
       22       28        2     0.1156881336E-03
       23       32        2     0.1475459263E-03
       24       36        2     0.1755759465E-03
       25       38        2     0.1977378706E-03
       26       42        2     0.2206663687E-03
       27       44        2     0.2441679904E-03
       28       46        2     0.2645248713E-03
       29       48        2     0.2854537268E-03
       30       50        2     0.3019548459E-03
       31       52        2     0.3325351100E-03
       32       56        2     0.3531143735E-03
       33       82        3     0.4877947537E-03
       34       86        3     0.6188992520E-03
       35       90        3     0.7133949041E-03
       36       92        3     0.7968898730E-03
       37       94        3     0.8664462263E-03
       38       98        3     0.9434383916E-03
       39      100        3     0.1011383045E-02
       40      104        3     0.1080580967E-02
       41      106        3     0.1161612934E-02
       15       10        1     0.7414432704E-04
       16       22        1     0.2034049109E-03
       17       28        1     0.3355809389E-03
       18       32        1     0.4578397829E-03
       19       36        1     0.5743634310E-03
       20       36        1     0.6853452577E-03
       21       40        1     0.8094065864E-03
       22       44        1     0.9194823898E-03
       23       44        1     0.1033787742E-02
       24       48        1     0.1150396823E-02
       25       50        1     0.1273784735E-02
       24       12        1     0.7926142758E-04
       25       18        1     0.1964611654E-03
       26       84        2     0.1740516724E-02
       27       86        2     0.1975046009E-02
       28       90        2     0.2210575547E-02
       29       92        2     0.2418880177E-02
        9       12        1     0.9555210606E-04
       10       26        1     0.2964978188E-03
       11       32        1     0.4957125932E-03
       12       36        1     0.6850378282E-03
       13       36        1     0.8370387133E-03
       14       40        1     0.1006866912E-02
       15       44        1     0.1176021809E-02
       16       46        1     0.1328317754E-02
       17       48        1     0.1494984261E-02
       18       52        1     0.1682249597E-02
       19       56        1     0.1859774525E-02
       20       60        1     0.2055366101E-02
       16        8        1     0.7246459011E-06
       17       14        1     0.2895119911E-05
       18       18        1     0.5939485043E-05
       19       22        1     0.8459904065E-05
       20       28        1     0.1110282122E-04
        3       10        1     0.4007171199E-04
        4       18        1     0.1054320021E-03
        5       24        1     0.1633086661E-03
        6       30        1     0.2315720979E-03
        7       36        1     0.2984925232E-03
        8       42        1     0.3653848307E-03
        9       46        1     0.4262625403E-03
       10       50        1     0.4948232406E-03
       11       52        1     0.5644535417E-03
       12       56        1     0.6435760725E-03
       13       60        1     0.7196410084E-03
       14       62        1     0.8092562781E-03
       15       66        1     0.8963919358E-03
       16       70        1     0.9894865523E-03
       17       74        1     0.1083303324E-02
       11        2        0     0.2791614091E-05
       12       10        1     0.3513927514E-04
       13       14        1     0.6357605439E-04
       14       18        1     0.8797218706E-04
       15       22        1     0.1137080059E-03
       16       26        1     0.1354167590E-03
        1        8        1     0.3182660336E-06
        2       14        1     0.3651243745E-06
        3       20        1     0.2892762216E-06
        4       24        1     0.5748824677E-06
        5       30        1     0.4420603797E-06
        6       34        1     0.2303482984E-06
        7       40        1     0.9642932020E-08
        8       46        1     0.4858423292E-07
        9       50        1     0.1099208324E-06
       10       54        1     0.1223505111E-06
       11       58        1     0.1816083397E-06
       12       62        1     0.2381397574E-06
       13       66        1     0.3884061877E-06
       14       66        1     0.3698419203E-06
       15       70        1     0.4336145338E-06
       16       74        1     0.6016533653E-06
       17      110        2     0.3849873960E-04
       18      192        3     0.7373390170E-03
       13        4        1     0.2058332193E-04
       14       12        1     0.1238043155E-03
       15       18        1     0.2222144919E-03
       16       22        1     0.3173396597E-03
       17       26        1     0.4121020157E-03
       18       32        1     0.5082813689E-03
        5       14        1     0.8194728511E-04
        6       22        1     0.1692582578E-03
        7       26        1     0.2530071145E-03
        8       36        1     0.3326229884E-03
        9       38        1     0.3973930841E-03
       10       42        1     0.4821882006E-03
       11       46        1     0.5589499132E-03
       12       50        1     0.6502982378E-03
       13       52        1     0.7391796835E-03
       14       56        1     0.8451147376E-03
       15       58        1     0.9465261046E-03
       16       62        1     0.1060287565E-02
       17       66        1     0.1167949072E-02
       18       70        1     0.1271032930E-02
       19      304        5     0.3376688560E-05
       20      308        5     0.5478550963E-05
       21      412        7     0.2608666500E-03
       22      416        7     0.2784743456E-03
       17        6        1     0.2719632953E-04
       18       12        1     0.1040035337E-03
       19       18        1     0.2097341930E-03
       20       24        1     0.3070498892E-03
       21       28        1     0.4049045730E-03
       11       10        1     0.6205842364E-04
       12       22        1     0.1750260980E-03
       13       28        1     0.3328453594E-03
       14       34        1     0.4909892297E-03
       15       36        1     0.6324692293E-03
       16       38        1     0.7511679579E-03
       17       42        1     0.9082853076E-03
       18       46        1     0.1035987341E-02
       19       48        1     0.1160538123E-02
       20       52        1     0.1307206459E-02
       21       54        1     0.1442190315E-02
       22       92        2     0.2099357394E-02
       23      518        9     0.8696744184E-05
       24      522        9     0.1608344482E-04
       25      526        9     0.2267079882E-04
       26      530        9     0.2929798474E-04
       27      530        9     0.3579694461E-04
       28      534        9     0.4096034530E-04
       29      538        9     0.4557073398E-04
       30      642       11     0.1106845820E-03
       31      646       11     0.1294080585E-03
       32      650       11     0.1438791896E-03
       33      652       11     0.1535697269E-03
       26        8        1     0.5971959377E-04
       27       18        1     0.2063825395E-03
       16        4        1     0.4410901253E-05
       17       10        1     0.3632400989E-04
       18       22        1     0.1115806674E-03
       19       26        1     0.1969148311E-03
       20       30        1     0.2750101251E-03
       21       34        1     0.3634812735E-03
       22       36        1     0.4435383860E-03
       23       40        1     0.5245682836E-03
       24       42        1     0.5948551000E-03
       25       44        1     0.6753238047E-03
       26       48        1     0.7460724911E-03
       27       52        1     0.8168203673E-03
       28       84        2     0.1238691255E-02
       29       86        2     0.1437503855E-02
       30       88        2     0.1625292387E-02
       31       90        2     0.1798104624E-02
       32       94        2     0.1991349096E-02
       33       98        2     0.2173220710E-02
       34      760       13     0.8534610410E-05
       35      764       13     0.1335224309E-04
       36      768       13     0.1699268563E-04
       37      768       13     0.1955619936E-04
       38      772       13     0.2260897210E-04
       39      776       13     0.2477444352E-04
       40      778       13     0.2666407212E-04
       41      782       13     0.2832505641E-04
       42      896       16     0.2676493744E-04
       43      898       16     0.2974772834E-04
       44      900       16     0.3097976930E-04
       20       12        2     0.4033171684E-05
       21       18        2     0.1074185892E-04
       22       22        2     0.1833054960E-04
       23       28        2     0.2776294020E-04
       24       34        2     0.3612152257E-04
       25       36        2     0.4496995040E-04
       26       40        2     0.5119973647E-04
       27       42        2     0.5807638887E-04
       28       44        2     0.6561550336E-04
       29       48        2     0.7074857746E-04
       30       48        2     0.7482137949E-04
       31       52        2     0.8161247445E-04
       32       52        2     0.8838440310E-04
       33       56        2     0.9232052750E-04
       34       60        2     0.9954902091E-04
       35       84        3     0.1571048420E-03
       36       90        3     0.2007411205E-03
       37       92        3     0.2386489599E-03
       38       94        3     0.2702389202E-03
       39       98        3     0.3062634757E-03
       40      100        3     0.3327305773E-03
       41      102        3     0.3612011799E-03
       42      104        3     0.3950379099E-03
       43      106        3     0.4215408087E-03
       44      108        3     0.4536537803E-03
       45     1020       19     0.9007241329E-06
       46     1022       19     0.1445052427E-05
       47     1024       19     0.1907406581E-05
       48     1028       19     0.2317038989E-05
       49     1032       19     0.2672695577E-05
       40       12        1     0.1340023977E-06
       20       12        2     0.6606690711E-06
       21       20        2     0.2943625770E-05
       22       28        2     0.5799729385E-05
       23       36        2     0.9178068774E-05
       24       40        2     0.1490208628E-04
       25       42        2     0.2103904903E-04
       26       46        2     0.2592205704E-04
       27       46        2     0.3411829493E-04
       28       50        2     0.4121759582E-04
       29       50        2     0.4745350086E-04
       30       54        2     0.5855348836E-04
       31       56        2     0.6660907712E-04
       32       56        2     0.7458404460E-04
       33       60        2     0.8715317299E-04
       34       62        2     0.9864511473E-04
       35       64        2     0.1055610891E-03
       36       66        2     0.1195089265E-03
       37       70        2     0.1285929865E-03
       38       70        2     0.1398326154E-03
       39       74        2     0.1450114881E-03
       40       78        2     0.1510391240E-03
       41      102        3     0.1330760652E-03
       42      104        3     0.1296866467E-03
       43      104        3     0.1261372740E-03
       44      108        3     0.1318248988E-03
       45      110        3     0.1347125993E-03
       46      112        3     0.1374916655E-03
       47      116        3     0.1441508625E-03
       40        2        1     0.1595566485E-05
       41       10        1     0.1264053123E-04
       42       16        1     0.2084783903E-04
       43       20        1     0.2636660511E-04
       18       12        1     0.1066412304E-05
       19       22        1     0.3886790521E-05
       20       30        1     0.7580175262E-05
       21       38        1     0.1259055434E-04
       22       44        1     0.1583239012E-04
       23       46        1     0.1741522277E-04
       24       48        1     0.1995466679E-04
       25       52        1     0.2406352545E-04
       26       56        1     0.2634435028E-04
       27       56        1     0.2797164998E-04
       28       60        1     0.3433740851E-04
       29       62        1     0.3840497832E-04
       30       62        1     0.4283561989E-04
       31       66        1     0.4729130940E-04
       32       66        1     0.5243383094E-04
       33       66        1     0.5644102480E-04
       34       70        1     0.6223809293E-04
       35       70        1     0.6598088707E-04
       36       70        1     0.6951015604E-04
       37       74        1     0.7845415048E-04
       38       74        1     0.8194845314E-04
       39       74        1     0.8574574549E-04
       40       78        1     0.9137926023E-04
       41       78        1     0.9517301038E-04
       42       82        1     0.9744775650E-04
       43       84        1     0.1029780875E-03
       44      110        2     0.1274098358E-03
       45      112        2     0.1359731397E-03
       40        4        1     0.6663643968E-06
       41       12        1     0.9163630776E-05
       42       16        1     0.1642090088E-04
       43       18        1     0.2389150699E-04
       44       20        1     0.3157240174E-04
       45       24        1     0.3842118487E-04
       46      144        3     0.1920098690E-03
       18        8        1     0.1766540752E-05
       19       20        1     0.8650572139E-05
       20       28        1     0.1574987156E-04
       21       36        1     0.2695452109E-04
       22       40        1     0.3625870393E-04
       23       44        1     0.5153145603E-04
       24       48        1     0.6226770020E-04
       25       52        1     0.7832259664E-04
       26       52        1     0.9329547529E-04
       27       54        1     0.1129614853E-03
       28       58        1     0.1338043413E-03
       29       60        1     0.1546901877E-03
       30       62        1     0.1729007899E-03
       31       64        1     0.1985763105E-03
       32       64        1     0.2204894047E-03
       33       68        1     0.2422655374E-03
       34       68        1     0.2569863470E-03
       35       68        1     0.2718512129E-03
       36       70        1     0.3014075229E-03
       37       72        1     0.3167829911E-03
       38       74        1     0.3343889203E-03
       39       76        1     0.3474161744E-03
       40       76        1     0.3573075568E-03
       41       80        1     0.3681060143E-03
       42       82        1     0.3759207850E-03
       40        2        1     0.7236363028E-07
       41        8        1     0.6464869414E-05
       42       16        1     0.1870027553E-04
       43      106        2     0.2849494238E-03
       44      110        2     0.2676928540E-03
       45      110        2     0.2571792518E-03
       46      114        2     0.2515047143E-03
       47      268        5     0.2583762297E-07
       48      390        8     0.5078506920E-04
       20       14        2     0.5910444610E-07
       21       18        2     0.4585382253E-11
       22       28        2     0.1491529296E-07
       23       32        2     0.3351221047E-06
       24       38        2     0.2001816937E-05
       25       42        2     0.4809791675E-05
       26       42        2     0.7215965627E-05
       27       46        2     0.1371863244E-04
       28       48        2     0.1894098571E-04
       29       50        2     0.2395258079E-04
       30       52        2     0.3318280318E-04
       31       54        2     0.4180146699E-04
       32       56        2     0.4735609036E-04
       33       58        2     0.5929071993E-04
       34       62        2     0.6885148015E-04
       35       62        2     0.7772563231E-04
       36       66        2     0.8927281444E-04
       37       66        2     0.9688173820E-04
       38       72        2     0.1050257754E-03
       39       76        2     0.1020142872E-03
       40       96        4     0.5984524222E-04
       41      100        4     0.4304480188E-04
       42      102        4     0.3479400678E-04
       43      106        4     0.2915079017E-04
       44      106        4     0.2720552447E-04
       45      110        4     0.2486112466E-04
       46      110        4     0.2371365074E-04
       47      114        4     0.2287451615E-04
       48      118        4     0.2261791106E-04
       49      518       12     0.1859172682E-04
       19        4        1     0.5905248819E-05
       20       16        2     0.3278117614E-04
       21       20        2     0.5814026141E-04
       22       26        2     0.8888108911E-04
       23       30        2     0.1166331798E-03
       24       34        2     0.1408828006E-03
       25       38        2     0.1647790984E-03
       26       42        2     0.1851603316E-03
       27       42        2     0.2032829629E-03
       28       46        2     0.2227300442E-03
       29       46        2     0.2393377108E-03
       30       50        2     0.2568157097E-03
       31       52        2     0.2748307569E-03
       32       54        2     0.2923902086E-03
       33       58        2     0.3114526095E-03
       33        8        1     0.2041567990E-04
       34       84        3     0.4515870065E-03
       35       88        3     0.5340849503E-03
       36       92        3     0.6102501829E-03
       37       94        3     0.6740148727E-03
       38       96        3     0.7249433161E-03
       39       98        3     0.7886060715E-03
       40      102        3     0.8430883533E-03
       41      104        3     0.9012524153E-03
       42      108        3     0.9619030675E-03
       15        6        1     0.1522763040E-04
       16       14        1     0.1020179558E-03
       17       24        1     0.2509227126E-03
       18       28        1     0.3852184894E-03
       19       32        1     0.5165287601E-03
       20       36        1     0.6445246591E-03
       21       36        1     0.7559783295E-03
       22       40        1     0.8885577334E-03
       23       44        1     0.1009912373E-02
       24       46        1     0.1120365259E-02
       25       48        1     0.1238772785E-02
       26       52        1     0.1356846051E-02
       25       14        1     0.7781604269E-04
       26       20        1     0.1771636740E-03
       27       86        2     0.1762538207E-02
       28       86        2     0.1946558508E-02
       29       90        2     0.2156372456E-02
       30       94        2     0.2343381105E-02
       31       98        2     0.2559848301E-02
        9        4        1     0.9725732592E-05
       10       14        1     0.1327479275E-03
       11       28        1     0.3466644312E-03
       12       32        1     0.5517114533E-03
       13       36        1     0.7440533238E-03
       14       38        1     0.9092796791E-03
       15       40        1     0.1075815042E-02
       16       44        1     0.1242256858E-02
       17       46        1     0.1408628125E-02
       18       50        1     0.1572791105E-02
       19       52        1     0.1748348705E-02
       20       58        1     0.1925900201E-02
       16        6        1     0.1808267037E-05
       17       12        1     0.1744231668E-04
       18       18        1     0.3621459386E-04
       19       22        1     0.5214848492E-04
       20       28        1     0.6711304237E-04
        3        6        1     0.1324350276E-04
        4       14        1     0.8403500952E-04
        5       22        1     0.1605922318E-03
        6       26        1     0.2314437728E-03
        7       32        1     0.3224384946E-03
        8       38        1     0.3987521502E-03
        9       44        1     0.4692116241E-03
       10       48        1     0.5408871908E-03
       11       50        1     0.6263249514E-03
       12       54        1     0.7107200664E-03
       13       58        1     0.8095746806E-03
       14       60        1     0.9019903669E-03
       15       64        1     0.1008402163E-02
       16       68        1     0.1113000845E-02
       17       72        1     0.1216027781E-02
       12        6        1     0.3582542142E-04
       13       14        1     0.8808493232E-04
       14       18        1     0.1369095180E-03
       15       22        1     0.1835767071E-03
       16       26        1     0.2279298517E-03
       17       30        1     0.2691715005E-03
        1        8        1     0.3692975564E-07
        2       12        1     0.2198203675E-07
        3       20        1     0.1369214788E-07
        4       24        1     0.4982441473E-07
        5       28        1     0.2031363184E-07
        6       34        1     0.4069378198E-09
        7       40        1     0.1325876246E-09
        8       46        1     0.8448767255E-07
        9       50        1     0.9346066277E-07
       10       54        1     0.1575011139E-06
       11       58        1     0.1084619390E-06
       12       60        1     0.1134708761E-06
       13       64        1     0.5126696669E-07
       14       68        1     0.1763100477E-06
       15       70        1     0.3126706419E-06
       16       74        1     0.1228751150E-06
       17       78        1     0.2582949090E-06
       13       10        1     0.8129749059E-04
       14       14        1     0.1540760179E-03
       15       18        1     0.2306302860E-03
       16       22        1     0.2974950474E-03
       17       28        1     0.3725077860E-03
        4       10        1     0.4887443723E-04
        5       18        1     0.1283675437E-03
        6       26        1     0.2046855899E-03
        7       28        1     0.2961430679E-03
        8       36        1     0.3744412147E-03
        9       42        1     0.4557650548E-03
       10       44        1     0.5287710784E-03
       11       48        1     0.6156871199E-03
       12       52        1     0.6995988505E-03
       13       54        1     0.8027959365E-03
       14       58        1     0.8995317771E-03
       15       62        1     0.1012283053E-02
       16       64        1     0.1117209432E-02
       17       68        1     0.1229472467E-02
       18      298        5     0.7440814908E-08
       19      302        5     0.1370644957E-06
       20      308        5     0.2665986679E-06
       21      414        7     0.3286360369E-03
       17       10        1     0.3473766353E-04
       18       14        1     0.8636109050E-04
       19       20        1     0.1325571886E-03
       20       24        1     0.1823586719E-03
       10        6        1     0.3567396004E-04
       11       16        1     0.1506178639E-03
       12       28        1     0.3568131218E-03
       13       32        1     0.5474774481E-03
       14       36        1     0.7198673614E-03
       15       38        1     0.8599048708E-03
       16       42        1     0.1038631021E-02
       17       44        1     0.1188435901E-02
       18       46        1     0.1327593882E-02
       19       50        1     0.1498516595E-02
       20       54        1     0.1650987629E-02
       21       90        2     0.1967378743E-02
       22      514        9     0.2047381551E-06
       23      518        9     0.8738679715E-06
       24      522        9     0.1575480367E-05
       25      526        9     0.2321815019E-05
       26      528        9     0.3342258142E-05
       27      530        9     0.3656140378E-05
       28      534        9     0.4224308988E-05
       29      538        9     0.4528704694E-05
       30      540        9     0.4777265149E-05
       31      544        9     0.4559072715E-05
       32      652       11     0.2394777515E-03
       25        6        1     0.1485573160E-04
       26       16        1     0.1239718774E-03
       16        8        1     0.3561023830E-04
       17       18        1     0.1191135933E-03
       18       26        1     0.2517272342E-03
       19       30        1     0.3654894953E-03
       20       32        1     0.4798549517E-03
       21       36        1     0.5995429375E-03
       22       40        1     0.7046443622E-03
       23       40        1     0.8114116737E-03
       24       44        1     0.9235225880E-03
       25       46        1     0.1020852477E-02
       26       50        1     0.1119911104E-02
       27       80        2     0.1441540793E-02
       28       86        2     0.1658736056E-02
       29       88        2     0.1840233388E-02
       30       90        2     0.2013242679E-02
       31       94        2     0.2208652907E-02
       32       96        2     0.2393089021E-02
       33      758       13     0.5414448484E-06
       34      760       13     0.1203593402E-05
       35      762       13     0.1449618152E-05
       36      766       13     0.1821320771E-05
       37      768       13     0.2444255823E-05
       38      772       13     0.2481084705E-05
       39      774       13     0.2715972105E-05
       40      778       13     0.3147683383E-05
       41      780       13     0.3258156168E-05
       42      782       13     0.3335423711E-05
       43      900       16     0.5929009671E-04
       34       16        1     0.4949466112E-04
       20       14        2     0.1426976762E-04
       21       18        2     0.2929843704E-04
       22       24        2     0.4984670828E-04
       23       30        2     0.7002360562E-04
       24       34        2     0.8890582609E-04
       25       38        2     0.1053163545E-03
       26       40        2     0.1167566677E-03
       27       42        2     0.1344294102E-03
       28       44        2     0.1452528930E-03
       29       46        2     0.1608796253E-03
       30       48        2     0.1649044924E-03
       31       52        2     0.1819646791E-03
       32       54        2     0.1947004300E-03
       33       56        2     0.2021279716E-03
       34       60        2     0.2214531348E-03
       35       86        3     0.3392708197E-03
       36       90        3     0.3993824842E-03
       37       92        3     0.4500089255E-03
       38       96        3     0.4993533377E-03
       39       96        3     0.5432609935E-03
       40      100        3     0.5823365242E-03
       41      104        3     0.6284767670E-03
       42      106        3     0.6703597412E-03
       43      110        3     0.7147297193E-03
       44     1016       19     0.5467863049E-07
       45     1020       19     0.1301718856E-06
       46     1022       19     0.1936810464E-06
       47     1024       19     0.2516338928E-06
       48     1028       19     0.3062765016E-06
       49     1032       19     0.3536849897E-06
       40       14        1     0.9465553025E-05
       20       14        2     0.5846579078E-07
       21       18        2     0.1405405902E-06
       22       26        2     0.6899798972E-06
       23       34        2     0.1577388083E-05
       24       40        2     0.4332297609E-05
       25       40        2     0.8069513194E-05
       26       44        2     0.1121012698E-04
       27       46        2     0.1740841474E-04
       28       48        2     0.2242522309E-04
       29       50        2     0.2964439973E-04
       30       54        2     0.3446488914E-04
       31       54        2     0.4329884904E-04
       32       56        2     0.5245964146E-04
       33       60        2     0.6041570896E-04
       34       60        2     0.7182725830E-04
       35       64        2     0.7905574810E-04
       36       64        2     0.8572753465E-04
       37       68        2     0.9890978966E-04
       38       72        2     0.1051159029E-03
       39       74        2     0.1083177709E-03
       40       80        2     0.1062301682E-03
       41      100        3     0.7161271328E-04
       42      104        3     0.6301366694E-04
       43      104        3     0.5847557491E-04
       44      108        3     0.5616899937E-04
       45      108        3     0.5714940327E-04
       46      112        3     0.5620176930E-04
       47      114        3     0.5619185528E-04
       48      116        3     0.5949831945E-04
       41        8        1     0.1190206145E-07
       42       14        1     0.1325434432E-08
       18       10        1     0.2050103928E-05
       19       22        1     0.6157438080E-05
       20       30        1     0.1112971568E-04
       21       36        1     0.1964130847E-04
       22       42        1     0.2448196215E-04
       23       46        1     0.3154664098E-04
       24       50        1     0.3791115690E-04
       25       50        1     0.4390299469E-04
       26       54        1     0.5383515064E-04
       27       56        1     0.6382812046E-04
       28       60        1     0.7427574308E-04
       29       60        1     0.8610427385E-04
       30       62        1     0.9909712247E-04
       31       64        1     0.1051023993E-03
       32       66        1     0.1192049686E-03
       33       66        1     0.1316194554E-03
       34       68        1     0.1396083868E-03
       35       70        1     0.1529465227E-03
       36       70        1     0.1626573443E-03
       37       74        1     0.1712457972E-03
       38       74        1     0.1835149312E-03
       39       74        1     0.1931157658E-03
       40       78        1     0.2002344145E-03
       41       78        1     0.2100345051E-03
       42       80        1     0.2102215575E-03
       43      108        2     0.1924374865E-03
       44      110        2     0.1855861484E-03
       45      112        2     0.1847624187E-03
       46      114        2     0.1869653905E-03
       41       12        1     0.3373246053E-09
       42       16        1     0.5361156185E-08
       43       16        1     0.1094237613E-07
       44       20        1     0.9056557693E-09
       45       24        1     0.1333265605E-07
       46       28        1     0.9647217513E-08
       18       10        1     0.2009575673E-05
       19       22        1     0.5636450707E-05
       20       30        1     0.1062228542E-04
       21       38        1     0.1825348986E-04
       22       42        1     0.2526711290E-04
       23       46        1     0.3127811590E-04
       24       50        1     0.3667256728E-04
       25       50        1     0.4482969602E-04
       26       54        1     0.5253156408E-04
       27       56        1     0.6589017756E-04
       28       60        1     0.7288602265E-04
       29       60        1     0.8240287323E-04
       30       62        1     0.9639114555E-04
       31       64        1     0.1065092332E-03
       32       66        1     0.1184506596E-03
       33       66        1     0.1301015336E-03
       34       68        1     0.1344315611E-03
       35       70        1     0.1504933728E-03
       36       70        1     0.1619123834E-03
       37       72        1     0.1689627421E-03
       38       74        1     0.1814894693E-03
       39       74        1     0.1910248495E-03
       40       76        1     0.1919689567E-03
       41       78        1     0.2061075788E-03
       42       80        1     0.2111916562E-03
       41        8        1     0.9539617798E-07
       42       14        1     0.8639944233E-09
       43      108        2     0.1908828520E-03
       44      110        2     0.1833065955E-03
       45      110        2     0.1805399348E-03
       46      114        2     0.1872203818E-03
       47      268        5     0.2697953444E-11
       48      272        5     0.1413069860E-09
       20       14        2     0.6594547848E-08
       21       18        2     0.3300794496E-06
       22       26        2     0.6464684678E-06
       23       34        2     0.1643241569E-05
       24       40        2     0.4244914432E-05
       25       42        2     0.6771746986E-05
       26       44        2     0.1291682548E-04
       27       48        2     0.1766106612E-04
       28       48        2     0.2121466866E-04
       29       50        2     0.2977891398E-04
       30       52        2     0.3518164389E-04
       31       54        2     0.4366809690E-04
       32       58        2     0.5300331818E-04
       33       60        2     0.5991667722E-04
       34       60        2     0.6975026397E-04
       35       64        2     0.8079731224E-04
       36       64        2     0.9092116873E-04
       37       68        2     0.9726642317E-04
       38       72        2     0.1020373756E-03
       39       74        2     0.1102841906E-03
       40       96        3     0.9342919495E-04
       41      100        3     0.7127850552E-04
       42      102        3     0.6110253034E-04
       43      104        3     0.6143347963E-04
       44      106        3     0.5696975755E-04
       45      110        3     0.5686016895E-04
       46      112        3     0.5720767041E-04
       47      114        3     0.5845906796E-04
       48      116        3     0.6025501939E-04
       49      516       11     0.3213560942E-08
       20       14        2     0.1353214564E-04
       21       18        2     0.2953593239E-04
       22       24        2     0.4935702043E-04
       23       30        2     0.6928470471E-04
       24       34        2     0.8700060011E-04
       25       38        2     0.1032834650E-03
       26       40        2     0.1172537326E-03
       27       42        2     0.1327194403E-03
       28       44        2     0.1389104709E-03
       29       46        2     0.1572833998E-03
       30       50        2     0.1675462870E-03
       31       52        2     0.1792463055E-03
       32       54        2     0.1908457910E-03
       33       58        2     0.2022986385E-03
       34       60        2     0.2197430004E-03
       34       16        1     0.5025193993E-04
       35       86        3     0.3349515986E-03
       36       90        3     0.3915223369E-03
       37       92        3     0.4482573509E-03
       38       96        3     0.4920343118E-03
       39       98        3     0.5335295847E-03
       40      100        3     0.5794719984E-03
       41      102        3     0.6237847798E-03
       42      106        3     0.6626695290E-03
       43      110        3     0.7122060619E-03
       16        8        1     0.3278110247E-04
       17       18        1     0.1121907687E-03
       18       26        1     0.2429711388E-03
       19       30        1     0.3619475087E-03
       20       32        1     0.4766983243E-03
       21       36        1     0.5929316562E-03
       22       40        1     0.7029019883E-03
       23       40        1     0.8077719821E-03
       24       44        1     0.9162114952E-03
       25       46        1     0.1009123978E-02
       26       50        1     0.1115717293E-02
       27       54        1     0.1211390796E-02
       25        6        1     0.1652329740E-04
       26       16        1     0.1226913613E-03
       27       26        1     0.2328637968E-03
       28       86        2     0.1649470219E-02
       29       86        2     0.1812819632E-02
       30       90        2     0.2015663972E-02
       31       94        2     0.2193110233E-02
       32       96        2     0.2385240401E-02
       10        6        1     0.3982945751E-04
       11       16        1     0.1535640594E-03
       12       28        1     0.3572872181E-03
       13       32        1     0.5400756803E-03
       14       36        1     0.7143632652E-03
       15       38        1     0.8726532893E-03
       16       42        1     0.1027913261E-02
       17       44        1     0.1167489398E-02
       18       46        1     0.1336248788E-02
       19       50        1     0.1487544432E-02
       20       52        1     0.1623104064E-02
       17       10        1     0.3814804807E-04
       18       16        1     0.8453822687E-04
       19       22        1     0.1399542802E-03
       20       24        1     0.1819593770E-03
       21       90        2     0.1984250178E-02
        4       10        1     0.5000497473E-04
        5       18        1     0.1236373182E-03
        6       24        1     0.2091017355E-03
        7       28        1     0.2906848908E-03
        8       36        1     0.3830701134E-03
        9       42        1     0.4511158814E-03
       10       46        1     0.5325996554E-03
       11       48        1     0.6112165703E-03
       12       52        1     0.7047894675E-03
       13       54        1     0.7998651108E-03
       14       58        1     0.9052461891E-03
       15       62        1     0.1007405459E-02
       16       64        1     0.1119254644E-02
       17       68        1     0.1227068872E-02
       13       10        1     0.7913825685E-04
       14       14        1     0.1588315873E-03
       15       18        1     0.2269886893E-03
       16       22        1     0.3033828808E-03
       17       28        1     0.3731597637E-03
        1        8        1     0.2867281148E-07
        2       12        1     0.8671916284E-07
        3       20        1     0.3110604832E-07
        4       24        1     0.2647185594E-07
        5       30        1     0.3954340349E-07
        6       34        1     0.1847753912E-09
        7       40        1     0.5200209008E-08
        8       46        1     0.5366899495E-07
        9       50        1     0.1204598698E-06
       10       54        1     0.1083322475E-06
       11       58        1     0.1519771244E-06
       12       62        1     0.8923893472E-07
       13       64        1     0.1233316709E-06
       14       68        1     0.1849296295E-06
       15       70        1     0.2176026659E-06
       16       74        1     0.2448493085E-06
       17       78        1     0.2366326481E-06
       12        6        1     0.3136670105E-04
       13       14        1     0.8776541680E-04
       14       18        1     0.1357650550E-03
       15       22        1     0.1816343937E-03
       16       26        1     0.2257738073E-03
       17       30        1     0.2666256686E-03
        3        6        1     0.1300392260E-04
        4       14        1     0.8697553398E-04
        5       22        1     0.1542701816E-03
        6       26        1     0.2373655114E-03
        7       32        1     0.3160554871E-03
        8       38        1     0.3998392419E-03
        9       44        1     0.4647635282E-03
       10       48        1     0.5430020349E-03
       11       50        1     0.6220714797E-03
       12       54        1     0.7127076929E-03
       13       56        1     0.8018078049E-03
       14       60        1     0.9053816968E-03
       15       64        1     0.1002396062E-02
       16       66        1     0.1113364417E-02
       17       70        1     0.1222239460E-02
       18      300        5     0.1898799882E-08
       19      304        5     0.1600754312E-06
       20      308        5     0.2448925671E-06
       16        6        1     0.2222462557E-05
       17       14        1     0.1761712087E-04
       18       18        1     0.3500299522E-04
       19       22        1     0.5092221026E-04
       20       28        1     0.6474827951E-04
        9        4        1     0.1734242386E-04
       10       14        1     0.1308873064E-03
       11       26        1     0.3378981953E-03
       12       32        1     0.5595850221E-03
       13       36        1     0.7443406095E-03
       14       40        1     0.9090824836E-03
       15       40        1     0.1083411606E-02
       16       44        1     0.1250369181E-02
       17       46        1     0.1395103331E-02
       18       50        1     0.1581692630E-02
       19       52        1     0.1751292674E-02
       20       58        1     0.1933558471E-02
       21      414        7     0.3309094181E-03
       22      516        9     0.1941525157E-06
       23      518        9     0.9960874418E-06
       24      522        9     0.1836652514E-05
       25      526        9     0.2506626433E-05
       26      528        9     0.3207881915E-05
       27      530        9     0.4201405236E-05
       28      534        9     0.4623064233E-05
       29      538        9     0.4963351523E-05
       30      540        9     0.4991152046E-05
       31      546        9     0.5252984671E-05
       25       14        1     0.7948460071E-04
       26       20        1     0.1795828269E-03
       15        4        1     0.1415013723E-04
       16       14        1     0.1028052462E-03
       17       24        1     0.2515728526E-03
       18       28        1     0.3866395159E-03
       19       32        1     0.5183985685E-03
       20       36        1     0.6484917991E-03
       21       38        1     0.7610152759E-03
       22       40        1     0.8891372414E-03
       23       44        1     0.1013027217E-02
       24       44        1     0.1122252674E-02
       25       48        1     0.1243207334E-02
       26       52        1     0.1349801123E-02
       27       84        2     0.1762207931E-02
       28       86        2     0.1964075902E-02
       29       90        2     0.2153692676E-02
       30       94        2     0.2357493843E-02
       31       98        2     0.2574163618E-02
       32      650       11     0.2378187622E-03
       33      758       13     0.6214574558E-06
       34      760       13     0.1236826180E-05
       35      762       13     0.1616991622E-05
       36      766       13     0.2054015464E-05
       37      770       13     0.2444875203E-05
       38      770       13     0.2712833513E-05
       39      774       13     0.3048104173E-05
       40      778       13     0.3318705577E-05
       41      778       13     0.3537315967E-05
       42      784       13     0.3621503445E-05
       33        8        1     0.2175921152E-04
       19        4        0     0.5292881549E-05
       20       18        2     0.3232794345E-04
       21       20        2     0.6130875025E-04
       22       26        2     0.9003339786E-04
       23       30        2     0.1167674372E-03
       24       34        2     0.1434039964E-03
       25       38        2     0.1661120740E-03
       26       42        2     0.1849706031E-03
       27       42        2     0.2062249626E-03
       28       46        2     0.2240789536E-03
       29       46        2     0.2413296133E-03
       30       50        2     0.2592119228E-03
       31       52        2     0.2755991331E-03
       32       54        2     0.2940746758E-03
       33       58        2     0.3153216873E-03
       34       84        3     0.4529775933E-03
       35       88        3     0.5427258379E-03
       36       92        3     0.6131302482E-03
       37       94        3     0.6774699705E-03
       38       96        3     0.7352983007E-03
       39       98        3     0.7942902856E-03
       40      102        3     0.8489099600E-03
       41      104        3     0.9059550352E-03
       42      108        3     0.9687026094E-03
       43      900       16     0.5880623931E-04
       44     1016       19     0.6026712798E-07
       45     1020       19     0.1410088241E-06
       46     1024       19     0.2116129052E-06
       47     1024       19     0.2764074716E-06
       48     1028       19     0.3327269403E-06
       49     1032       19     0.3855120509E-06
       20       14        2     0.4308323188E-07
       21       18        2     0.7627578916E-09
       22       28        2     0.2302837549E-07
       23       32        2     0.1920368578E-06
       24       38        2     0.1843368948E-05
       25       42        2     0.5190271699E-05
       26       44        2     0.8488651962E-05
       27       46        2     0.1246850274E-04
       28       48        2     0.1959320148E-04
       29       48        2     0.2610960838E-04
       30       52        2     0.3178390573E-04
       31       54        2     0.4062368812E-04
       32       56        2     0.4896962970E-04
       33       58        2     0.5895463242E-04
       34       62        2     0.7053656824E-04
       35       62        2     0.7813802515E-04
       36       66        2     0.8834941617E-04
       37       68        2     0.9762232388E-04
       38       70        2     0.1046954734E-03
       39       76        2     0.1032283400E-03
       40       96        4     0.5685432135E-04
       41      100        4     0.4315492926E-04
       42      102        4     0.3463801235E-04
       43      106        4     0.2979956749E-04
       44      106        4     0.2634831711E-04
       45      110        4     0.2447691405E-04
       46      110        4     0.2324340763E-04
       47      114        4     0.2244773573E-04
       48      116        4     0.2260588659E-04
       40        2        0     0.1299083822E-06
       41       10        1     0.7898844093E-05
       42       16        1     0.2034678772E-04
       18        8        1     0.1420513013E-05
       19       20        1     0.7258453536E-05
       20       28        1     0.1534312518E-04
       21       36        1     0.2592019797E-04
       22       40        1     0.3855377527E-04
       23       44        1     0.4829748253E-04
       24       48        1     0.6495266126E-04
       25       50        1     0.8106829852E-04
       26       54        1     0.9351332068E-04
       27       54        1     0.1142966930E-03
       28       58        1     0.1334102890E-03
       29       60        1     0.1579878163E-03
       30       60        1     0.1806418567E-03
       31       64        1     0.1990763256E-03
       32       64        1     0.2160974807E-03
       33       66        1     0.2444079852E-03
       34       68        1     0.2634513241E-03
       35       70        1     0.2833946511E-03
       36       70        1     0.3055012033E-03
       37       72        1     0.3147160264E-03
       38       74        1     0.3347786223E-03
       39       76        1     0.3528808512E-03
       40       76        1     0.3657586984E-03
       41       80        1     0.3746586585E-03
       42       82        1     0.3789631048E-03
       43      106        2     0.2850244970E-03
       44      110        2     0.2703275692E-03
       45      110        2     0.2594045007E-03
       46      114        2     0.2533391563E-03
       40        4        1     0.9642182854E-06
       41       12        1     0.9370625778E-05
       42       16        1     0.1761160628E-04
       43       18        1     0.2520970339E-04
       44       20        1     0.3047985941E-04
       45       24        1     0.4127335524E-04
       18       12        1     0.1384258988E-05
       19       22        1     0.3867510542E-05
       20       30        1     0.7759356886E-05
       21       38        1     0.1232486968E-04
       22       44        1     0.1544532097E-04
       23       46        1     0.1629292659E-04
       24       50        1     0.2062822380E-04
       25       52        1     0.2253645489E-04
       26       56        1     0.2576056230E-04
       27       56        1     0.2994943851E-04
       28       60        1     0.3302109621E-04
       29       62        1     0.3634814432E-04
       30       62        1     0.4252862345E-04
       31       66        1     0.4580341513E-04
       32       66        1     0.5114833354E-04
       33       66        1     0.5503145913E-04
       34       70        1     0.6102247145E-04
       35       70        1     0.6592984783E-04
       36       70        1     0.7009467612E-04
       37       74        1     0.7560145871E-04
       38       74        1     0.7978082777E-04
       39       74        1     0.8360464098E-04
       40       78        1     0.8954287731E-04
       41       78        1     0.9431956783E-04
       42       80        1     0.9695783527E-04
       43       84        1     0.1004684798E-03
       40        2        0     0.7929209751E-06
       41       10        1     0.1300063221E-04
       42       16        1     0.2199344841E-04
       43       20        1     0.2861407102E-04
       44      110        2     0.1248691943E-03
       45      114        2     0.1355511003E-03
       46      144        3     0.1929801526E-03
       47      268        5     0.3779927822E-07
       20       14        2     0.5214150114E-06
       21       20        2     0.3034374619E-05
       22       28        2     0.6331515456E-05
       23       36        2     0.1025482350E-04
       24       40        2     0.1436395272E-04
       25       42        2     0.2195484483E-04
       26       44        2     0.2648267451E-04
       27       46        2     0.3468385032E-04
       28       50        2     0.4152725529E-04
       29       50        2     0.4969632747E-04
       30       54        2     0.5811651721E-04
       31       56        2     0.6806686746E-04
       32       56        2     0.7939953444E-04
       33       60        2     0.8674239981E-04
       34       62        2     0.9868431389E-04
       35       64        2     0.1089355731E-03
       36       66        2     0.1212024103E-03
       37       68        2     0.1266002213E-03
       38       70        2     0.1418142007E-03
       39       72        2     0.1483028860E-03
       40       78        2     0.1514562861E-03
       40       10        1     0.2706649150E-06
       41      100        3     0.1320434687E-03
       42      104        3     0.1325551280E-03
       43      104        3     0.1318772989E-03
       44      108        3     0.1333469702E-03
       45      108        3     0.1345198849E-03
       46      112        3     0.1414783068E-03
       47      116        3     0.1466497552E-03
       48      390        8     0.5146914287E-04
       49      516       12     0.1934244350E-04
       20       12        2     0.4151113689E-05
       21       18        2     0.1028325388E-04
       22       22        2     0.1718945616E-04
       23       28        2     0.2671461767E-04
       24       34        2     0.3584155319E-04
       25       36        2     0.4219659199E-04
       26       40        2     0.5112009895E-04
       27       42        2     0.5873027965E-04
       28       44        2     0.6138664221E-04
       29       48        2     0.6921839143E-04
       30       48        2     0.7483002234E-04
       31       52        2     0.7980537668E-04
       32       52        2     0.8312185612E-04
       33       56        2     0.9107233593E-04
       34       60        2     0.9768615765E-04
       35       84        3     0.1509252924E-03
       36       90        3     0.1976155343E-03
       37       92        3     0.2358038312E-03
       38       94        3     0.2668036199E-03
       39       96        3     0.2989076902E-03
       40      100        3     0.3284797751E-03
       41      102        3     0.3593031487E-03
       42      104        3     0.3869934671E-03
       43      108        3     0.4160662855E-03
       44      108        3     0.4508764534E-03
       16        4        1     0.4361459234E-05
       17       10        1     0.3652512305E-04
       18       22        1     0.1121216354E-03
       19       26        1     0.1869521923E-03
       20       30        1     0.2758952594E-03
       21       34        1     0.3540926047E-03
       22       36        1     0.4366904354E-03
       23       40        1     0.5193852764E-03
       24       42        1     0.5933794757E-03
       25       46        1     0.6672577734E-03
       26       46        1     0.7300312340E-03
       27       52        1     0.8117143762E-03
       26        8        1     0.6064521165E-04
       27       18        1     0.2042914644E-03
       28       84        2     0.1229655876E-02
       29       86        2     0.1428977494E-02
       30       88        2     0.1604136630E-02
       31       90        2     0.1798818775E-02
       32       94        2     0.1975882494E-02
       33       96        2     0.2158722414E-02
       11       10        1     0.5880931755E-04
       12       22        1     0.1703869727E-03
       13       28        1     0.3309377267E-03
       14       34        1     0.4838428622E-03
       15       38        1     0.6259260726E-03
       16       38        1     0.7622059348E-03
       17       42        1     0.8953041645E-03
       18       44        1     0.1010768313E-02
       19       48        1     0.1165535878E-02
       20       52        1     0.1297303613E-02
       21       54        1     0.1425556421E-02
       17        6        1     0.2476223716E-04
       18       12        1     0.1076924996E-03
       19       18        1     0.2118452473E-03
       20       24        1     0.3095892329E-03
       21       28        1     0.4074354348E-03
       22       92        2     0.2104490573E-02
        5       14        1     0.8648464927E-04
        6       22        1     0.1653823499E-03
        7       28        1     0.2492275050E-03
        8       34        1     0.3225977200E-03
        9       40        1     0.4041583221E-03
       10       42        1     0.4776388965E-03
       11       46        1     0.5630128331E-03
       12       50        1     0.6460176526E-03
       13       52        1     0.7438564528E-03
       14       56        1     0.8397779864E-03
       15       60        1     0.9505695470E-03
       16       62        1     0.1055942262E-02
       17       66        1     0.1164813208E-02
       18       68        1     0.1275185926E-02
       13        4        1     0.1947563208E-04
       14       12        1     0.1203382258E-03
       15       18        1     0.2211564037E-03
       16       22        1     0.3151844898E-03
       17       26        1     0.4111731969E-03
        1        8        1     0.2967128231E-06
        2       14        1     0.4197410139E-06
        3       18        1     0.2880252858E-06
        4       26        1     0.4510639827E-06
        5       30        1     0.4823401338E-06
        6       36        1     0.3180808781E-06
        7       40        1     0.2485557590E-08
        8       44        1     0.1500815906E-06
        9       50        1     0.6586814331E-07
       10       54        1     0.1149523590E-06
       11       58        1     0.1328891979E-06
       12       62        1     0.2479694402E-06
       13       64        1     0.3786452665E-06
       14       68        1     0.3273573952E-06
       15       70        1     0.4307736572E-06
       16       74        1     0.5228143563E-06
       11        4        1     0.6256246050E-05
       12       10        1     0.3593904701E-04
       13       14        1     0.6073310146E-04
       14       18        1     0.8793193014E-04
       15       22        1     0.1109148135E-03
       16       26        1     0.1335774708E-03
       17      110        2     0.3836010016E-04
        3       12        1     0.3958104778E-04
        4       18        1     0.1028381684E-03
        5       24        1     0.1647276393E-03
        6       30        1     0.2272743119E-03
        7       34        1     0.2996113766E-03
        8       42        1     0.3627942441E-03
        9       46        1     0.4257260409E-03
       10       50        1     0.4893210198E-03
       11       52        1     0.5665883356E-03
       12       56        1     0.6342348963E-03
       13       60        1     0.7197885386E-03
       14       62        1     0.8008722281E-03
       15       66        1     0.8949405821E-03
       16       70        1     0.9856123477E-03
       17       74        1     0.1079005665E-02
       18      226        4     0.3811455180E-03
       19      304        5     0.3356291905E-05
       20      308        5     0.6234638753E-05
       16        8        1     0.5550783930E-06
       17       14        1     0.3083905989E-05
       18       18        1     0.5622201263E-05
       19       22        1     0.8085704418E-05
       20       28        1     0.1042374192E-04
        9       12        1     0.1004394939E-03
       10       26        1     0.2907615719E-03
       11       32        1     0.5034865619E-03
       12       36        1     0.6776511305E-03
       13       38        1     0.8460785427E-03
       14       40        1     0.1012646046E-02
       15       44        1     0.1173961545E-02
       16       44        1     0.1311784578E-02
       17       48        1     0.1502568250E-02
       18       52        1     0.1671648132E-02
       19       56        1     0.1865927512E-02
       20       60        1     0.2047306690E-02
       21      412        7     0.2603534310E-03
       22      416        7     0.2743030553E-03
       23      520        9     0.9246610727E-05
       24      522        9     0.1639542969E-04
       25      526        9     0.2372258132E-04
       26      528        9     0.2919206408E-04
       27      530        9     0.3717612796E-04
       28      534        9     0.4295483185E-04
       29      536        9     0.4506741045E-04
       24       12        1     0.8118784897E-04
       25       18        1     0.2058082190E-03
       15       10        1     0.6872808624E-04
       16       22        1     0.2009322783E-03
       17       28        1     0.3360905207E-03
       18       32        1     0.4579114266E-03
       19       36        1     0.5757313569E-03
       20       36        1     0.6846713877E-03
       21       40        1     0.8071572378E-03
       22       44        1     0.9203145058E-03
       23       44        1     0.1033523390E-02
       24       48        1     0.1153706646E-02
       25       50        1     0.1263149605E-02
       26       84        2     0.1743185386E-02
       27       86        2     0.1989031787E-02
       28       90        2     0.2208089767E-02
       29       94        2     0.2433852120E-02
       30      642       11     0.1085022926E-03
       31      646       11     0.1275600037E-03
       32      650       11     0.1420237621E-03
       33      652       11     0.1522270062E-03
       34      760       13     0.9109055134E-05
       35      764       13     0.1356222670E-04
       36      766       13     0.1684913883E-04
       37      768       13     0.2080921822E-04
       38      772       13     0.2301791001E-04
       39      774       13     0.2506478049E-04
       40      778       13     0.2768890848E-04
       41      782       13     0.2906806396E-04
       19        8        1     0.1577064848E-04
       20       20        2     0.5185478997E-04
       21       22        2     0.8565258265E-04
       22       26        2     0.1170951441E-03
       23       34        2     0.1476754125E-03
       24       36        2     0.1751378848E-03
       25       38        2     0.1978827526E-03
       26       42        2     0.2226453145E-03
       27       44        2     0.2425594874E-03
       28       46        2     0.2628446261E-03
       29       48        2     0.2882581125E-03
       30       50        2     0.3063072145E-03
       31       52        2     0.3299943037E-03
       32       56        2     0.3561448310E-03
       33       84        3     0.4932378080E-03
       34       86        3     0.6224232924E-03
       35       90        3     0.7169421072E-03
       36       94        3     0.7978462078E-03
       37       94        3     0.8740772015E-03
       38       98        3     0.9448151764E-03
       39      100        3     0.1018800471E-02
       40      104        3     0.1085261966E-02
       41      106        3     0.1166033132E-02
       42      894       16     0.2669574253E-04
       43      898       16     0.2885039554E-04
       44      900       16     0.3052049320E-04
       45     1020       19     0.9121024851E-06
       46     1024       19     0.1475243826E-05
       47     1024       19     0.1955103093E-05
       48     1028       19     0.2364983540E-05
       49     1032       19     0.2728546628E-05
       20       12        2     0.1166585146E-06
       21       18        2     0.1657949770E-07
       22       26        2     0.8391053288E-08
       23       32        2     0.6616026914E-06
       24       36        2     0.2946513860E-05
       25       40        2     0.5876234042E-05
       26       42        2     0.1207336945E-04
       27       46        2     0.1762362674E-04
       28       46        2     0.2314438464E-04
       29       50        2     0.3332072453E-04
       30       50        2     0.3908707594E-04
       31       52        2     0.4910344176E-04
       32       56        2     0.6026598638E-04
       33       56        2     0.7095854992E-04
       34       60        2     0.7989771568E-04
       35       62        2     0.9367126463E-04
       36       64        2     0.1027613309E-03
       37       68        2     0.1100763609E-03
       38       74        2     0.1120528573E-03
       39       94        4     0.6632957539E-04
       40       98        4     0.4255251654E-04
       41      100        4     0.3003741303E-04
       42      102        4     0.2410517837E-04
       43      104        4     0.1992898854E-04
       44      106        4     0.1772508382E-04
       45      108        4     0.1383954499E-04
       46      110        4     0.1324561800E-04
       47      112        4     0.1161756978E-04
       48      116        4     0.1023674745E-04
       40        4        1     0.5555510447E-05
       41       14        1     0.2823557295E-04
       18        2        1     0.8831389141E-07
       19       20        1     0.1203059697E-04
       20       26        1     0.2363473968E-04
       21       34        1     0.3946901625E-04
       22       40        1     0.6092552672E-04
       23       44        1     0.7996091425E-04
       24       46        1     0.9596051358E-04
       25       50        1     0.1244701634E-03
       26       52        1     0.1479090800E-03
       27       54        1     0.1751629059E-03
       28       56        1     0.2058663746E-03
       29       58        1     0.2388770760E-03
       30       62        1     0.2766813616E-03
       31       62        1     0.3060141626E-03
       32       64        1     0.3409995567E-03
       33       64        1     0.3694125193E-03
       34       68        1     0.4072997120E-03
       35       68        1     0.4390077865E-03
       36       72        1     0.4681584120E-03
       37       72        1     0.4894473683E-03
       38       72        1     0.5114162255E-03
       39       76        1     0.5378949311E-03
       40       76        1     0.5625989626E-03
       41       78        1     0.5680709355E-03
       42      104        2     0.4535675705E-03
       43      106        2     0.4114920060E-03
       44      110        2     0.3872674345E-03
       45      110        2     0.3729352977E-03
       46      114        2     0.3604629192E-03
       47      118        2     0.3512352168E-03
       40        8        1     0.1027779768E-04
       41       12        1     0.3021474070E-04
       42       16        1     0.4979878326E-04
       43       18        1     0.6699649575E-04
       44       22        1     0.8987442738E-04
       18       14        1     0.2835717828E-06
       19       24        1     0.1642777057E-05
       20       32        1     0.4001902804E-05
       21       38        1     0.6358362679E-05
       22       42        1     0.8196059346E-05
       23       46        1     0.9118687056E-05
       24       50        1     0.9739450468E-05
       25       52        1     0.8744442974E-05
       26       56        1     0.1033450479E-04
       27       58        1     0.1112679991E-04
       28       58        1     0.1223530087E-04
       29       62        1     0.1312317947E-04
       30       62        1     0.1421953158E-04
       31       66        1     0.1585774582E-04
       32       66        1     0.1681837167E-04
       33       68        1     0.1913381291E-04
       34       70        1     0.2135307614E-04
       35       70        1     0.2243173486E-04
       36       72        1     0.2452086471E-04
       37       74        1     0.2636465950E-04
       38       74        1     0.2753994369E-04
       39       76        1     0.3065793470E-04
       40       78        1     0.3314155532E-04
       41       78        1     0.3478295009E-04
       42       82        1     0.3735679324E-04
       43       84        1     0.3930379732E-04
       40        6        1     0.1513283432E-04
       41       10        1     0.3673181983E-04
       42       16        1     0.6564510959E-04
       43       22        1     0.8630875919E-04
       44      112        2     0.8322328167E-04
       45      142        3     0.1578434268E-03
       46      146        3     0.1894009568E-03
       47      150        3     0.2149730711E-03
       20       16        2     0.4313530214E-05
       21       20        2     0.1119584619E-04
       22       30        2     0.2133695750E-04
       23       38        2     0.3139937446E-04
       24       42        2     0.4127995751E-04
       25       42        2     0.5116604041E-04
       26       46        2     0.6175050798E-04
       27       48        2     0.7232938608E-04
       28       50        2     0.8506692608E-04
       29       52        2     0.9739835015E-04
       30       54        2     0.1071636543E-03
       31       56        2     0.1243255856E-03
       32       58        2     0.1395191587E-03
       33       60        2     0.1479328587E-03
       34       62        2     0.1671398025E-03
       35       66        2     0.1822323704E-03
       36       66        2     0.1946400492E-03
       37       70        2     0.2140702838E-03
       38       70        2     0.2250647507E-03
       39       74        2     0.2389810600E-03
       40       76        2     0.2451186941E-03
       40       10        1     0.3869276928E-05
       41      102        3     0.2526726028E-03
       42      104        3     0.2558620043E-03
       43      106        3     0.2637610159E-03
       44      108        3     0.2685989105E-03
       45      110        3     0.2804481179E-03
       46      114        3     0.2889628891E-03
       47      118        3     0.2995149701E-03
       48      390        8     0.7746091383E-04
       49      518       12     0.4632381644E-04
       20       12        2     0.7087414574E-06
       21       16        2     0.1107114406E-05
       22       22        2     0.2839026564E-05
       23       28        2     0.4623570141E-05
       24       32        2     0.6305343015E-05
       25       36        2     0.7698372011E-05
       26       40        2     0.9669082984E-05
       27       42        2     0.1065921008E-04
       28       44        2     0.1146113444E-04
       29       46        2     0.1158107972E-04
       30       48        2     0.1454087319E-04
       31       50        2     0.1421009313E-04
       32       52        2     0.1580712929E-04
       33       56        2     0.1721898378E-04
       34       58        2     0.1796813884E-04
       35       62        2     0.2030329845E-04
       35       16        1     0.3253906796E-04
       36       88        3     0.5910945668E-04
       37       90        3     0.8245215089E-04
       38       94        3     0.1010500086E-03
       39       96        3     0.1187199442E-03
       40       98        3     0.1375028162E-03
       41      102        3     0.1551713333E-03
       42      102        3     0.1726691791E-03
       43      106        3     0.1901804157E-03
       44      108        3     0.2088384625E-03
       45      110        3     0.2277837224E-03
       17        8        1     0.1344882803E-04
       18       18        2     0.3962208206E-04
       19       24        2     0.8365425713E-04
       20       28        2     0.1282813542E-03
       21       32        2     0.1802438100E-03
       22       36        2     0.2263930850E-03
       23       36        2     0.2703255430E-03
       24       40        2     0.3203944595E-03
       25       44        2     0.3663906509E-03
       26       46        2     0.4096189958E-03
       27       50        2     0.4590162893E-03
       28       52        2     0.5087671264E-03
       27       10        1     0.9569785394E-04
       28       20        1     0.2963595665E-03
       29       84        3     0.9724419658E-03
       30       84        3     0.1163013689E-02
       31       88        3     0.1347098956E-02
       32       90        3     0.1533426071E-02
       33       94        3     0.1705660607E-02
       34       98        3     0.1881508112E-02
       35      100        3     0.2066742859E-02
       12       12        1     0.7038315432E-04
       13       24        1     0.1777693735E-03
       14       30        1     0.3022462466E-03
       15       34        1     0.4138196364E-03
       16       38        1     0.5306151554E-03
       17       40        1     0.6385261216E-03
       18       42        1     0.7449553474E-03
       19       44        1     0.8457386909E-03
       20       48        1     0.9765661158E-03
       21       52        1     0.1093239163E-02
       18        6        1     0.5564490803E-04
       19       14        1     0.1944723646E-03
       20       20        1     0.3447764445E-03
       21       24        1     0.4946093495E-03
       22       88        2     0.1847279830E-02
       23       92        2     0.2138613230E-02
        5        6        1     0.2819496716E-04
        6       18        1     0.1222703897E-03
        7       24        1     0.2062938568E-03
        8       32        1     0.2820872656E-03
        9       36        1     0.3362544787E-03
       10       40        1     0.4222987691E-03
       11       44        1     0.4996753981E-03
       12       48        1     0.5909596801E-03
       13       50        1     0.6777095814E-03
       14       54        1     0.7789636333E-03
       15       56        1     0.8788092719E-03
       16       60        1     0.9919421442E-03
       17       64        1     0.1100406699E-02
       18       68        1     0.1207468410E-02
       14        6        1     0.3497210943E-04
       15       12        1     0.1357590470E-03
       16       18        1     0.2430037283E-03
       17       22        1     0.3444191105E-03
       18       28        1     0.4448290925E-03
        1        6        1     0.8380843999E-06
        2       14        1     0.1723214201E-05
        3       18        1     0.2026553431E-05
        4       24        1     0.2463700086E-05
        5       30        1     0.2979050161E-05
        6       36        1     0.1926299462E-05
        7       42        1     0.1380766182E-05
        8       46        1     0.6502000017E-06
        9       50        1     0.5449323998E-06
       10       56        1     0.5145990636E-06
       11       60        1     0.6168149314E-06
       12       60        1     0.4506932805E-06
       13       64        1     0.6174696466E-06
       14       68        1     0.4611351975E-06
       15       70        1     0.3013081646E-06
       16       74        1     0.5370891221E-06
       11        6        1     0.6579396955E-05
       12       12        1     0.2047475475E-04
       13       16        1     0.3208019290E-04
       14       20        1     0.4262911512E-04
       15       24        1     0.5181042480E-04
       16       26        1     0.6002443287E-04
       17      112        2     0.9378865724E-05
        2        4        1     0.5819100933E-05
        3       14        1     0.4956957972E-04
        4       22        1     0.9698477413E-04
        5       28        1     0.1373199109E-03
        6       32        1     0.1810522910E-03
        7       38        1     0.2318789606E-03
        8       44        1     0.2814153882E-03
        9       48        1     0.3268050439E-03
       10       52        1     0.3769572637E-03
       11       54        1     0.4273801548E-03
       12       58        1     0.4820254976E-03
       13       62        1     0.5383772043E-03
       14       64        1     0.6065042020E-03
       15       68        1     0.6683406291E-03
       16       72        1     0.7306964395E-03
       17       74        1     0.7955132442E-03
       18      192        3     0.4644928693E-03
       19      302        5     0.2693550001E-04
       16        8        1     0.2818223612E-06
       17       14        1     0.5359664407E-06
       18       18        1     0.9101311107E-06
       19       22        1     0.1510424907E-05
        8       10        1     0.5562807621E-04
        9       20        1     0.2109403690E-03
       10       30        1     0.4000252599E-03
       11       34        1     0.5502938699E-03
       12       38        1     0.7010911915E-03
       13       40        1     0.8461384425E-03
       14       42        1     0.9829922190E-03
       15       46        1     0.1138798486E-02
       16       48        1     0.1288527757E-02
       17       50        1     0.1441770840E-02
       18       54        1     0.1627489966E-02
       19       58        1     0.1795208321E-02
       20      406        7     0.1434531683E-03
       21      412        7     0.1480591599E-03
       22      416        7     0.1535878785E-03
       23      420        7     0.1546506577E-03
       24      522        9     0.4912005966E-04
       25      526        9     0.6797491968E-04
       26      528        9     0.8762188079E-04
       27      532        9     0.1041198489E-03
       28      536        9     0.1202885692E-03
       23       12        1     0.9559027567E-04
       24       18        1     0.2781692820E-03
       25       24        1     0.4402725833E-03
       14       10        1     0.3841872587E-04
       15       20        1     0.1309282555E-03
       16       28        1     0.2446619425E-03
       17       32        1     0.3468768297E-03
       18       34        1     0.4407991959E-03
       19       36        1     0.5453062682E-03
       20       40        1     0.6470746646E-03
       21       40        1     0.7338628168E-03
       22       44        1     0.8477397372E-03
       23       48        1     0.9538491823E-03
       24       50        1     0.1057950854E-02
       25       56        1     0.1189291175E-02
       26       86        2     0.1913505468E-02
       27       90        2     0.2169200906E-02
       28       94        2     0.2421393052E-02
       29      640       11     0.4184600274E-04
       30      642       11     0.5124426293E-04
       31      646       11     0.5721394902E-04
       32      650       11     0.6295354879E-04
       33      650       11     0.6862040605E-04
       34      654       11     0.7263307945E-04
       35      660       11     0.7478303193E-04
       36      766       14     0.4303456003E-04
       37      770       14     0.5042912873E-04
       38      772       14     0.5734430227E-04
       39      776       14     0.6291677173E-04
       40      780       14     0.6739000022E-04
       32       16        1     0.1396174721E-03
       18        4        1     0.4524539656E-05
       19       16        2     0.2949491596E-04
       20       20        2     0.6098538585E-04
       21       26        2     0.9063544619E-04
       22       30        2     0.1195764249E-03
       23       34        2     0.1465829191E-03
       24       36        2     0.1710533195E-03
       25       40        2     0.1942754560E-03
       26       42        2     0.2144070144E-03
       27       44        2     0.2357380681E-03
       28       46        2     0.2517564718E-03
       29       48        2     0.2828755158E-03
       30       52        2     0.3043556986E-03
       31       54        2     0.3317614292E-03
       32       58        2     0.3662481901E-03
       33       86        3     0.6298913482E-03
       34       88        3     0.7484222433E-03
       35       90        3     0.8434521379E-03
       36       92        3     0.9481132457E-03
       37       96        3     0.1029602811E-02
       38      100        3     0.1115602518E-02
       39      102        3     0.1203615829E-02
       40      106        3     0.1295361653E-02
       41      890       17     0.8324585683E-05
       42      894       17     0.9472529042E-05
       43      898       17     0.1028951632E-04
       44      898       17     0.1054449884E-04
       45      902       17     0.1068287577E-04
       46     1024       20     0.2163208295E-05
       47     1024       20     0.3103327069E-05
       48     1028       20     0.3810590498E-05
       20       12        2     0.1442358700E-07
       21       18        2     0.2027307021E-06
       22       26        2     0.8271360900E-06
       23       30        2     0.3062057655E-05
       24       34        2     0.5915222164E-05
       25       40        2     0.1157093501E-04
       26       40        2     0.1602140369E-04
       27       44        2     0.2556993218E-04
       28       46        2     0.3395816633E-04
       29       48        2     0.3943663068E-04
       30       50        2     0.5141107689E-04
       31       52        2     0.6145112997E-04
       32       54        2     0.7008264851E-04
       33       56        2     0.8556110455E-04
       34       60        2     0.9185539127E-04
       35       62        2     0.1016219323E-03
       36       66        2     0.1148748821E-03
       37       68        2     0.1180057884E-03
       38       90        3     0.7805678702E-04
       39       96        3     0.4342605005E-04
       40       96        3     0.3376132863E-04
       41      100        3     0.2345998323E-04
       42      102        3     0.1780026050E-04
       43      104        3     0.1552476266E-04
       44      106        3     0.1205137644E-04
       45      108        3     0.1035464576E-04
       46      110        3     0.8087497884E-05
       47      114        3     0.7349032485E-05
       48      116        3     0.5828354605E-05
       49     1156       23     0.6625070085E-05
       40        8        1     0.1260680723E-04
       41       16        1     0.3305275856E-04
       19       18        1     0.1489832955E-04
       20       24        1     0.3135491846E-04
       21       30        1     0.5400774635E-04
       22       38        1     0.8173768602E-04
       23       42        1     0.1118705148E-03
       24       46        1     0.1392531804E-03
       25       48        1     0.1616515110E-03
       26       50        1     0.1999715895E-03
       27       52        1     0.2331163183E-03
       28       56        1     0.2677059461E-03
       29       56        1     0.3087300545E-03
       30       60        1     0.3496073208E-03
       31       62        1     0.3943780894E-03
       32       62        1     0.4355430286E-03
       33       66        1     0.4789542607E-03
       34       66        1     0.5123043075E-03
       35       68        1     0.5626109883E-03
       36       70        1     0.5950165985E-03
       37       72        1     0.6278435083E-03
       38       72        1     0.6608257445E-03
       39       74        1     0.6821618527E-03
       40       78        1     0.7103702151E-03
       41       80        1     0.7261585679E-03
       42      106        2     0.5742728249E-03
       43      106        2     0.5491958550E-03
       44      108        2     0.5234588576E-03
       45      112        2     0.5117546489E-03
       46      112        2     0.4998584237E-03
       47      116        2     0.4877933625E-03
       40       10        1     0.1812740728E-04
       41       14        1     0.3612206821E-04
       42       18        1     0.5317166995E-04
       43       22        1     0.6976111608E-04
       44       24        1     0.9096165700E-04
       18       14        1     0.2116052135E-09
       19       24        1     0.4464795494E-06
       20       32        1     0.1271940241E-05
       21       38        1     0.2123012710E-05
       22       42        1     0.2709548847E-05
       23       46        1     0.3088947805E-05
       24       50        1     0.3120788605E-05
       25       54        1     0.2981136273E-05
       26       54        1     0.2890111731E-05
       27       58        1     0.2878006384E-05
       28       60        1     0.3358301147E-05
       29       62        1     0.3343103397E-05
       30       64        1     0.3563766583E-05
       31       66        1     0.3955434223E-05
       32       66        1     0.3870178957E-05
       33       68        1     0.4983482804E-05
       34       70        1     0.5534753256E-05
       35       70        1     0.5504406539E-05
       36       72        1     0.6274921141E-05
       37       72        1     0.6757961694E-05
       38       74        1     0.6901205877E-05
       39       76        1     0.8460586549E-05
       40       78        1     0.9151076799E-05
       41       80        1     0.9783244351E-05
       42       82        1     0.1078351729E-04
       43       82        1     0.1135483150E-04
       39        2        0     0.6060157050E-06
       40       10        1     0.2017643416E-04
       41       14        1     0.4170676726E-04
       42       18        1     0.6345493117E-04
       43       22        1     0.8292138509E-04
       44      112        2     0.4164795960E-04
       45      144        3     0.1037094350E-03
       46      146        3     0.1225787290E-03
       47      150        3     0.1407005524E-03
       20       16        2     0.1200568037E-04
       21       24        2     0.2809648883E-04
       22       32        2     0.4769121781E-04
       23       38        2     0.6452573785E-04
       24       42        2     0.8386198374E-04
       25       44        2     0.1008301377E-03
       26       46        2     0.1146520590E-03
       27       48        2     0.1380804015E-03
       28       52        2     0.1544263253E-03
       29       52        2     0.1723609895E-03
       30       56        2     0.1953338979E-03
       31       58        2     0.2153247137E-03
       32       58        2     0.2360418674E-03
       33       62        2     0.2600479026E-03
       34       64        2     0.2818074022E-03
       35       66        2     0.3030847019E-03
       36       68        2     0.3288409451E-03
       37       68        2     0.3522770680E-03
       38       72        2     0.3701558099E-03
       39       74        2     0.3865701205E-03
       40       78        2     0.4068487823E-03
       39        2        1     0.1225698128E-06
       40       12        1     0.4746005514E-05
       41      102        3     0.4174874857E-03
       42      104        3     0.4266697794E-03
       43      106        3     0.4369414800E-03
       44      110        3     0.4479539086E-03
       45      110        3     0.4606162213E-03
       46      114        3     0.4717472300E-03
       47      116        3     0.4850567157E-03
       48      390        8     0.6019282057E-04
       49      396        8     0.6965788329E-04
       20       12        2     0.7320868024E-08
       21       16        2     0.9582169953E-07
       22       22        2     0.4894982048E-07
       23       28        2     0.1058305145E-06
       24       32        2     0.1770197657E-06
       25       36        2     0.2618176533E-06
       26       40        2     0.2904410959E-06
       27       42        2     0.4923653969E-06
       28       44        2     0.5701413065E-06
       29       46        2     0.8824905606E-06
       30       48        2     0.6187062567E-06
       31       50        2     0.1085642941E-05
       32       54        2     0.1171892992E-05
       33       54        2     0.1336724017E-05
       34       58        2     0.1340620122E-05
       35       62        2     0.1300543679E-05
       36       86        3     0.1731406161E-05
       37       90        3     0.8077954567E-05
       38       92        3     0.1533753684E-04
       39       96        3     0.2386298791E-04
       40       96        3     0.3172188602E-04
       41      100        3     0.3828437078E-04
       42      102        3     0.4776596378E-04
       43      104        3     0.5553599005E-04
       44      108        3     0.6354732017E-04
       45      110        3     0.7121773628E-04
       46      112        3     0.8182796531E-04
       17        4        1     0.4595453119E-05
       18       12        1     0.1843007085E-04
       19       22        1     0.3957717212E-04
       20       26        1     0.6358582651E-04
       21       30        1     0.9348413408E-04
       22       34        1     0.1205745465E-03
       23       36        1     0.1471420707E-03
       24       40        1     0.1740549455E-03
       25       42        1     0.2009957452E-03
       26       46        1     0.2287434220E-03
       27       48        1     0.2558576172E-03
       28       52        1     0.2940056562E-03
       29       54        1     0.3373729912E-03
       28        8        1     0.9416527531E-04
       29       20        1     0.3473689029E-03
       30       82        2     0.7644340487E-03
       31       86        2     0.9534086333E-03
       32       88        2     0.1118130192E-02
       33       92        2     0.1284632228E-02
       34       94        2     0.1438067284E-02
       35       96        2     0.1584353717E-02
       36      102        2     0.1757590273E-02
       12        8        1     0.2554555188E-04
       13       18        1     0.9299186720E-04
       14       26        1     0.1798512694E-03
       15       32        1     0.2768529322E-03
       16       34        1     0.3616568181E-03
       17       38        1     0.4595726407E-03
       18       40        1     0.5476879188E-03
       19       44        1     0.6421804710E-03
       20       44        1     0.7229555125E-03
       21       48        1     0.8362435799E-03
       22       54        1     0.9481467393E-03
       19        6        1     0.7236694015E-04
       20       14        1     0.2499884005E-03
       21       20        1     0.4420341996E-03
       22       26        1     0.6420393214E-03
       23       88        2     0.1829749080E-02
       24       92        2     0.2129203881E-02
        6       16        2     0.7606014762E-04
        7       20        2     0.1624129985E-03
        8       28        2     0.2471785831E-03
        9       36        2     0.3113485957E-03
       10       40        2     0.3748288684E-03
       11       42        2     0.4677811145E-03
       12       44        2     0.5511188967E-03
       13       48        2     0.6514336872E-03
       14       52        2     0.7463524569E-03
       15       54        2     0.8558002470E-03
       16       58        2     0.9629068529E-03
       17       60        2     0.1081782582E-02
       18       64        2     0.1197906947E-02
       19       68        2     0.1302530115E-02
       15        8        1     0.4031119292E-04
       16       16        1     0.1249671689E-03
       17       20        1     0.2013602475E-03
       18       24        1     0.2811162446E-03
        1        4        1     0.1352523095E-05
        2       14        1     0.5052540484E-05
        3       18        1     0.7568031137E-05
        4       24        1     0.1002662980E-04
        5       30        1     0.1034655414E-04
        6       38        1     0.1059207760E-04
        7       42        1     0.1048915476E-04
        8       46        1     0.1121304969E-04
        9       50        1     0.1153739231E-04
       10       54        1     0.1239271266E-04
       11       58        1     0.1341464942E-04
       12       62        1     0.1440789689E-04
       13       64        1     0.1674922903E-04
       14       66        1     0.1644273380E-04
       15       70        1     0.1761595028E-04
       16       74        1     0.1917563200E-04
       11        8        1     0.3326676398E-05
       12       12        1     0.6470887085E-05
       13       16        1     0.9979974297E-05
       14       20        1     0.1257113558E-04
       15       24        1     0.1545204505E-04
       16       28        1     0.1713556077E-04
        2       10        1     0.1586569448E-04
        3       16        1     0.4268418485E-04
        4       22        1     0.6893864800E-04
        5       28        1     0.8828807248E-04
        6       34        1     0.1154089497E-03
        7       38        1     0.1416741754E-03
        8       44        1     0.1747899963E-03
        9       50        1     0.2009916699E-03
       10       52        1     0.2285745123E-03
       11       56        1     0.2585657632E-03
       12       60        1     0.2873209271E-03
       13       64        1     0.3237854919E-03
       14       66        1     0.3593380354E-03
       15       68        1     0.3882724988E-03
       16       72        1     0.4278613812E-03
       17      190        3     0.1592483743E-03
       18      192        3     0.1715513187E-03
       19      232        4     0.5960166400E-04
       16        8        1     0.2128032551E-05
       17       14        1     0.4245710990E-05
       18       18        1     0.6703077000E-05
       19       24        1     0.1225710749E-04
        7        6        1     0.1548839572E-04
        8       18        1     0.1488393590E-03
        9       28        1     0.2855785029E-03
       10       34        1     0.4106008541E-03
       11       38        1     0.5286735154E-03
       12       40        1     0.6477296174E-03
       13       42        1     0.7661799971E-03
       14       46        1     0.9018043182E-03
       15       48        1     0.1032365868E-02
       16       52        1     0.1164926951E-02
       17       54        1     0.1318995902E-02
       18       56        1     0.1463658004E-02
       19       60        1     0.1633282131E-02
       20      408        8     0.4887367047E-04
       21      412        8     0.5079371618E-04
       22      416        8     0.5034187630E-04
       23      420        8     0.4913946460E-04
       24      422        8     0.4982806735E-04
       25      526       10     0.1377425609E-03
       26      528       10     0.1732598194E-03
       27      532       10     0.2065890879E-03
       22       10        1     0.1244610497E-03
       23       18        1     0.3522393872E-03
       24       22        1     0.5454345762E-03
       13        4        1     0.4593679662E-05
       14       14        1     0.7505441864E-04
       15       24        1     0.1580313104E-03
       16       28        1     0.2449102693E-03
       17       32        1     0.3284912997E-03
       18       36        1     0.4180309850E-03
       19       40        1     0.4979527253E-03
       20       40        1     0.5801673650E-03
       21       44        1     0.6785291150E-03
       22       48        1     0.7654416476E-03
       23       50        1     0.8631536111E-03
       24       54        1     0.9787531137E-03
       25       86        2     0.1794928059E-02
       26       90        2     0.2077621819E-02
       27       92        2     0.2349056966E-02
       28      636       12     0.9438920003E-05
       29      640       12     0.1170113506E-04
       30      644       12     0.1387615998E-04
       31      646       12     0.1582885328E-04
       32      648       12     0.1666486958E-04
       33      652       12     0.1863423839E-04
       34      654       12     0.2023705155E-04
       35      656       12     0.2024314145E-04
       36      660       12     0.2166713687E-04
       37      770       14     0.8414790468E-04
       38      774       14     0.9615300948E-04
       39      778       14     0.1053488298E-03
       31       16        1     0.1575059717E-03
       18        6        1     0.1023461303E-04
       19       18        2     0.3197164966E-04
       20       22        2     0.5452637792E-04
       21       26        2     0.7855647706E-04
       22       30        2     0.1007950813E-03
       23       34        2     0.1231480788E-03
       24       38        2     0.1425933025E-03
       25       40        2     0.1640865681E-03
       26       44        2     0.1822410190E-03
       27       44        2     0.1993204999E-03
       28       48        2     0.2252894779E-03
       29       50        2     0.2490475815E-03
       30       52        2     0.2692970082E-03
       31       56        2     0.3105710086E-03
       32       84        3     0.5951801730E-03
       33       88        3     0.7362046867E-03
       34       88        3     0.8503773226E-03
       35       92        3     0.9694274305E-03
       36       94        3     0.1076187464E-02
       37       98        3     0.1175492985E-02
       38      102        3     0.1278587724E-02
       39      104        3     0.1391952289E-02
       40      888       17     0.1592898230E-05
       41      890       17     0.1890061543E-05
       42      892       17     0.2133992443E-05
       43      896       17     0.2260116218E-05
       44      898       17     0.2272764336E-05
       45      902       17     0.2274744374E-05
       46      906       17     0.2217344065E-05
       47     1026       20     0.2142410020E-05
       48     1030       20     0.2816249675E-05
       20       12        2     0.3545540488E-06
       21       18        2     0.1029736184E-05
       22       24        2     0.2303421361E-05
       23       30        2     0.5520268652E-05
       24       34        2     0.1010139107E-04
       25       38        2     0.1551049016E-04
       26       40        2     0.2157127144E-04
       27       44        2     0.2876252733E-04
       28       44        2     0.3678663947E-04
       29       48        2     0.4330085974E-04
       30       48        2     0.4857060114E-04
       31       52        2     0.6028585380E-04
       32       54        2     0.6940188305E-04
       33       56        2     0.7442637119E-04
       34       58        2     0.8584436121E-04
       35       62        2     0.9321914962E-04
       36       64        2     0.9656995768E-04
       37       82        3     0.8271048553E-04
       38       90        3     0.3968386021E-04
       39       94        3     0.2607499372E-04
       40       98        3     0.1560507382E-04
       41      100        3     0.1254045506E-04
       42      102        3     0.9644052518E-05
       43      104        3     0.6246611938E-05
       44      106        3     0.5040995935E-05
       45      108        3     0.3568307339E-05
       46      110        3     0.2983861086E-05
       47      114        3     0.1426867785E-05
       48      116        3     0.8438308487E-06
       49     1156       23     0.3409285499E-05
       39        4        1     0.6177103243E-06
       40       10        1     0.5282537787E-05
       41       18        1     0.1248482304E-04
       19       14        2     0.1147061670E-04
       20       22        2     0.3706760042E-04
       21       28        2     0.6357495236E-04
       22       38        2     0.9511602031E-04
       23       42        2     0.1257473427E-03
       24       44        2     0.1584648904E-03
       25       46        2     0.1894179792E-03
       26       50        2     0.2202752340E-03
       27       50        2     0.2575319770E-03
       28       54        2     0.2931282027E-03
       29       56        2     0.3317648621E-03
       30       58        2     0.3731497139E-03
       31       60        2     0.4138224891E-03
       32       62        2     0.4623860024E-03
       33       64        2     0.5039713045E-03
       34       66        2     0.5480809147E-03
       35       66        2     0.5846876861E-03
       36       70        2     0.6292971958E-03
       37       70        2     0.6639524346E-03
       38       74        2     0.6988343570E-03
       39       74        2     0.7293344332E-03
       40       78        2     0.7486449155E-03
       41       82        2     0.7735521414E-03
       42      104        3     0.6523637376E-03
       43      108        3     0.6386414462E-03
       44      108        3     0.6279745928E-03
       45      112        3     0.6215291940E-03
       46      112        3     0.6185458125E-03
       39        6        1     0.2336959912E-05
       40       12        1     0.7846075619E-05
       41       16        1     0.1181186690E-04
       42       18        1     0.1550197553E-04
       43       22        1     0.2160459402E-04
       18       16        1     0.2033265809E-07
       19       24        1     0.5098997615E-07
       20       32        1     0.1870277304E-06
       21       40        1     0.3238355077E-06
       22       42        1     0.3758653430E-06
       23       46        1     0.4629945702E-06
       24       50        1     0.4425482532E-06
       25       52        1     0.5945886680E-06
       26       56        1     0.3658979368E-06
       27       58        1     0.2995564305E-06
       28       60        1     0.4668319515E-06
       29       62        1     0.4115887129E-06
       30       64        1     0.4143661724E-06
       31       64        1     0.4381401354E-06
       32       68        1     0.4302004711E-06
       33       68        1     0.6311692835E-06
       34       68        1     0.7382098844E-06
       35       72        1     0.6806782099E-06
       36       72        1     0.7551089373E-06
       37       72        1     0.8046808768E-06
       38       76        1     0.9160322516E-06
       39       76        1     0.1141137753E-05
       40       78        1     0.1239124334E-05
       41       80        1     0.1344088529E-05
       42       80        1     0.1474923194E-05
       43       84        1     0.1782154240E-05
       39        6        1     0.9363980711E-06
       40       10        1     0.5020236945E-05
       41       16        1     0.1168746898E-04
       42       18        1     0.1750240038E-04
       43       22        1     0.2192269988E-04
       44      140        3     0.1890909900E-04
       45      144        3     0.2435244614E-04
       46      148        3     0.2873444205E-04
       19        4        1     0.2176207697E-05
       20       20        2     0.2484810095E-04
       21       24        2     0.4896767174E-04
       22       34        2     0.7624209149E-04
       23       40        2     0.1042996077E-03
       24       44        2     0.1284336182E-03
       25       44        2     0.1524550888E-03
       26       48        2     0.1814393317E-03
       27       48        2     0.2061588368E-03
       28       52        2     0.2329710458E-03
       29       54        2     0.2622932152E-03
       30       56        2     0.2912640472E-03
       31       58        2     0.3217501620E-03
       32       60        2     0.3581702522E-03
       33       62        2     0.3859355426E-03
       34       64        2     0.4188736382E-03
       35       66        2     0.4550528845E-03
       36       68        2     0.4863756881E-03
       37       70        2     0.5190487758E-03
       38       72        2     0.5409823994E-03
       39       76        2     0.5679435609E-03
       40       76        2     0.5961886089E-03
       39        4        1     0.1479200564E-06
       40       12        1     0.7805156438E-06
       41      102        3     0.5808316667E-03
       42      104        3     0.5849118832E-03
       43      106        3     0.5892773244E-03
       44      110        3     0.6007312290E-03
       45      110        3     0.6059205004E-03
       46      114        3     0.6130682028E-03
       47      388        9     0.1286962656E-04
       48      392        9     0.1527988782E-04
       49      396        9     0.1763320820E-04
       20       12        2     0.3959786063E-06
       21       16        2     0.1052633763E-05
       22       22        2     0.1630269456E-05
       23       28        2     0.3638462074E-05
       24       32        2     0.5610646881E-05
       25       36        2     0.7760610768E-05
       26       40        2     0.9935173955E-05
       27       42        2     0.1296734774E-04
       28       46        2     0.1571774662E-04
       29       46        2     0.1783588862E-04
       30       50        2     0.2265213878E-04
       31       50        2     0.2324140779E-04
       32       54        2     0.2634863799E-04
       33       56        2     0.2921398483E-04
       34       58        2     0.3097293217E-04
       35       62        2     0.3291352734E-04
       36       64        2     0.3200851933E-04
       36       14        1     0.2360135605E-04
       37       88        3     0.6691009278E-05
       38       92        3     0.1485432062E-05
       39       94        3     0.6720110978E-07
       40       98        3     0.2856192593E-06
       41      100        3     0.1234440590E-05
       42      102        3     0.2569587423E-05
       43      104        3     0.5094873841E-05
       44      106        3     0.6611743513E-05
       45      110        3     0.9113116029E-05
       46      112        3     0.1181375868E-04
       47      116        3     0.1525281314E-04
       17        2        0     0.6915578958E-06
       18        8        1     0.1293547204E-04
       19       20        2     0.2602682560E-04
       20       24        2     0.4548117313E-04
       21       28        2     0.6486596179E-04
       22       32        2     0.8729841189E-04
       23       36        2     0.1069063120E-03
       24       40        2     0.1250843821E-03
       25       42        2     0.1432812150E-03
       26       44        2     0.1639880884E-03
       27       46        2     0.1850102503E-03
       28       50        2     0.2131013161E-03
       29       52        2     0.2421963563E-03
       29        6        1     0.6093247739E-04
       30       78        3     0.4716457902E-03
       31       82        3     0.6656011031E-03
       32       86        3     0.8303867846E-03
       33       90        3     0.9733491804E-03
       34       92        3     0.1112131979E-02
       35       94        3     0.1242329947E-02
       36       96        3     0.1371815716E-02
       37      100        3     0.1513043472E-02
       13       12        1     0.4886633202E-04
       14       22        1     0.1208767369E-03
       15       28        1     0.1978122627E-03
       16       32        1     0.2799777540E-03
       17       36        1     0.3592008232E-03
       18       40        1     0.4433059066E-03
       19       40        1     0.5185488921E-03
       20       44        1     0.6090906681E-03
       21       48        1     0.6925023863E-03
       22       50        1     0.7962711621E-03
       23       54        1     0.8994049602E-03
       20        6        1     0.6228639238E-04
       21       14        1     0.2732631746E-03
       22       20        1     0.4789764894E-03
       23       26        1     0.7096654836E-03
       24       88        2     0.1827534877E-02
       25       92        2     0.2132080098E-02
        7       18        2     0.1202302611E-03
        8       22        2     0.2120094636E-03
        9       34        2     0.2997416294E-03
       10       38        2     0.3822931858E-03
       11       40        2     0.4592914786E-03
       12       42        2     0.5649097568E-03
       13       46        2     0.6618150810E-03
       14       48        2     0.7738949923E-03
       15       52        2     0.8861404743E-03
       16       56        2     0.1009207293E-02
       17       58        2     0.1129708834E-02
       18       62        2     0.1262839401E-02
       19       66        2     0.1391335328E-02
       15        2        1     0.1223864912E-05
       16       10        1     0.3558991029E-04
       17       16        1     0.7464877718E-04
       18       20        1     0.1081189435E-03
       19       28        1     0.1549993608E-03
        2       12        1     0.9765552813E-05
        3       18        1     0.1928758990E-04
        4       24        1     0.2727310571E-04
        5       30        1     0.3174834820E-04
        6       36        1     0.3705928235E-04
        7       40        1     0.4256602624E-04
        8       44        1     0.5032724022E-04
        9       48        1     0.5379944848E-04
       10       54        1     0.6143450448E-04
       11       58        1     0.6705587001E-04
       12       62        1     0.7464069443E-04
       13       64        1     0.8006211120E-04
       14       66        1     0.8982818668E-04
       15       70        1     0.9714521167E-04
       16       74        1     0.1030829256E-03
       11        8        1     0.1513488987E-06
       12       12        1     0.1958175142E-06
       13       16        1     0.3761168629E-06
       14       20        1     0.3864173387E-06
       15       24        1     0.5669300183E-06
       16       28        1     0.5491142807E-06
        2       12        1     0.1326654035E-04
        3       18        1     0.2656851276E-04
        4       24        1     0.3830295844E-04
        5       30        1     0.4704912706E-04
        6       36        1     0.5655977504E-04
        7       40        1     0.6999330442E-04
        8       44        1     0.8020515239E-04
        9       48        1     0.9258124689E-04
       10       52        1     0.9922757682E-04
       11       58        1     0.1131378052E-03
       12       62        1     0.1241918806E-03
       13       64        1     0.1393212453E-03
       14       66        1     0.1533043758E-03
       15       70        1     0.1672437574E-03
       16       72        1     0.1791517786E-03
       17      188        3     0.5959053311E-05
       18      192        3     0.6552848007E-05
       19      198        3     0.6664281114E-05
       16       10        1     0.1665526575E-04
       17       16        1     0.3629647221E-04
       18       20        1     0.5934095476E-04
       19       24        1     0.8234433120E-04
        7       16        2     0.9401859732E-04
        8       22        2     0.2044574680E-03
        9       32        2     0.2968340428E-03
       10       36        2     0.3808417558E-03
       11       38        2     0.4848971804E-03
       12       42        2     0.5820413462E-03
       13       46        2     0.6917257165E-03
       14       48        2     0.8057640192E-03
       15       52        2     0.9225492023E-03
       16       54        2     0.1047877843E-02
       17       58        2     0.1175198505E-02
       18       60        2     0.1311557985E-02
       19       64        2     0.1443152818E-02
       20      408        9     0.2186618750E-05
       21      412        9     0.1808991524E-05
       22      416        9     0.1825081786E-05
       23      418        9     0.1773991962E-05
       24      420        9     0.1787092972E-05
       25      426        9     0.1952521401E-05
       26      528       11     0.2793637379E-03
       21       10        1     0.1598673124E-03
       22       18        1     0.3951445902E-03
       23       22        1     0.5990501854E-03
       13       10        1     0.3195070135E-04
       14       20        1     0.1019340643E-03
       15       28        1     0.1848633400E-03
       16       32        1     0.2605463637E-03
       17       36        1     0.3418633281E-03
       18       38        1     0.4163641536E-03
       19       40        1     0.4953885412E-03
       20       44        1     0.5856295888E-03
       21       44        1     0.6611939406E-03
       22       48        1     0.7604481089E-03
       23       54        1     0.8554248221E-03
       24       86        2     0.1710482123E-02
       25       90        2     0.2005542961E-02
       26       92        2     0.2289230813E-02
       27      632       13     0.2641152300E-06
       28      636       13     0.3113036849E-06
       29      640       13     0.4229481763E-06
       30      644       13     0.4323931817E-06
       31      646       13     0.4489745665E-06
       32      648       13     0.6351865490E-06
       33      652       13     0.5963696427E-06
       34      654       13     0.5649295191E-06
       35      656       13     0.7731482271E-06
       36      660       13     0.7038570376E-06
       37      664       13     0.7802094492E-06
       38      778       16     0.1376327517E-03
       30       14        1     0.1900754876E-03
       18        8        1     0.1184672514E-04
       19       18        2     0.2814494085E-04
       20       22        2     0.4320884681E-04
       21       28        2     0.6567548724E-04
       22       32        2     0.8563103008E-04
       23       36        2     0.1055214939E-03
       24       40        2     0.1222454572E-03
       25       40        2     0.1409264385E-03
       26       44        2     0.1592350392E-03
       27       46        2     0.1814792386E-03
       28       48        2     0.2022768376E-03
       29       50        2     0.2272818608E-03
       30       56        2     0.2651236095E-03
       31       82        3     0.5759569370E-03
       32       86        3     0.7364276114E-03
       33       88        3     0.8681355819E-03
       34       90        3     0.1008342790E-02
       35       94        3     0.1131558692E-02
       36       98        3     0.1257459546E-02
       37      100        3     0.1378495441E-02
       38      104        3     0.1510087924E-02
       39      884       19     0.2961667052E-07
       40      888       19     0.4907688632E-07
       41      892       19     0.5971350351E-07
       42      892       19     0.5936179638E-07
       43      896       19     0.6642322227E-07
       44      896       19     0.7269242467E-07
       45      900       19     0.6209224028E-07
       46      904       19     0.6406868024E-07
       47      908       19     0.5316899266E-07
       36        2        1     0.5206538905E-06
       20       12        2     0.5223540477E-06
       21       18        2     0.1245021381E-05
       22       22        2     0.2396642138E-05
       23       28        2     0.5069782871E-05
       24       32        2     0.8398079628E-05
       25       38        2     0.1196745702E-04
       26       40        2     0.1597491701E-04
       27       42        2     0.1912625707E-04
       28       44        2     0.2588376887E-04
       29       46        2     0.2791408602E-04
       30       48        2     0.3319788828E-04
       31       52        2     0.3768524893E-04
       32       52        2     0.4389612501E-04
       33       56        2     0.4639450675E-04
       34       60        2     0.4962084015E-04
       35       60        2     0.5598546080E-04
       36       66        2     0.5678421591E-04
       37       88        3     0.1970357154E-04
       38       92        3     0.1005322584E-04
       39       94        3     0.4023736637E-05
       40       98        3     0.1723921195E-05
       41      100        3     0.5801448921E-06
       42      102        3     0.4246154319E-07
       43      104        3     0.4488394671E-07
       44      106        3     0.5132628738E-06
       45      108        3     0.7262722004E-06
       46      110        3     0.2171626085E-05
       47      114        3     0.3442074445E-05
       48     1152       25     0.1513391620E-06
       49     1156       25     0.1493610896E-06
       39        4        1     0.1338101576E-08
       40       12        1     0.3465023979E-07
       19        8        1     0.4570219883E-05
       20       20        2     0.3114435333E-04
       21       26        2     0.5606462300E-04
       22       34        2     0.8717562880E-04
       23       40        2     0.1156868756E-03
       24       44        2     0.1465585597E-03
       25       44        2     0.1721068991E-03
       26       48        2     0.2013963056E-03
       27       50        2     0.2330550938E-03
       28       52        2     0.2631763376E-03
       29       54        2     0.2954785157E-03
       30       56        2     0.3319909351E-03
       31       58        2     0.3634879232E-03
       32       60        2     0.4003283916E-03
       33       64        2     0.4424657835E-03
       34       64        2     0.4771978814E-03
       35       66        2     0.5170736841E-03
       36       68        2     0.5416021056E-03
       37       70        2     0.5847378344E-03
       38       72        2     0.6128756388E-03
       39       74        2     0.6459327994E-03
       40       76        2     0.6640005127E-03
       41      104        3     0.6377455099E-03
       42      104        3     0.6340528187E-03
       43      108        3     0.6323946723E-03
       44      108        3     0.6373286945E-03
       45      112        3     0.6403022755E-03
       46      114        3     0.6460727684E-03
       39        6        1     0.3580524943E-07
       40       10        1     0.4487538703E-06
       41       16        1     0.1589195541E-05
       42       18        1     0.2639364084E-05
       43       22        1     0.2880708304E-05
       18       16        1     0.4525313442E-08
       19       24        1     0.6593265846E-08
       20       32        1     0.2120847499E-07
       21       40        1     0.4933751770E-07
       22       44        1     0.5749828507E-07
       23       46        1     0.4065367394E-07
       24       48        1     0.1007028983E-06
       25       52        1     0.3642897478E-07
       26       56        1     0.5989387087E-07
       27       56        1     0.9096162271E-07
       28       60        1     0.3209293047E-07
       29       60        1     0.2031552198E-07
       30       64        1     0.6345428956E-07
       31       64        1     0.8224509355E-07
       32       68        1     0.7039427548E-07
       33       68        1     0.5452805433E-07
       34       68        1     0.4811664348E-07
       35       72        1     0.8705689309E-07
       36       72        1     0.1096249910E-06
       37       72        1     0.1266141145E-06
       38       76        1     0.1248382352E-06
       39       76        1     0.1186904902E-06
       40       76        1     0.1180109453E-06
       41       80        1     0.1832245972E-06
       42       80        1     0.2158775202E-06
       43       84        1     0.2127789880E-06
       39        6        1     0.8032622318E-06
       40       12        1     0.1705463252E-05
       41       16        1     0.1924489932E-05
       42       18        1     0.2386016564E-05
       43       22        1     0.3298243769E-05
       44      140        3     0.2689850023E-05
       45      144        3     0.3500827349E-05
       46      148        3     0.4101565672E-05
       19       10        1     0.7770711152E-05
       20       20        2     0.3410572123E-04
       21       28        2     0.6292370376E-04
       22       36        2     0.9314821750E-04
       23       40        2     0.1258104794E-03
       24       44        2     0.1560235283E-03
       25       46        2     0.1867954576E-03
       26       48        2     0.2194244656E-03
       27       50        2     0.2518737344E-03
       28       54        2     0.2810288425E-03
       29       54        2     0.3229182281E-03
       30       58        2     0.3605423546E-03
       31       60        2     0.4029047572E-03
       32       60        2     0.4440205483E-03
       33       64        2     0.4838821648E-03
       34       66        2     0.5242815485E-03
       35       66        2     0.5691967054E-03
       36       70        2     0.6049225155E-03
       37       70        2     0.6422424462E-03
       38       72        2     0.6651493335E-03
       39       74        2     0.7057834220E-03
       40       76        2     0.7307537838E-03
       39        4        1     0.2452532908E-06
       40       12        1     0.2090268961E-05
       41      102        3     0.6797966838E-03
       42      104        3     0.6553352966E-03
       43      108        3     0.6493673867E-03
       44      108        3     0.6515706066E-03
       45      112        3     0.6446301303E-03
       46      112        3     0.6450486293E-03
       47      388        9     0.1803976819E-05
       48      392        9     0.2207812836E-05
       49      396        9     0.2541697283E-05
       20       12        2     0.4259139373E-06
       21       18        2     0.1256984301E-05
       22       22        2     0.2065171726E-05
       23       28        2     0.6014935782E-05
       24       34        2     0.9995006028E-05
       25       38        2     0.1498250814E-04
       26       40        2     0.2123109637E-04
       27       42        2     0.2561654432E-04
       28       44        2     0.3236817091E-04
       29       48        2     0.3787216019E-04
       30       48        2     0.4708761121E-04
       31       52        2     0.5174899769E-04
       32       52        2     0.5690609802E-04
       33       56        2     0.6604866021E-04
       34       60        2     0.7335543583E-04
       35       60        2     0.7583951844E-04
       36       64        2     0.8413331115E-04
       37       86        3     0.4635485033E-04
       38       92        3     0.2405386540E-04
       39       96        3     0.1468040871E-04
       40       96        3     0.1025154269E-04
       41      100        3     0.5800587618E-05
       42      102        3     0.3396353119E-05
       43      104        3     0.2530761779E-05
       44      106        3     0.1205113622E-05
       45      108        3     0.5597960383E-06
       46      112        3     0.1566219860E-06
       47      114        3     0.6255742292E-08
       18        6        1     0.1141317880E-04
       19       18        2     0.2984937389E-04
       20       22        2     0.5014645674E-04
       21       26        2     0.6932765405E-04
       22       32        2     0.9285683512E-04
       23       36        2     0.1127603864E-03
       24       36        2     0.1306748358E-03
       25       40        2     0.1480011189E-03
       26       44        2     0.1692232998E-03
       27       46        2     0.1885215317E-03
       28       48        2     0.2071644311E-03
       29       50        2     0.2362923495E-03
       30       54        2     0.2642441312E-03
       30        6        1     0.3491112598E-04
       31       78        3     0.4763921622E-03
       32       84        3     0.6500017750E-03
       33       88        3     0.7944524744E-03
       34       90        3     0.9180507399E-03
       35       94        3     0.1030753849E-02
       36       94        3     0.1144906531E-02
       37       98        3     0.1252648154E-02
       38      102        3     0.1370656016E-02
       13        8        1     0.1720637766E-04
       14       16        1     0.8252279009E-04
       15       26        1     0.1689114160E-03
       16       32        1     0.2504673803E-03
       17       32        1     0.3234849149E-03
       18       36        1     0.4069094468E-03
       19       40        1     0.4951248030E-03
       20       42        1     0.5663173450E-03
       21       44        1     0.6605039779E-03
       22       48        1     0.7518799844E-03
       23       50        1     0.8547746654E-03
       24       56        1     0.9716756302E-03
       21        4        1     0.2988714871E-04
       22       14        1     0.2523810365E-03
       23       20        1     0.4563923206E-03
       24       26        1     0.6845269803E-03
       25       88        2     0.1872659593E-02
       26       92        2     0.2177110167E-02
        7       12        1     0.4448555086E-04
        8       18        1     0.1766915317E-03
        9       30        1     0.2861249792E-03
       10       34        1     0.4043603570E-03
       11       38        1     0.5077123850E-03
       12       42        1     0.6086285810E-03
       13       42        1     0.7295753624E-03
       14       46        1     0.8463244271E-03
       15       50        1     0.9823269343E-03
       16       52        1     0.1113008378E-02
       17       56        1     0.1257606504E-02
       18       60        1     0.1399308200E-02
       19       64        1     0.1549344957E-02
       16        8        1     0.5580548797E-05
       17       14        1     0.1249376609E-04
       18       20        1     0.2199231361E-04
       19       24        1     0.3374268993E-04
        2       12        1     0.1532154762E-04
        3       16        1     0.3588963620E-04
        4       22        1     0.5276396525E-04
        5       28        1     0.6841536060E-04
        6       36        1     0.8416945432E-04
        7       40        1     0.1076151164E-03
        8       44        1     0.1299732295E-03
        9       50        1     0.1454939588E-03
       10       54        1     0.1653831991E-03
       11       56        1     0.1822955752E-03
       12       60        1     0.2066193110E-03
       13       64        1     0.2288478523E-03
       14       66        1     0.2546922411E-03
       15       70        1     0.2770296772E-03
       16       72        1     0.2986793566E-03
       11        8        1     0.1254280614E-05
       12       12        1     0.2746511581E-05
       13       16        1     0.3758968260E-05
       14       20        1     0.5134645492E-05
       15       24        1     0.5760535296E-05
       16       28        1     0.6697570078E-05
        1        4        1     0.1066443766E-05
        2       14        1     0.7471792003E-05
        3       18        1     0.1222518581E-04
        4       24        1     0.1576342950E-04
        5       30        1     0.1825601362E-04
        6       36        1     0.1897114272E-04
        7       42        1     0.2192744678E-04
        8       46        1     0.2373644295E-04
        9       50        1     0.2654897931E-04
       10       54        1     0.2847307196E-04
       11       58        1     0.3113635772E-04
       12       62        1     0.3468188975E-04
       13       64        1     0.3794045771E-04
       14       66        1     0.3957501281E-04
       15       70        1     0.4374886758E-04
       16       74        1     0.4669009208E-04
       17      188        3     0.6652580765E-04
       18      192        3     0.6978503770E-04
       19      198        3     0.7265531765E-04
       15        4        1     0.1409155866E-04
       16       12        1     0.7653416655E-04
       17       18        1     0.1356888607E-03
       18       22        1     0.1954420012E-03
       19       28        1     0.2623566085E-03
        6       12        2     0.4199525913E-04
        7       20        2     0.1462226336E-03
        8       26        2     0.2319762165E-03
        9       34        2     0.2906560452E-03
       10       38        2     0.3806063512E-03
       11       42        2     0.4611339658E-03
       12       44        2     0.5562819341E-03
       13       48        2     0.6525163889E-03
       14       50        2     0.7520985682E-03
       15       54        2     0.8610923778E-03
       16       58        2     0.9724123606E-03
       17       60        2     0.1092887622E-02
       18       62        2     0.1203223526E-02
       19       66        2     0.1340170921E-02
       20      410        8     0.2014611136E-04
       21      412        8     0.1926750642E-04
       22      414        8     0.2047137358E-04
       23      418        8     0.2046600094E-04
       24      422        8     0.1935256880E-04
       25      424        8     0.1931914925E-04
       20       10        1     0.1722934007E-03
       21       18        1     0.3853788250E-03
       22       22        1     0.5766902001E-03
       12        4        1     0.7736311000E-05
       13       14        1     0.6796699428E-04
       14       26        1     0.1502090744E-03
       15       30        1     0.2330583541E-03
       16       34        1     0.3209853077E-03
       17       38        1     0.4007649817E-03
       18       40        1     0.4843748811E-03
       19       42        1     0.5767548095E-03
       20       44        1     0.6618003886E-03
       21       48        1     0.7605861453E-03
       22       50        1     0.8483749145E-03
       23       86        2     0.1683927900E-02
       24       90        2     0.1982555708E-02
       25       94        2     0.2273247334E-02
       26      528       10     0.2253103483E-03
       27      632       12     0.1939954149E-05
       28      636       12     0.3323331402E-05
       29      640       12     0.4447002431E-05
       30      642       12     0.5315569990E-05
       31      646       12     0.5793176114E-05
       32      650       12     0.6359202798E-05
       33      650       12     0.7003878368E-05
       34      654       12     0.7430089050E-05
       35      658       12     0.7824810004E-05
       36      660       12     0.7703061340E-05
       29       16        1     0.2233492371E-03
       17        4        1     0.2553019010E-05
       18       10        1     0.1484918400E-04
       19       22        1     0.3114302575E-04
       20       26        1     0.5191196647E-04
       21       30        1     0.7541431865E-04
       22       34        1     0.9723369102E-04
       23       36        1     0.1210560917E-03
       24       40        1     0.1428287532E-03
       25       42        1     0.1631088269E-03
       26       44        1     0.1849897795E-03
       27       46        1     0.2130532214E-03
       28       50        1     0.2411922522E-03
       29       52        1     0.2767642705E-03
       30       82        2     0.6286963334E-03
       31       86        2     0.8084180412E-03
       32       88        2     0.9607800482E-03
       33       90        2     0.1121765328E-02
       34       92        2     0.1267279969E-02
       35       96        2     0.1418532807E-02
       36      100        2     0.1563508945E-02
       37      770       14     0.9908449046E-04
       38      774       14     0.1154161350E-03
       39      886       17     0.3712449023E-06
       40      888       17     0.5515521945E-06
       41      890       17     0.6578551670E-06
       42      892       17     0.7727899734E-06
       43      896       17     0.7713020645E-06
       44      898       17     0.7803842956E-06
       45      900       17     0.8163608967E-06
       46      904       17     0.7428290348E-06
       47      908       17     0.6252584511E-06
       20       12        2     0.1944189026E-06
       21       16        2     0.3416908962E-06
       22       22        2     0.7657482101E-06
       23       28        2     0.1359313958E-05
       24       32        2     0.2193232969E-05
       25       36        2     0.2652379313E-05
       26       38        2     0.3899372990E-05
       27       42        2     0.4781596287E-05
       28       46        2     0.5859355774E-05
       29       46        2     0.6743133440E-05
       30       50        2     0.8058889406E-05
       31       50        2     0.8461564706E-05
       32       54        2     0.1015790155E-04
       33       56        2     0.1040175368E-04
       34       58        2     0.1097637074E-04
       35       62        2     0.1181520726E-04
       36       84        3     0.2524065891E-05
       37       90        3     0.8665610303E-07
       38       94        3     0.2400227537E-05
       39       94        3     0.5094875848E-05
       40       98        3     0.9044654672E-05
       41      100        3     0.1443567280E-04
       42      102        3     0.1817524076E-04
       43      104        3     0.2316047237E-04
       44      106        3     0.2635467863E-04
       45      108        3     0.3483645356E-04
       46      112        3     0.3932853129E-04
       47      116        3     0.4717380158E-04
       48     1150       23     0.1571592836E-05
       49     1156       23     0.1535725094E-05
       39        4        1     0.4726577980E-06
       40       12        1     0.3024441101E-05
       20       18        2     0.1796134101E-04
       21       24        2     0.3843647607E-04
       22       32        2     0.6099479284E-04
       23       40        2     0.8414395333E-04
       24       42        2     0.1021301268E-03
       25       44        2     0.1276837270E-03
       26       48        2     0.1480886916E-03
       27       48        2     0.1672888132E-03
       28       52        2     0.1934791090E-03
       29       52        2     0.2146323933E-03
       30       54        2     0.2398103322E-03
       31       58        2     0.2660223125E-03
       32       60        2     0.2919239993E-03
       33       62        2     0.3156651132E-03
       34       64        2     0.3484493883E-03
       35       64        2     0.3743115109E-03
       36       68        2     0.3986059181E-03
       37       70        2     0.4239171014E-03
       38       72        2     0.4520556920E-03
       39       74        2     0.4731783292E-03
       40       76        2     0.4935608749E-03
       41      102        3     0.4942831071E-03
       42      104        3     0.5081357257E-03
       43      106        3     0.5152978388E-03
       44      110        3     0.5276443534E-03
       45      110        3     0.5370799644E-03
       46      114        3     0.5477475224E-03
       39        4        1     0.2680808734E-05
       40       10        1     0.1507160134E-04
       41       14        1     0.2774928502E-04
       42       18        1     0.4367861204E-04
       43       22        1     0.5589132376E-04
       18       14        1     0.1087398460E-07
       19       24        1     0.1990593315E-06
       20       32        1     0.6086999093E-06
       21       40        1     0.1087408889E-05
       22       42        1     0.1322267828E-05
       23       46        1     0.1426230935E-05
       24       50        1     0.1596145439E-05
       25       52        1     0.1505882277E-05
       26       56        1     0.1361144260E-05
       27       58        1     0.1353437424E-05
       28       60        1     0.1352446946E-05
       29       62        1     0.1266420205E-05
       30       64        1     0.1650725689E-05
       31       64        1     0.1941481427E-05
       32       68        1     0.1849894201E-05
       33       68        1     0.2012738689E-05
       34       68        1     0.2118860136E-05
       35       72        1     0.2442861283E-05
       36       72        1     0.2881862243E-05
       37       72        1     0.3184377206E-05
       38       76        1     0.3383478056E-05
       39       76        1     0.3682071477E-05
       40       76        1     0.3920156403E-05
       41       80        1     0.4643732118E-05
       42       80        1     0.5264551803E-05
       43       84        1     0.5733727442E-05
       44      114        2     0.2415420612E-04
       39        2        0     0.8858730516E-06
       40       10        1     0.1566734049E-04
       41       16        1     0.2694219239E-04
       42       18        1     0.3879130729E-04
       43       22        1     0.5102299911E-04
       44       24        1     0.6504074588E-04
       45      144        3     0.6508600430E-04
       46      148        3     0.7693480714E-04
       47      270        6     0.5200655735E-03
       19       16        1     0.1366125535E-04
       20       24        1     0.3673339038E-04
       21       30        1     0.6060648006E-04
       22       38        1     0.9176596746E-04
       23       42        1     0.1214116549E-03
       24       44        1     0.1461237231E-03
       25       48        1     0.1835794355E-03
       26       50        1     0.2154422706E-03
       27       52        1     0.2428048624E-03
       28       54        1     0.2870032344E-03
       29       56        1     0.3263032126E-03
       30       60        1     0.3694697032E-03
       31       60        1     0.4129415294E-03
       32       62        1     0.4591428073E-03
       33       66        1     0.4982896715E-03
       34       66        1     0.5454534853E-03
       35       68        1     0.5851045772E-03
       36       70        1     0.6230490327E-03
       37       70        1     0.6556592123E-03
       38       74        1     0.6939648591E-03
       39       74        1     0.7228171242E-03
       40       78        1     0.7472554141E-03
       41       80        1     0.7629642432E-03
       40       10        1     0.1078630067E-04
       41       16        1     0.2378571040E-04
       42      104        2     0.6151636716E-03
       43      108        2     0.5967253984E-03
       44      108        2     0.5835547571E-03
       45      112        2     0.5696443372E-03
       46      112        2     0.5599290015E-03
       47      116        2     0.5489285144E-03
       48      392        8     0.3950763544E-04
       20       14        2     0.2368918528E-06
       21       18        2     0.4273134103E-06
       22       26        2     0.1582468299E-05
       23       30        2     0.4405418553E-05
       24       34        2     0.8518733567E-05
       25       38        2     0.1320270136E-04
       26       40        2     0.2147074242E-04
       27       44        2     0.2775190580E-04
       28       44        2     0.3336696929E-04
       29       48        2     0.4507358157E-04
       30       50        2     0.5446135007E-04
       31       52        2     0.6114259885E-04
       32       54        2     0.7310710279E-04
       33       58        2     0.8185834787E-04
       34       58        2     0.9260552857E-04
       35       62        2     0.1024472548E-03
       36       64        2     0.1091269566E-03
       37       68        2     0.1141655983E-03
       38       92        3     0.5848862744E-04
       39       94        3     0.3687298285E-04
       40       98        3     0.2595574849E-04
       41       98        3     0.1964646744E-04
       42      102        3     0.1476930587E-04
       43      104        3     0.1158021706E-04
       44      106        3     0.9741117383E-05
       45      108        3     0.6859696071E-05
       46      110        3     0.6134355178E-05
       47      114        3     0.4760401172E-05
       48      116        3     0.3232034383E-05
       18        4        1     0.5046861117E-05
       19       16        2     0.3248950470E-04
       20       22        2     0.6031936443E-04
       21       26        2     0.8620484855E-04
       22       30        2     0.1127196214E-03
       23       34        2     0.1363962015E-03
       24       36        2     0.1604759915E-03
       25       40        2     0.1799446165E-03
       26       44        2     0.1992216909E-03
       27       44        2     0.2230407481E-03
       28       48        2     0.2436838228E-03
       29       48        2     0.2607401721E-03
       30       52        2     0.2923586445E-03
       31       54        2     0.3213626489E-03
       31       10        1     0.3522710527E-04
       32       82        3     0.5288336389E-03
       33       86        3     0.6759344825E-03
       34       88        3     0.8005551700E-03
       35       92        3     0.9033117840E-03
       36       94        3     0.1000213752E-02
       37       96        3     0.1095132981E-02
       38      100        3     0.1185592511E-02
       39      102        3     0.1283747734E-02
       14       10        1     0.5565155318E-04
       15       22        1     0.1510949410E-03
       16       28        1     0.2487209806E-03
       17       32        1     0.3421309628E-03
       18       36        1     0.4335898572E-03
       19       36        1     0.5149121596E-03
       20       40        1     0.6164748910E-03
       21       44        1     0.7105766140E-03
       22       44        1     0.7997052610E-03
       23       48        1     0.9042078205E-03
       24       50        1     0.1014795013E-02
       23       16        1     0.2096050720E-03
       24       20        1     0.3901171277E-03
       25       86        2     0.1691662947E-02
       26       86        2     0.1963429845E-02
       27       92        2     0.2256208429E-02
       28       96        2     0.2530432451E-02
        8       14        1     0.9670344497E-04
        9       28        1     0.2583989917E-03
       10       32        1     0.4003436555E-03
       11       36        1     0.5518879001E-03
       12       38        1     0.6783223093E-03
       13       40        1     0.7990842582E-03
       14       44        1     0.9536296605E-03
       15       46        1     0.1088299537E-02
       16       50        1     0.1248197855E-02
       17       54        1     0.1403259053E-02
       18       56        1     0.1569002327E-02
       19       60        1     0.1735585533E-02
       20       66        1     0.1895608438E-02
       16        8        1     0.6700582156E-06
       17       14        1     0.1103840712E-05
       18       18        1     0.1859331640E-05
       19       22        1     0.2908342797E-05
        2        8        1     0.1285717869E-04
        3       16        1     0.5070003742E-04
        4       22        1     0.8520893663E-04
        5       28        1     0.1173398284E-03
        6       34        1     0.1518226830E-03
        7       38        1     0.1933680816E-03
        8       44        1     0.2312234673E-03
        9       48        1     0.2703423393E-03
       10       52        1     0.3050648891E-03
       11       54        1     0.3479637624E-03
       12       58        1     0.3874106283E-03
       13       62        1     0.4393549109E-03
       14       64        1     0.4869293689E-03
       15       68        1     0.5428892266E-03
       16       72        1     0.5916175769E-03
       11        8        1     0.5766837967E-05
       12       12        1     0.1343637673E-04
       13       16        1     0.2021774470E-04
       14       20        1     0.2681290326E-04
       15       24        1     0.3198632607E-04
       16       26        1     0.3624298231E-04
        1        6        1     0.1021240818E-05
        2       14        1     0.2929483333E-05
        3       18        1     0.3916007543E-05
        4       24        1     0.4472011369E-05
        5       32        1     0.5850657448E-05
        6       36        1     0.4995958533E-05
        7       42        1     0.3729320273E-05
        8       46        1     0.3307296538E-05
        9       50        1     0.3010166708E-05
       10       54        1     0.3178074919E-05
       11       58        1     0.3140053530E-05
       12       60        1     0.4163908443E-05
       13       64        1     0.3724799200E-05
       14       68        1     0.4136022250E-05
       15       70        1     0.4102365304E-05
       16       74        1     0.4261007000E-05
       17      190        3     0.2992033394E-03
       18      192        3     0.3223367506E-03
       15       12        1     0.8965275983E-04
       16       16        1     0.1830099221E-03
       17       22        1     0.2820876229E-03
       18       26        1     0.3777895275E-03
        6       16        1     0.9676917491E-04
        7       22        1     0.1803536028E-03
        8       30        1     0.2539034010E-03
        9       36        1     0.3282294578E-03
       10       40        1     0.4005475664E-03
       11       44        1     0.4860722972E-03
       12       46        1     0.5686584152E-03
       13       50        1     0.6595781094E-03
       14       54        1     0.7576608545E-03
       15       56        1     0.8597560293E-03
       16       60        1     0.9706057941E-03
       17       62        1     0.1069400082E-02
       18       64        1     0.1195642157E-02
       19      304        5     0.5493342374E-04
       20      342        6     0.6304821700E-04
       21      412        7     0.9893432578E-04
       22      414        7     0.1013431445E-03
       23      418        7     0.1021477282E-03
       24      424        7     0.1002370032E-03
       18        2        0     0.4955294429E-05
       19       10        1     0.1495831811E-03
       20       16        1     0.3164923157E-03
       21       22        1     0.4804157443E-03
       22       28        1     0.6672256008E-03
       12       12        1     0.4936659567E-04
       13       20        1     0.1241290355E-03
       14       30        1     0.2376444463E-03
       15       34        1     0.3425936763E-03
       16       36        1     0.4403130921E-03
       17       38        1     0.5367241677E-03
       18       42        1     0.6480966056E-03
       19       44        1     0.7466803956E-03
       20       48        1     0.8525896223E-03
       21       50        1     0.9501712868E-03
       22       54        1     0.1083998293E-02
       23       90        2     0.1994889093E-02
       24       94        2     0.2278236151E-02
       25      524        9     0.1007728109E-03
       26      528        9     0.1247153493E-03
       27      532        9     0.1496543298E-03
       28      538        9     0.1678223979E-03
       29      638       11     0.2575314447E-04
       30      642       11     0.3019921806E-04
       31      646       11     0.3402452985E-04
       32      648       11     0.3857725303E-04
       33      652       11     0.4059601248E-04
       34      654       11     0.4290363162E-04
       35      658       11     0.4523321658E-04
       27        2        1     0.1208507146E-04
       28       16        1     0.2217581243E-03
       17        6        1     0.6812406042E-05
       18       14        1     0.2692461963E-04
       19       22        2     0.5462003267E-04
       20       26        2     0.9214759148E-04
       21       30        2     0.1272117544E-03
       22       34        2     0.1673285279E-03
       23       36        2     0.2011294190E-03
       24       40        2     0.2376058048E-03
       25       44        2     0.2710272704E-03
       26       46        2     0.3104382412E-03
       27       50        2     0.3476682617E-03
       28       52        2     0.3898550712E-03
       29       82        3     0.7762080796E-03
       30       84        3     0.9750325013E-03
       31       88        3     0.1159427517E-02
       32       88        3     0.1323851814E-02
       33       92        3     0.1493484492E-02
       34       96        3     0.1670016244E-02
       35       98        3     0.1833930852E-02
       36      768       14     0.5463774637E-04
       37      770       14     0.6694250816E-04
       38      772       14     0.7488110023E-04
       39      776       14     0.8299519581E-04
       40      888       17     0.3655273217E-05
       41      890       17     0.4601176074E-05
       42      894       17     0.5107164475E-05
       43      896       17     0.5480295672E-05
       44      898       17     0.5649416399E-05
       45      902       17     0.5572103319E-05
       46      906       17     0.5403558331E-05
       35       10        2     0.7865588370E-05
       20       12        2     0.8548959746E-07
       21       16        2     0.2597396943E-06
       22       22        2     0.4470517875E-06
       23       28        2     0.8319196463E-06
       24       32        2     0.1068298236E-05
       25       36        2     0.1554182942E-05
       26       40        2     0.1595022464E-05
       27       42        2     0.1599981430E-05
       28       44        2     0.2266838061E-05
       29       46        2     0.1955447230E-05
       30       48        2     0.2283273882E-05
       31       50        2     0.2078093814E-05
       32       54        2     0.2548573962E-05
       33       54        2     0.2512502790E-05
       34       58        2     0.2742391724E-05
       35       62        2     0.3556010097E-05
       36       86        4     0.2155317350E-04
       37       92        4     0.3631315098E-04
       38       92        4     0.5164100375E-04
       39       96        4     0.6361356960E-04
       40       98        4     0.7822156442E-04
       41      100        4     0.9027276617E-04
       42      102        4     0.1047535163E-03
       43      104        4     0.1119765149E-03
       44      108        4     0.1294456775E-03
       45      110        4     0.1440211775E-03
       46      114        4     0.1602908888E-03
       47     1026       21     0.2863727507E-05
       48     1028       21     0.3622727285E-05
       49     1554       32     0.8597507891E-06
       40       10        1     0.4878108373E-05
       20       16        2     0.6701031817E-05
       21       20        2     0.1760779454E-04
       22       30        2     0.3206256460E-04
       23       38        2     0.4655249394E-04
       24       42        2     0.5852318218E-04
       25       44        2     0.7240502727E-04
       26       46        2     0.8558511364E-04
       27       48        2     0.9994711538E-04
       28       50        2     0.1107009741E-03
       29       52        2     0.1308546664E-03
       30       54        2     0.1476842119E-03
       31       56        2     0.1582144530E-03
       32       58        2     0.1794462936E-03
       33       62        2     0.1965826710E-03
       34       62        2     0.2112075722E-03
       35       64        2     0.2367098148E-03
       36       68        2     0.2507761045E-03
       37       68        2     0.2676181846E-03
       38       72        2     0.2862321151E-03
       39       74        2     0.3022232949E-03
       40       78        2     0.3147783714E-03
       41      102        3     0.3228789000E-03
       42      104        3     0.3298004152E-03
       43      106        3     0.3410573159E-03
       44      110        3     0.3506693988E-03
       45      110        3     0.3621725959E-03
       46      114        3     0.3729133055E-03
       40        8        1     0.1790125136E-04
       41       12        1     0.4593417174E-04
       42       16        1     0.7251527439E-04
       43       22        1     0.9478580106E-04
       18       14        1     0.1014747759E-06
       19       24        1     0.1040439908E-05
       20       32        1     0.2616860226E-05
       21       38        1     0.3846509983E-05
       22       42        1     0.5181379033E-05
       23       46        1     0.5841226708E-05
       24       50        1     0.5836326452E-05
       25       54        1     0.5819535554E-05
       26       54        1     0.6173151778E-05
       27       58        1     0.6268376033E-05
       28       60        1     0.6742602435E-05
       29       62        1     0.7038936707E-05
       30       64        1     0.7928687122E-05
       31       64        1     0.9653458881E-05
       32       66        1     0.9383448449E-05
       33       68        1     0.1055481728E-04
       34       68        1     0.1138130098E-04
       35       70        1     0.1157351332E-04
       36       72        1     0.1403578353E-04
       37       72        1     0.1545942065E-04
       38       74        1     0.1580503063E-04
       39       76        1     0.1751888635E-04
       40       78        1     0.1859588459E-04
       41       80        1     0.1964526149E-04
       42       82        1     0.2262020534E-04
       43       82        1     0.2360389814E-04
       44      112        2     0.6432992350E-04
       40        8        1     0.1588673303E-04
       41       12        1     0.3544956270E-04
       42       16        1     0.5635624574E-04
       43       20        1     0.7838307598E-04
       44       22        1     0.9898635120E-04
       45      144        3     0.1404059050E-03
       46      146        3     0.1666865949E-03
       47      266        6     0.5484605961E-03
       19       18        1     0.1244142157E-04
       20       26        1     0.2816981809E-04
       21       34        1     0.4704376130E-04
       22       38        1     0.7021094915E-04
       23       42        1     0.9200552286E-04
       24       46        1     0.1204264922E-03
       25       50        1     0.1456463415E-03
       26       50        1     0.1679382917E-03
       27       54        1     0.2059863575E-03
       28       56        1     0.2379750200E-03
       29       58        1     0.2759720687E-03
       30       60        1     0.3131072207E-03
       31       62        1     0.3526689449E-03
       32       64        1     0.3900666001E-03
       33       66        1     0.4314850766E-03
       34       66        1     0.4614152683E-03
       35       68        1     0.5005274593E-03
       36       70        1     0.5268751838E-03
       37       72        1     0.5663986866E-03
       38       72        1     0.6003583404E-03
       39       74        1     0.6134990376E-03
       40       78        1     0.6375369493E-03
       41       80        1     0.6507342767E-03
       40        8        1     0.1173988848E-04
       41       14        1     0.3417514442E-04
       42      106        2     0.5087410494E-03
       43      106        2     0.4757044506E-03
       44      108        2     0.4524141748E-03
       45      112        2     0.4392881266E-03
       46      112        2     0.4222156176E-03
       47      116        2     0.4117358744E-03
       48      390        8     0.7546899955E-04
       20       12        2     0.5702187002E-08
       21       18        2     0.1587906815E-08
       22       26        2     0.3648067460E-06
       23       30        2     0.1412796890E-05
       24       36        2     0.4191948015E-05
       25       40        2     0.9100647677E-05
       26       42        2     0.1500280663E-04
       27       44        2     0.1899704263E-04
       28       46        2     0.2910238400E-04
       29       48        2     0.3535144392E-04
       30       50        2     0.4516197183E-04
       31       54        2     0.5709821803E-04
       32       54        2     0.6455667768E-04
       33       56        2     0.7659428594E-04
       34       60        2     0.8907711875E-04
       35       62        2     0.9901530871E-04
       36       64        2     0.1087764025E-03
       37       68        2     0.1183180272E-03
       38       74        2     0.1167043234E-03
       38        4        1     0.9845966754E-05
       39       94        4     0.5707310862E-04
       40       96        4     0.3598631112E-04
       41      100        4     0.2814481824E-04
       42      102        4     0.2155393800E-04
       43      104        4     0.1734817527E-04
       44      106        4     0.1358020473E-04
       45      108        4     0.1308460175E-04
       46      110        4     0.1037842550E-04
       47      112        4     0.9289688148E-05
       48      116        4     0.8265663061E-05
       19       12        2     0.2152527888E-04
       20       20        2     0.5816534528E-04
       21       22        2     0.9021075636E-04
       22       28        2     0.1215902627E-03
       23       34        2     0.1508514213E-03
       24       36        2     0.1788704039E-03
       25       40        2     0.2003032170E-03
       26       42        2     0.2214845459E-03
       27       44        2     0.2476412141E-03
       28       46        2     0.2658841002E-03
       29       48        2     0.2878153788E-03
       30       52        2     0.3099791657E-03
       31       52        2     0.3376344198E-03
       32       56        2     0.3607337284E-03
       32       10        1     0.4963795480E-04
       33       84        3     0.5634427797E-03
       34       86        3     0.6814531095E-03
       35       90        3     0.7825680492E-03
       36       92        3     0.8706727532E-03
       37       96        3     0.9512568493E-03
       38       98        3     0.1027783477E-02
       39      100        3     0.1101769889E-02
       40      104        3     0.1185388178E-02
       14        6        1     0.1551845523E-04
       15       14        1     0.1019128857E-03
       16       24        1     0.2295376031E-03
       17       28        1     0.3435612381E-03
       18       32        1     0.4569403247E-03
       19       36        1     0.5712925463E-03
       20       40        1     0.6729880262E-03
       21       40        1     0.7834196743E-03
       22       44        1     0.8972062618E-03
       23       46        1     0.9971315083E-03
       24       48        1     0.1113404705E-02
       25       52        1     0.1236368144E-02
       24       16        1     0.1614243374E-03
       25       20        1     0.2960487562E-03
       26       86        2     0.1825599913E-02
       27       90        2     0.2066579742E-02
       28       92        2     0.2313450803E-02
       29       96        2     0.2560143790E-02
        8        6        1     0.2483282806E-04
        9       16        1     0.1514202775E-03
       10       30        1     0.3582944528E-03
       11       32        1     0.5255944963E-03
       12       36        1     0.7053927645E-03
       13       40        1     0.8610919173E-03
       14       40        1     0.9966686513E-03
       15       44        1     0.1172938622E-02
       16       48        1     0.1329962252E-02
       17       50        1     0.1495758108E-02
       18       54        1     0.1671890294E-02
       19       58        1     0.1842769006E-02
       20       60        1     0.2035190004E-02
       16        8        1     0.3848056623E-06
       17       14        1     0.9429689847E-06
       18       18        1     0.1877165511E-05
       19       22        1     0.2754996306E-05
        3       12        1     0.4806158866E-04
        4       18        1     0.1034736315E-03
        5       26        1     0.1510636898E-03
        6       30        1     0.2113164893E-03
        7       36        1     0.2680122370E-03
        8       42        1     0.3299199712E-03
        9       46        1     0.3806632446E-03
       10       50        1     0.4433027118E-03
       11       52        1     0.5006342277E-03
       12       56        1     0.5716991440E-03
       13       60        1     0.6355457924E-03
       14       62        1     0.7191941089E-03
       15       66        1     0.7941751751E-03
       16       70        1     0.8833715261E-03
       17       74        1     0.9630030916E-03
       11        6        1     0.9539980619E-05
       12       10        1     0.2727635714E-04
       13       14        1     0.4746285727E-04
       14       18        1     0.6407278767E-04
       15       22        1     0.8175262007E-04
       16       26        1     0.9603894287E-04
        1        8        1     0.5545059197E-06
        2       14        1     0.8018879816E-06
        3       18        1     0.7751862644E-06
        4       26        1     0.1131680022E-05
        5       30        1     0.1225563985E-05
        6       36        1     0.6463173590E-06
        7       40        1     0.9473663500E-07
        8       44        1     0.2464663182E-07
        9       50        1     0.5030976011E-09
       10       54        1     0.4967790906E-08
       11       58        1     0.1512818645E-08
       12       62        1     0.6267213754E-08
       13       64        1     0.1180905438E-06
       14       68        1     0.5322643942E-07
       15       70        1     0.4094263384E-07
       16       72        1     0.2187161114E-06
       17      110        2     0.2443228136E-04
       18      192        3     0.6289397462E-03
       14        8        1     0.7963989333E-04
       15       14        1     0.1871363061E-03
       16       18        1     0.2911740209E-03
       17       22        1     0.3825410532E-03
       18       30        1     0.4962007053E-03
        5       12        1     0.6362035878E-04
        6       20        1     0.1476877094E-03
        7       24        1     0.2237884073E-03
        8       34        1     0.3097704167E-03
        9       38        1     0.3762699534E-03
       10       42        1     0.4554581253E-03
       11       46        1     0.5339538939E-03
       12       50        1     0.6162231999E-03
       13       52        1     0.7101420132E-03
       14       56        1     0.8086976790E-03
       15       58        1     0.9150769307E-03
       16       62        1     0.1012988218E-02
       17       64        1     0.1130544907E-02
       18       68        1     0.1239957739E-02
       19      304        5     0.1015321936E-04
       20      340        6     0.1174393920E-04
       21      412        7     0.2091226483E-03
       22      416        7     0.2193671492E-03
       23      420        7     0.2227849312E-03
       18       10        1     0.9762974457E-04
       19       16        1     0.2178866579E-03
       20       20        1     0.3309482868E-03
       21       26        1     0.4643004858E-03
       11        6        1     0.2563025896E-04
       12       16        1     0.1148927272E-03
       13       28        1     0.2505657314E-03
       14       32        1     0.3876253424E-03
       15       34        1     0.5181255050E-03
       16       38        1     0.6416526556E-03
       17       42        1     0.7735141620E-03
       18       44        1     0.8904934551E-03
       19       46        1     0.1011839533E-02
       20       48        1     0.1124435629E-02
       21       52        1     0.1271215723E-02
       22       90        2     0.1997885836E-02
       23       94        2     0.2255755451E-02
       24      522        9     0.2874947101E-04
       25      524        9     0.4106873730E-04
       26      528        9     0.5386796601E-04
       27      532        9     0.6341775116E-04
       28      536        9     0.7203329506E-04
       29      538        9     0.8034964508E-04
       30      642       11     0.7926451294E-04
       31      646       11     0.9339322827E-04
       32      648       11     0.1017679181E-03
       33      652       11     0.1106286442E-03
       34      654       11     0.1154076060E-03
       26        4        1     0.1625967199E-04
       27       14        1     0.1674361531E-03
       17        8        1     0.2268824212E-04
       18       20        2     0.6789562729E-04
       19       26        2     0.1344544681E-03
       20       30        2     0.1979142406E-03
       21       32        2     0.2595688047E-03
       22       36        2     0.3295601137E-03
       23       40        2     0.3915342275E-03
       24       40        2     0.4496449519E-03
       25       44        2     0.5138275425E-03
       26       46        2     0.5711418926E-03
       27       50        2     0.6296104627E-03
       28       80        3     0.9962464972E-03
       29       84        3     0.1215976298E-02
       30       88        3     0.1414482816E-02
       31       90        3     0.1592931124E-02
       32       92        3     0.1761338792E-02
       33       94        3     0.1951517903E-02
       34       98        3     0.2130914358E-02
       35      764       14     0.2215358611E-04
       36      766       14     0.2792312058E-04
       37      770       14     0.3317842923E-04
       38      772       14     0.3825187883E-04
       39      774       14     0.4154763242E-04
       40      778       14     0.4499301180E-04
       41      892       17     0.1481900989E-04
       42      894       17     0.1721359848E-04
       43      898       17     0.1872817443E-04
       44      900       17     0.1946453391E-04
       45      904       17     0.1971882995E-04
       20       12        2     0.1886190478E-05
       21       16        2     0.4777526053E-05
       22       22        2     0.9003359826E-05
       23       28        2     0.1410912340E-04
       24       32        2     0.1849377061E-04
       25       36        2     0.2381737439E-04
       26       40        2     0.2713198060E-04
       27       42        2     0.2954704124E-04
       28       44        2     0.3542296957E-04
       29       46        2     0.3675970491E-04
       30       48        2     0.4026173321E-04
       31       52        2     0.4276749598E-04
       32       52        2     0.4820515046E-04
       33       56        2     0.4978416325E-04
       34       60        2     0.5326087135E-04
       35       82        3     0.8589437162E-04
       36       88        3     0.1223316038E-03
       37       90        3     0.1551238197E-03
       38       94        3     0.1813185726E-03
       39       98        3     0.2070156793E-03
       40       98        3     0.2305399918E-03
       41      102        3     0.2542801111E-03
       42      102        3     0.2742472808E-03
       43      106        3     0.3024576207E-03
       44      108        3     0.3282355500E-03
       45      112        3     0.3589657326E-03
       46     1022       20     0.1995227377E-05
       47     1024       20     0.2695807683E-05
       48     1028       20     0.3290197633E-05
       49     1552       32     0.3531094961E-05
       40       10        1     0.1586197733E-05
       20       14        2     0.1801077887E-05
       21       20        2     0.6211510550E-05
       22       28        2     0.1105681789E-04
       23       38        2     0.1682118478E-04
       24       40        2     0.2427042241E-04
       25       42        2     0.3195725301E-04
       26       46        2     0.4097852601E-04
       27       46        2     0.4864073033E-04
       28       50        2     0.5777412703E-04
       29       52        2     0.6820443880E-04
       30       54        2     0.7899417382E-04
       31       56        2     0.8825120309E-04
       32       58        2     0.1004090655E-03
       33       60        2     0.1116739366E-03
       34       62        2     0.1247237224E-03
       35       66        2     0.1370443851E-03
       36       66        2     0.1490195326E-03
       37       70        2     0.1617918193E-03
       38       70        2     0.1713482448E-03
       39       74        2     0.1829706117E-03
       40       76        2     0.1905065198E-03
       41      102        3     0.1827991773E-03
       42      102        3     0.1813101902E-03
       43      106        3     0.1848470854E-03
       44      108        3     0.1898798388E-03
       45      110        3     0.1964625139E-03
       46      112        3     0.2001466038E-03
       47      114        3     0.2105609474E-03
       40        6        1     0.6738075177E-05
       41       10        1     0.2608262570E-04
       42       16        1     0.4311776367E-04
       43       20        1     0.5501217962E-04
       18       12        1     0.4980093266E-06
       19       22        1     0.2493639610E-05
       20       32        1     0.6188419831E-05
       21       38        1     0.9272611335E-05
       22       42        1     0.1223509100E-04
       23       46        1     0.1445909637E-04
       24       48        1     0.1321408964E-04
       25       52        1     0.1589379482E-04
       26       56        1     0.1748669529E-04
       27       58        1     0.1880271145E-04
       28       58        1     0.2172526185E-04
       29       62        1     0.2373940977E-04
       30       62        1     0.2583600155E-04
       31       66        1     0.2989121196E-04
       32       66        1     0.3202098688E-04
       33       68        1     0.3485429910E-04
       34       70        1     0.3820081796E-04
       35       70        1     0.4004419607E-04
       36       72        1     0.4450135553E-04
       37       72        1     0.4960711973E-04
       38       74        1     0.5097406016E-04
       39       76        1     0.5442006718E-04
       40       78        1     0.5764855718E-04
       41       78        1     0.5993440140E-04
       42       82        1     0.6417968875E-04
       43       84        1     0.6725090282E-04
       44      112        2     0.1060193916E-03
       45      114        2     0.1161132265E-03
       40        6        1     0.3214703383E-05
       41       12        1     0.1902096417E-04
       42       16        1     0.3253061374E-04
       43       18        1     0.4715153771E-04
       44       22        1     0.6104423109E-04
       45       24        1     0.7299031334E-04
       46      144        3     0.1970107969E-03
       18        4        1     0.8422499792E-06
       19       20        1     0.1080684267E-04
       20       28        1     0.1761019833E-04
       21       36        1     0.3305216225E-04
       22       40        1     0.4696115530E-04
       23       44        1     0.6520099145E-04
       24       48        1     0.7969203319E-04
       25       50        1     0.9345929685E-04
       26       52        1     0.1200849657E-03
       27       56        1     0.1433523049E-03
       28       58        1     0.1669979611E-03
       29       58        1     0.1935987073E-03
       30       62        1     0.2210376328E-03
       31       64        1     0.2454528220E-03
       32       64        1     0.2799908369E-03
       33       66        1     0.3015550118E-03
       34       68        1     0.3271360169E-03
       35       68        1     0.3478964207E-03
       36       72        1     0.3770043273E-03
       37       72        1     0.4007776040E-03
       38       72        1     0.4219686110E-03
       39       76        1     0.4368743458E-03
       40       76        1     0.4517212588E-03
       41       78        1     0.4597486449E-03
       42       82        1     0.4689411667E-03
       40        4        1     0.1996045192E-05
       41       12        1     0.1776759337E-04
       42       16        1     0.3821923308E-04
       43      106        2     0.3415762012E-03
       44      110        2     0.3203381099E-03
       45      110        2     0.3076220942E-03
       46      114        2     0.2966697535E-03
       47      268        5     0.5371090900E-06
       48      390        8     0.6719526590E-04
       20       12        2     0.8140721392E-07
       21       20        2     0.5635096916E-07
       22       28        2     0.1882163023E-09
       23       32        2     0.4031141595E-06
       24       36        2     0.1451401099E-05
       25       40        2     0.4738338018E-05
       26       42        2     0.8910064466E-05
       27       46        2     0.1498558430E-04
       28       46        2     0.1981096483E-04
       29       50        2     0.2697763355E-04
       30       52        2     0.3542468095E-04
       31       52        2     0.4511931274E-04
       32       56        2     0.5233359530E-04
       33       58        2     0.6348115257E-04
       34       60        2     0.7328506220E-04
       35       62        2     0.8554346238E-04
       36       66        2     0.9345547492E-04
       37       68        2     0.1033829013E-03
       38       72        2     0.1079605860E-03
       39       92        4     0.8106767245E-04
       40       98        4     0.4983316272E-04
       41      100        4     0.3590642270E-04
       42      102        4     0.2913033105E-04
       43      104        4     0.2239662760E-04
       44      106        4     0.2096946499E-04
       45      108        4     0.1829498368E-04
       46      110        4     0.1756236132E-04
       47      114        4     0.1533406612E-04
       48      116        4     0.1491864922E-04
       49      518       12     0.3417038351E-04
       19        6        1     0.8955509504E-05
       20       16        2     0.4312449592E-04
       21       22        2     0.7369668014E-04
       22       26        2     0.1044803969E-03
       23       32        2     0.1348126063E-03
       24       34        2     0.1600208950E-03
       25       38        2     0.1856613821E-03
       26       42        2     0.2079066538E-03
       27       42        2     0.2260684634E-03
       28       46        2     0.2494184993E-03
       29       48        2     0.2676733660E-03
       30       50        2     0.2856656800E-03
       31       52        2     0.3111900881E-03
       32       56        2     0.3274430123E-03
       33       60        2     0.3542334550E-03
       33       14        1     0.6627136000E-04
       34       84        3     0.5358045799E-03
       35       90        3     0.6222496374E-03
       36       90        3     0.7053458105E-03
       37       94        3     0.7734858936E-03
       38       98        3     0.8391889285E-03
       39       98        3     0.8992325428E-03
       40      102        3     0.9601099407E-03
       41      104        3     0.1032496464E-02
       15        8        1     0.3831690094E-04
       16       18        1     0.1472116685E-03
       17       26        1     0.2935822425E-03
       18       30        1     0.4257687056E-03
       19       32        1     0.5495371429E-03
       20       36        1     0.6821611052E-03
       21       40        1     0.8054381659E-03
       22       40        1     0.9168926083E-03
       23       44        1     0.1043547779E-02
       24       46        1     0.1150470269E-02
       25       50        1     0.1280597597E-02
       26       52        1     0.1396147625E-02
       24        6        1     0.1356174314E-04
       25       16        1     0.1278065482E-03
       26       22        1     0.2344337697E-03
       27       86        2     0.1876145275E-02
       28       90        2     0.2086561147E-02
       29       92        2     0.2290003135E-02
       30       96        2     0.2505205388E-02
        9        6        1     0.5038875777E-04
       10       18        1     0.1935904158E-03
       11       30        1     0.4294878346E-03
       12       32        1     0.6115754993E-03
       13       36        1     0.8072816963E-03
       14       40        1     0.9796286101E-03
       15       42        1     0.1126688850E-02
       16       44        1     0.1308629478E-02
       17       48        1     0.1474151416E-02
       18       50        1     0.1624955239E-02
       19       54        1     0.1822407188E-02
       20       58        1     0.2000151531E-02
       16        6        1     0.6819578568E-06
       17       14        1     0.8401250357E-05
       18       18        1     0.1716718649E-04
       19       22        1     0.2435467560E-04
       20       28        1     0.3130025116E-04
        3        8        1     0.2741663604E-04
        4       16        1     0.9021902108E-04
        5       24        1     0.1665488827E-03
        6       30        1     0.2348695439E-03
        7       32        1     0.3133631037E-03
        8       40        1     0.3815118164E-03
        9       44        1     0.4536091903E-03
       10       48        1     0.5181140373E-03
       11       50        1     0.6025992670E-03
       12       56        1     0.6856614724E-03
       13       60        1     0.7763601310E-03
       14       60        1     0.8581693226E-03
       15       64        1     0.9659417842E-03
       16       68        1     0.1063138941E-02
       17       72        1     0.1177047288E-02
       12       10        1     0.3976138725E-04
       13       14        1     0.7928145093E-04
       14       18        1     0.1143774581E-03
       15       22        1     0.1503744949E-03
       16       26        1     0.1824062397E-03
        1        8        1     0.1370679170E-06
        2       12        1     0.1438223235E-06
        3       20        1     0.8790652453E-07
        4       24        1     0.1987535812E-06
        5       30        1     0.1118279099E-06
        6       34        1     0.3245491375E-07
        7       42        1     0.2866577853E-07
        8       46        1     0.1245306989E-06
        9       50        1     0.1807053310E-06
       10       54        1     0.2346010706E-06
       11       58        1     0.2505008114E-06
       12       62        1     0.3220946538E-06
       13       64        1     0.1648388150E-06
       14       66        1     0.5009243189E-06
       15       70        1     0.5613889675E-06
       16       74        1     0.5275874344E-06
       17      110        2     0.4837972820E-04
       13        8        1     0.5628535906E-04
       14       14        1     0.1500072789E-03
       15       18        1     0.2381424119E-03
       16       22        1     0.3179697662E-03
       17       26        1     0.4037819615E-03
        4        6        1     0.2771761290E-04
        5       18        1     0.1129134580E-03
        6       22        1     0.1871721565E-03
        7       28        1     0.2809071775E-03
        8       36        1     0.3599894533E-03
        9       42        1     0.4362452350E-03
       10       44        1     0.5107583410E-03
       11       48        1     0.5877493330E-03
       12       52        1     0.6793768460E-03
       13       54        1     0.7764351487E-03
       14       58        1     0.8797677730E-03
       15       62        1     0.9818566904E-03
       16       62        1     0.1089668307E-02
       17       66        1     0.1196483825E-02
       18      300        5     0.1362202156E-06
       19      304        5     0.7980882041E-06
       20      308        5     0.1736301623E-05
       21      412        7     0.3051885456E-03
       22      418        7     0.3288744904E-03
       17        8        1     0.3691274276E-04
       18       14        1     0.1087741434E-03
       19       20        1     0.1772147786E-03
       20       24        1     0.2494242536E-03
       21       30        1     0.3191016335E-03
       10        2        0     0.6629453201E-05
       11       14        1     0.1036048448E-03
       12       24        1     0.2576248519E-03
       13       32        1     0.4423904909E-03
       14       34        1     0.6018743189E-03
       15       38        1     0.7534920235E-03
       16       40        1     0.9068507778E-03
       17       42        1     0.1050080198E-02
       18       46        1     0.1193587786E-02
       19       48        1     0.1317276850E-02
       20       52        1     0.1488551336E-02
       21       56        1     0.1638472742E-02
       22       94        2     0.2177698140E-02
       23      520        9     0.3368763294E-05
       24      522        9     0.5900875291E-05
       25      524        9     0.9885702717E-05
       26      528        9     0.1190882827E-04
       27      532        9     0.1488290962E-04
       28      534        9     0.1704820041E-04
       29      536        9     0.1867092521E-04
       30      542        9     0.1981436908E-04
       31      648       11     0.1706486026E-03
       32      650       11     0.1939772133E-03
       33      654       11     0.2071061033E-03
       26       12        1     0.9718613005E-04
       27       22        1     0.2208613394E-03
       16        4        1     0.1198100810E-04
       17       12        1     0.6811545815E-04
       18       24        1     0.1731988831E-03
       19       28        1     0.2807696918E-03
       20       32        1     0.3777577504E-03
       21       34        1     0.4829052020E-03
       22       36        1     0.5759079888E-03
       23       40        1     0.6771530243E-03
       24       44        1     0.7715471157E-03
       25       46        1     0.8606332665E-03
       26       50        1     0.9467531152E-03
       27       52        1     0.1027393499E-02
       28       84        2     0.1463661595E-02
       29       86        2     0.1659522044E-02
       30       90        2     0.1839631811E-02
       31       94        2     0.2009740338E-02
       32       94        2     0.2200468402E-02
       33      100        2     0.2410396672E-02
       34      760       13     0.3922685874E-05
       35      762       13     0.5998846905E-05
       36      766       13     0.7502463542E-05
       37      770       13     0.8491253023E-05
       38      772       13     0.9966084069E-05
       39      774       13     0.1113555962E-04
       40      778       13     0.1155827358E-04
       41      780       13     0.1260009324E-04
       42      896       16     0.3883002438E-04
       43      900       16     0.4375064143E-04
       44      902       16     0.4648635306E-04
       34       10        1     0.2217006414E-04
       20       12        2     0.7616485085E-05
       21       18        2     0.1933029614E-04
       22       24        2     0.3297123457E-04
       23       30        2     0.4761979704E-04
       24       34        2     0.6165555907E-04
       25       36        2     0.7350840001E-04
       26       40        2     0.8326910077E-04
       27       42        2     0.9591130312E-04
       28       44        2     0.1049771217E-03
       29       48        2     0.1147959696E-03
       30       48        2     0.1195316997E-03
       31       52        2     0.1314323537E-03
       32       52        2     0.1398862791E-03
       33       56        2     0.1469357185E-03
       34       60        2     0.1590329963E-03
       35       86        3     0.2472694827E-03
       36       90        3     0.2994100368E-03
       37       92        3     0.3441753132E-03
       38       96        3     0.3820522730E-03
       39       96        3     0.4254029587E-03
       40      100        3     0.4581568485E-03
       41      102        3     0.4887250584E-03
       42      104        3     0.5329191556E-03
       43      108        3     0.5694513588E-03
       44      110        3     0.6161648446E-03
       45     1020       19     0.4709791583E-06
       46     1022       19     0.7155604389E-06
       47     1024       19     0.9342673203E-06
       48     1028       19     0.1134259317E-05
       49     1032       19     0.1309723569E-05
       40       12        1     0.9835816242E-06
       20       12        2     0.2572816539E-06
       21       18        2     0.5952678816E-06
       22       28        2     0.2369188706E-05
       23       36        2     0.4193746256E-05
       24       40        2     0.8313835283E-05
       25       42        2     0.1317276427E-04
       26       44        2     0.1530643771E-04
       27       46        2     0.2370987337E-04
       28       50        2     0.2875005857E-04
       29       50        2     0.3581996370E-04
       30       54        2     0.4388069741E-04
       31       54        2     0.5041122476E-04
       32       56        2     0.5984618519E-04
       33       60        2     0.7017694616E-04
       34       60        2     0.7943113784E-04
       35       64        2     0.8761565620E-04
       36       66        2     0.9925871995E-04
       37       68        2     0.1079810284E-03
       38       70        2     0.1192493203E-03
       39       72        2     0.1202973604E-03
       40       78        2     0.1236008543E-03
       41      100        3     0.9565934749E-04
       42      104        3     0.8945098650E-04
       43      104        3     0.8479660990E-04
       44      108        3     0.8611279969E-04
       45      108        3     0.8703740752E-04
       46      112        3     0.8798167131E-04
       47      116        3     0.9077790913E-04
       41       10        1     0.2678937051E-05
       42       14        1     0.5052426654E-05
       43       20        1     0.4916662508E-05
       18       12        1     0.1806377153E-05
       19       24        1     0.5085942561E-05
       20       30        1     0.9973365835E-05
       21       36        1     0.1550215499E-04
       22       42        1     0.1845063996E-04
       23       46        1     0.2398060350E-04
       24       50        1     0.2804069734E-04
       25       52        1     0.3488283569E-04
       26       56        1     0.3799404022E-04
       27       56        1     0.4416635535E-04
       28       60        1     0.5284354017E-04
       29       60        1     0.5897237001E-04
       30       62        1     0.6820146631E-04
       31       64        1     0.7122809009E-04
       32       66        1     0.8267904400E-04
       33       66        1     0.9008279296E-04
       34       70        1     0.9785220388E-04
       35       70        1     0.1048880633E-03
       36       70        1     0.1110432356E-03
       37       74        1     0.1208418643E-03
       38       74        1     0.1276435772E-03
       39       74        1     0.1339224508E-03
       40       78        1     0.1406415515E-03
       41       78        1     0.1468643464E-03
       42       80        1     0.1475321212E-03
       43       84        1     0.1540781450E-03
       44      110        2     0.1548964531E-03
       45      112        2     0.1593788740E-03
       46      116        2     0.1669463915E-03
       41       12        1     0.2132832382E-05
       42       16        1     0.3963757468E-05
       43       16        1     0.5412642593E-05
       44       20        1     0.8180948732E-05
       45       24        1     0.9582920771E-05
       46       28        1     0.1275538482E-04
       18       10        1     0.2477065792E-05
       19       22        1     0.7390691326E-05
       20       30        1     0.1298338798E-04
       21       38        1     0.2243280868E-04
       22       42        1     0.3141241823E-04
       23       46        1     0.3995123172E-04
       24       48        1     0.4558959761E-04
       25       52        1     0.6025134842E-04
       26       54        1     0.7210091113E-04
       27       56        1     0.8728953062E-04
       28       58        1     0.9943270497E-04
       29       60        1     0.1150568547E-03
       30       62        1     0.1265333605E-03
       31       64        1     0.1480772045E-03
       32       64        1     0.1622534881E-03
       33       66        1     0.1812984217E-03
       34       68        1     0.1888737153E-03
       35       70        1     0.2066907117E-03
       36       70        1     0.2243815642E-03
       37       72        1     0.2348690189E-03
       38       74        1     0.2503773193E-03
       39       76        1     0.2604124248E-03
       40       76        1     0.2656289587E-03
       41       80        1     0.2787147686E-03
       42       80        1     0.2881036248E-03
       41        8        1     0.1244284532E-05
       42       14        1     0.4822050583E-05
       43      106        2     0.2320516531E-03
       44      110        2     0.2202983547E-03
       45      110        2     0.2134913550E-03
       46      114        2     0.2141287255E-03
       47      268        5     0.1014038781E-08
       48      390        8     0.3181230300E-04
       20       14        2     0.1227386559E-07
       21       18        2     0.5899826504E-07
       22       28        2     0.1145832892E-06
       23       34        2     0.6895760868E-06
       24       38        2     0.2511865878E-05
       25       42        2     0.5184180694E-05
       26       44        2     0.1010926298E-04
       27       46        2     0.1387346780E-04
       28       48        2     0.1896821458E-04
       29       50        2     0.2524110109E-04
       30       52        2     0.3263654219E-04
       31       54        2     0.4114822097E-04
       32       58        2     0.4768280698E-04
       33       58        2     0.5727793727E-04
       34       62        2     0.6733483551E-04
       35       64        2     0.7601818208E-04
       36       66        2     0.8764831534E-04
       37       68        2     0.9503795501E-04
       38       70        2     0.9991262814E-04
       39       76        2     0.1047019979E-03
       40       96        3     0.7243273893E-04
       41      100        3     0.5487639915E-04
       42      102        3     0.4513207569E-04
       43      106        3     0.4263527977E-04
       44      106        3     0.3877393981E-04
       45      110        3     0.3737564751E-04
       46      110        3     0.3577753656E-04
       47      114        3     0.3667576879E-04
       48      116        3     0.3731189516E-04
       49      516       11     0.4783218377E-05
       19        2        1     0.2380904845E-05
       20       14        2     0.2034564449E-04
       21       20        2     0.4399700079E-04
       22       26        2     0.6808005277E-04
       23       30        2     0.9301640384E-04
       24       34        2     0.1144121603E-03
       25       38        2     0.1349911032E-03
       26       40        2     0.1508617188E-03
       27       42        2     0.1695675471E-03
       28       46        2     0.1835376316E-03
       29       46        2     0.2002571973E-03
       30       50        2     0.2144357906E-03
       31       50        2     0.2286292988E-03
       32       54        2     0.2437545696E-03
       33       58        2     0.2592830030E-03
       34       82        3     0.3475253775E-03
       35       88        3     0.4336445841E-03
       36       92        3     0.5003481504E-03
       37       92        3     0.5567885946E-03
       38       96        3     0.6068853053E-03
       39       98        3     0.6609337772E-03
       40      100        3     0.7058944114E-03
       41      102        3     0.7567083489E-03
       42      106        3     0.8094288575E-03
       43      112        3     0.8677840411E-03
       16       10        1     0.6163680995E-04
       17       22        1     0.1861062369E-03
       18       28        1     0.3190021897E-03
       19       32        1     0.4475807817E-03
       20       34        1     0.5604637094E-03
       21       36        1     0.6890782363E-03
       22       40        1     0.8132423182E-03
       23       42        1     0.9229822367E-03
       24       44        1     0.1037402040E-02
       25       46        1     0.1135711440E-02
       26       50        1     0.1258182108E-02
       25       12        1     0.4705629685E-04
       26       18        1     0.1381364339E-03
       27       84        2     0.1615573088E-02
       28       86        2     0.1806789437E-02
       29       90        2     0.2000660431E-02
       30       92        2     0.2180066779E-02
       31       96        2     0.2371579554E-02
       10       10        1     0.7755730939E-04
       11       22        1     0.2314284686E-03
       12       30        1     0.4473834350E-03
       13       34        1     0.6300892133E-03
       14       36        1     0.8174998452E-03
       15       40        1     0.9871726602E-03
       16       42        1     0.1132967294E-02
       17       46        1     0.1309162217E-02
       18       46        1     0.1455570411E-02
       19       50        1     0.1616699315E-02
       20       54        1     0.1799709430E-02
       16        4        1     0.1678912397E-05
       17       12        1     0.2930916564E-04
       18       16        1     0.6289877000E-04
       19       22        1     0.9474772752E-04
       20       28        1     0.1230268191E-03
       21       94        2     0.1997190218E-02
        4       10        1     0.6598475087E-04
        5       20        1     0.1471712474E-03
        6       26        1     0.2272041222E-03
        7       32        1     0.3149645224E-03
        8       38        1     0.3960056995E-03
        9       42        1     0.4559786438E-03
       10       46        1     0.5399395235E-03
       11       48        1     0.6150993204E-03
       12       54        1     0.7139801064E-03
       13       58        1     0.8098006892E-03
       14       58        1     0.9093199542E-03
       15       62        1     0.1007185722E-02
       16       64        1     0.1127878988E-02
       17       68        1     0.1235255851E-02
       12        4        1     0.1780888763E-04
       13       10        1     0.8546503496E-04
       14       16        1     0.1525615561E-03
       15       20        1     0.2091696218E-03
       16       24        1     0.2708867454E-03
       17       30        1     0.3265473143E-03
        1        8        1     0.3758387079E-10
        2       12        1     0.6373533670E-08
        3       20        1     0.1447223302E-08
        4       24        1     0.6538772487E-09
        5       28        1     0.7287828825E-08
        6       36        1     0.1483374155E-08
        7       40        1     0.2047804558E-08
        8       44        1     0.1166941678E-07
        9       52        1     0.6984517227E-08
       10       56        1     0.7663126299E-09
       11       58        1     0.2314349728E-07
       12       60        1     0.1036429486E-07
       13       64        1     0.5663536641E-08
       14       68        1     0.9697908432E-10
       15       70        1     0.1737514305E-08
       16       72        1     0.6831633776E-08
       17       76        1     0.2888587464E-08
       12        6        1     0.2413202379E-04
       13       10        1     0.8899509075E-04
       14       16        1     0.1506403876E-03
       15       20        1     0.2105085018E-03
       16       26        1     0.2657777375E-03
       17       30        1     0.3225241109E-03
        4       12        1     0.6714475708E-04
        5       20        1     0.1471185190E-03
        6       26        1     0.2317961467E-03
        7       30        1     0.3137810486E-03
        8       38        1     0.3967074298E-03
        9       44        1     0.4663693576E-03
       10       48        1     0.5350240645E-03
       11       50        1     0.6265338405E-03
       12       54        1     0.7163844330E-03
       13       56        1     0.8149321221E-03
       14       60        1     0.9137078097E-03
       15       62        1     0.1012801622E-02
       16       64        1     0.1114823795E-02
       17       68        1     0.1239660375E-02
       18      300        5     0.3632343113E-08
       19      304        5     0.4620691066E-11
       20      308        5     0.5249512216E-08
       21      314        5     0.1213437094E-08
       16        4        1     0.1784400949E-05
       17       12        1     0.2572323527E-04
       18       18        1     0.6052298699E-04
       19       22        1     0.8984623577E-04
       20       28        1     0.1164562970E-03
       10       10        1     0.8450794269E-04
       11       22        1     0.2471752157E-03
       12       30        1     0.4661096594E-03
       13       36        1     0.6500104989E-03
       14       36        1     0.8203445209E-03
       15       40        1     0.9992857443E-03
       16       42        1     0.1153665578E-02
       17       46        1     0.1313283696E-02
       18       48        1     0.1473475391E-02
       19       50        1     0.1638368708E-02
       20       54        1     0.1803648040E-02
       21       94        2     0.2001857484E-02
       22      516        9     0.3014285869E-08
       23      520        9     0.1071725278E-08
       24      522        9     0.3196036264E-08
       25      524        9     0.3278933605E-07
       26      528        9     0.4241338336E-08
       27      532        9     0.8248866091E-08
       28      532        9     0.4952209836E-07
       29      536        9     0.7310811396E-08
       30      540        9     0.2888948566E-07
       31      544        9     0.1072186049E-07
       25       12        1     0.4963191532E-04
       26       18        1     0.1463037942E-03
       16       10        1     0.6148442866E-04
       17       22        1     0.1889424349E-03
       18       28        1     0.3286549545E-03
       19       30        1     0.4418774312E-03
       20       34        1     0.5786939638E-03
       21       36        1     0.6980964568E-03
       22       40        1     0.8211138602E-03
       23       44        1     0.9279318660E-03
       24       44        1     0.1049763926E-02
       25       48        1     0.1161065922E-02
       26       50        1     0.1264039429E-02
       27       84        2     0.1628843087E-02
       28       86        2     0.1830962461E-02
       29       90        2     0.2014629191E-02
       30       92        2     0.2186012112E-02
       31       96        2     0.2394082799E-02
       32      756       13     0.8094934290E-10
       33      756       13     0.7614992947E-08
       34      760       13     0.1729897815E-08
       35      764       13     0.5171347967E-08
       36      766       13     0.8656349694E-08
       37      768       13     0.3963867817E-08
       38      772       13     0.9575469160E-08
       39      774       13     0.8908154787E-08
       40      776       13     0.5904538261E-08
       41      780       13     0.1405474357E-07
       42      784       13     0.8570561000E-08
       19        2        0     0.1364161552E-05
       20       14        2     0.2239665795E-04
       21       20        2     0.4650536142E-04
       22       24        2     0.6906530719E-04
       23       30        2     0.9500179066E-04
       24       34        2     0.1184534628E-03
       25       38        2     0.1386896369E-03
       26       40        2     0.1518997492E-03
       27       42        2     0.1742471657E-03
       28       46        2     0.1886789134E-03
       29       46        2     0.2057698857E-03
       30       50        2     0.2181089824E-03
       31       52        2     0.2338216958E-03
       32       54        2     0.2498608118E-03
       33       58        2     0.2651126195E-03
       34       82        3     0.3587144868E-03
       35       88        3     0.4463845546E-03
       36       92        3     0.5114165829E-03
       37       92        3     0.5644135610E-03
       38       96        3     0.6233071263E-03
       39       98        3     0.6760012353E-03
       40      100        3     0.7155830567E-03
       41      104        3     0.7732549631E-03
       42      106        3     0.8242791333E-03
       43      902       16     0.7310598230E-04
       44     1016       19     0.2001733151E-09
       45     1020       19     0.3734124774E-09
       46     1024       19     0.5994290199E-09
       47     1024       19     0.8102901795E-09
       48     1028       19     0.8848227268E-09
       49     1032       19     0.1060261303E-08
       20       14        2     0.5454489687E-09
       21       18        2     0.9186515209E-08
       22       28        2     0.1403325188E-06
       23       34        2     0.5633841842E-06
       24       38        2     0.2041577591E-05
       25       42        2     0.5882138491E-05
       26       44        2     0.9188576713E-05
       27       46        2     0.1203820106E-04
       28       48        2     0.1989085000E-04
       29       50        2     0.2665562370E-04
       30       52        2     0.3053733751E-04
       31       54        2     0.4044047875E-04
       32       58        2     0.4864170905E-04
       33       58        2     0.5598723647E-04
       34       60        2     0.6998706001E-04
       35       64        2     0.7632652750E-04
       36       64        2     0.8528885050E-04
       37       68        2     0.9666774163E-04
       38       70        2     0.1006527520E-03
       39       76        2     0.1044547869E-03
       40       96        3     0.6778087890E-04
       41      100        3     0.5428565376E-04
       42      102        3     0.4455219576E-04
       43      104        3     0.4059048964E-04
       44      106        3     0.3614622936E-04
       45      110        3     0.3632054448E-04
       46      110        3     0.3444036977E-04
       47      114        3     0.3441994928E-04
       48      116        3     0.3576732904E-04
       41        8        1     0.1908789693E-05
       42       14        1     0.5837038182E-05
       18       10        1     0.2402261022E-05
       19       22        1     0.7577674726E-05
       20       30        1     0.1314611367E-04
       21       38        1     0.2336587479E-04
       22       42        1     0.3207399899E-04
       23       46        1     0.3988345975E-04
       24       48        1     0.4936588307E-04
       25       50        1     0.6171555169E-04
       26       54        1     0.7417310160E-04
       27       56        1     0.8870525120E-04
       28       58        1     0.9989288516E-04
       29       60        1     0.1212013139E-03
       30       62        1     0.1380374372E-03
       31       64        1     0.1499962708E-03
       32       66        1     0.1626808266E-03
       33       66        1     0.1859610217E-03
       34       68        1     0.1987051172E-03
       35       70        1     0.2159360595E-03
       36       70        1     0.2308750869E-03
       37       72        1     0.2373996357E-03
       38       74        1     0.2563826954E-03
       39       74        1     0.2708339901E-03
       40       76        1     0.2783101628E-03
       41       80        1     0.2900658030E-03
       42       80        1     0.2923815985E-03
       43      106        2     0.2340322649E-03
       44      110        2     0.2253299163E-03
       45      110        2     0.2184746034E-03
       46      114        2     0.2168655340E-03
       41       12        1     0.2522600146E-05
       42       16        1     0.5132769654E-05
       43       18        1     0.7493948438E-05
       44       20        1     0.8780611431E-05
       45       24        1     0.1241369493E-04
       18       12        1     0.2113894867E-05
       19       22        1     0.3830720398E-05
       20       32        1     0.9558256731E-05
       21       36        1     0.1410403980E-04
       22       42        1     0.1923206549E-04
       23       46        1     0.2278541532E-04
       24       50        1     0.2785418547E-04
       25       52        1     0.3260903640E-04
       26       54        1     0.3546873824E-04
       27       56        1     0.4535857075E-04
       28       60        1     0.5010180864E-04
       29       60        1     0.5436754095E-04
       30       62        1     0.6541640957E-04
       31       64        1     0.7069147966E-04
       32       66        1     0.7940453804E-04
       33       66        1     0.8620711946E-04
       34       70        1     0.9203592335E-04
       35       70        1     0.1013545049E-03
       36       70        1     0.1083341711E-03
       37       74        1     0.1151424723E-03
       38       74        1     0.1222419660E-03
       39       74        1     0.1283547024E-03
       40       78        1     0.1334267677E-03
       41       78        1     0.1413009925E-03
       42       80        1     0.1449462643E-03
       43       84        1     0.1475152938E-03
       41       10        1     0.4076490973E-05
       42       14        1     0.5391377110E-05
       43       20        1     0.6872671758E-05
       44      110        2     0.1507833690E-03
       45      112        2     0.1560367286E-03
       46      142        3     0.1815357974E-03
       47      268        5     0.2966851285E-09
       48      272        5     0.9616352034E-07
       20       14        2     0.1361855214E-06
       21       18        2     0.1091055635E-05
       22       28        2     0.2585879553E-05
       23       36        2     0.4896987089E-05
       24       40        2     0.8286201648E-05
       25       42        2     0.1320564599E-04
       26       44        2     0.1821487622E-04
       27       46        2     0.2501533413E-04
       28       48        2     0.2698195910E-04
       29       50        2     0.3759046672E-04
       30       54        2     0.4465801530E-04
       31       54        2     0.5125918696E-04
       32       58        2     0.6333152670E-04
       33       60        2     0.7055994033E-04
       34       60        2     0.7817654871E-04
       35       64        2     0.9109553299E-04
       36       66        2     0.1022792057E-03
       37       68        2     0.1074089601E-03
       38       72        2     0.1189784693E-03
       39       74        2     0.1251630736E-03
       40       78        2     0.1263348786E-03
       40       12        1     0.8182464943E-06
       41      100        3     0.9716925362E-04
       42      104        3     0.9292395033E-04
       43      104        3     0.9113769529E-04
       44      108        3     0.8969229504E-04
       45      108        3     0.8966437968E-04
       46      112        3     0.9299983707E-04
       47      116        3     0.9558733410E-04
       48      118        3     0.1005301611E-03
       49      516       11     0.5913642673E-05
       20       12        2     0.7489574313E-05
       21       18        2     0.1853436201E-04
       22       24        2     0.3123052120E-04
       23       30        2     0.4549866489E-04
       24       34        2     0.5876722600E-04
       25       38        2     0.6937138043E-04
       26       40        2     0.8134867616E-04
       27       42        2     0.9282188688E-04
       28       44        2     0.9711489028E-04
       29       46        2     0.1103355732E-03
       30       48        2     0.1170430067E-03
       31       52        2     0.1257571008E-03
       32       54        2     0.1325680878E-03
       33       56        2     0.1424074484E-03
       34       58        2     0.1532403080E-03
       34        8        1     0.1810005636E-04
       35       86        3     0.2366559133E-03
       36       90        3     0.2874154064E-03
       37       92        3     0.3351274332E-03
       38       96        3     0.3716359084E-03
       39       96        3     0.4067536121E-03
       40      100        3     0.4466687697E-03
       41      102        3     0.4812030475E-03
       42      104        3     0.5133208831E-03
       43      108        3     0.5555247238E-03
       44      110        3     0.5976091111E-03
       16        4        1     0.1206053137E-04
       17       12        1     0.6525219405E-04
       18       24        1     0.1708490387E-03
       19       28        1     0.2700581404E-03
       20       32        1     0.3732536594E-03
       21       34        1     0.4615421520E-03
       22       36        1     0.5615919404E-03
       23       40        1     0.6633729470E-03
       24       44        1     0.7533488835E-03
       25       46        1     0.8389459806E-03
       26       50        1     0.9251909624E-03
       27       52        1     0.1011088705E-02
       26       12        1     0.9631339584E-04
       27       20        1     0.2109527902E-03
       28       84        2     0.1446162231E-02
       29       86        2     0.1628931724E-02
       30       90        2     0.1823203784E-02
       31       92        2     0.1995621182E-02
       32       94        2     0.2166321088E-02
       33      100        2     0.2384703666E-02
       10        2        1     0.1869813086E-05
       11       14        1     0.9334033365E-04
       12       24        1     0.2468806754E-03
       13       30        1     0.4268905882E-03
       14       34        1     0.5815062349E-03
       15       38        1     0.7513788855E-03
       16       40        1     0.8929130685E-03
       17       42        1     0.1024832015E-02
       18       46        1     0.1182677773E-02
       19       48        1     0.1318381960E-02
       20       52        1     0.1464160308E-02
       21       56        1     0.1620440019E-02
       17        8        1     0.3113828193E-04
       18       14        1     0.1065691244E-03
       19       18        1     0.1844511257E-03
       20       24        1     0.2534289315E-03
       21       30        1     0.3310810974E-03
       22       94        2     0.2164162354E-02
        4        6        1     0.2333889302E-04
        5       18        1     0.1087869037E-03
        6       22        1     0.1916734484E-03
        7       28        1     0.2752864956E-03
        8       36        1     0.3614505287E-03
        9       42        1     0.4315137645E-03
       10       44        1     0.4957896303E-03
       11       46        1     0.5855667250E-03
       12       50        1     0.6663025287E-03
       13       52        1     0.7700215131E-03
       14       58        1     0.8667329947E-03
       15       60        1     0.9780860155E-03
       16       62        1     0.1081600804E-02
       17       66        1     0.1202785764E-02
       13        8        1     0.5526465051E-04
       14       14        1     0.1486425625E-03
       15       18        1     0.2349796908E-03
       16       22        1     0.3222064481E-03
       17       26        1     0.4034618182E-03
        1        8        1     0.1297862037E-06
        2       14        1     0.1866920580E-06
        3       20        1     0.1094021330E-06
        4       24        1     0.1663964336E-06
        5       30        1     0.1585007427E-06
        6       34        1     0.6087126987E-07
        7       40        1     0.2575513892E-07
        8       46        1     0.1296805000E-06
        9       50        1     0.1637246867E-06
       10       54        1     0.2002581588E-06
       11       58        1     0.2457481908E-06
       12       62        1     0.2921881214E-06
       13       66        1     0.3568243338E-06
       14       66        1     0.4586937152E-06
       15       70        1     0.5032945021E-06
       16       74        1     0.5612696536E-06
       17       78        1     0.6803741877E-06
       12       10        1     0.3977253558E-04
       13       14        1     0.7603846551E-04
       14       18        1     0.1127403303E-03
       15       22        1     0.1453858548E-03
       16       26        1     0.1775790892E-03
       17       32        1     0.2059947827E-03
        3        8        1     0.2952599155E-04
        4       18        1     0.9811295195E-04
        5       24        1     0.1671842029E-03
        6       30        1     0.2386524050E-03
        7       34        1     0.3119230886E-03
        8       38        1     0.3838883690E-03
        9       44        1     0.4421177527E-03
       10       50        1     0.5226174955E-03
       11       52        1     0.6042819097E-03
       12       56        1     0.6859283875E-03
       13       60        1     0.7739763506E-03
       14       62        1     0.8655709821E-03
       15       64        1     0.9476033206E-03
       16       68        1     0.1061371685E-02
       17       72        1     0.1161676227E-02
       18      300        5     0.1206589179E-06
       19      304        5     0.1047950680E-05
       20      308        5     0.1898168447E-05
       16        6        1     0.9760591412E-06
       17       14        1     0.8347140173E-05
       18       18        1     0.1548537538E-04
       19       22        1     0.2228310032E-04
       20       28        1     0.2816628164E-04
        9        8        1     0.5272772637E-04
       10       18        1     0.2050438388E-03
       11       30        1     0.4435674096E-03
       12       34        1     0.6313058140E-03
       13       36        1     0.8035695082E-03
       14       40        1     0.9873509579E-03
       15       42        1     0.1137560564E-02
       16       44        1     0.1304176918E-02
       17       48        1     0.1481752317E-02
       18       52        1     0.1647770489E-02
       19       54        1     0.1809863966E-02
       20       58        1     0.2013063468E-02
       21      412        7     0.2981350206E-03
       22      416        7     0.3262782847E-03
       23      518        9     0.3553409227E-05
       24      522        9     0.7046078388E-05
       25      524        9     0.1048326822E-04
       26      528        9     0.1423298010E-04
       27      532        9     0.1631776966E-04
       28      534        9     0.1827100109E-04
       29      538        9     0.2109193553E-04
       30      542        9     0.2204917476E-04
       24        8        1     0.2266187236E-04
       25       16        1     0.1335721552E-03
       26       24        1     0.2400709901E-03
       15        8        1     0.4536546313E-04
       16       20        1     0.1583093164E-03
       17       26        1     0.3041963530E-03
       18       30        1     0.4261469617E-03
       19       32        1     0.5536077301E-03
       20       36        1     0.6842994575E-03
       21       40        1     0.8055102827E-03
       22       40        1     0.9161395214E-03
       23       44        1     0.1045438215E-02
       24       48        1     0.1159402990E-02
       25       50        1     0.1276736450E-02
       26       54        1     0.1402741750E-02
       27       86        2     0.1893099556E-02
       28       90        2     0.2100488309E-02
       29       92        2     0.2292665197E-02
       30       96        2     0.2522547902E-02
       31      646       11     0.1695053156E-03
       32      648       11     0.1866584268E-03
       33      654       11     0.2018079481E-03
       34      760       13     0.4560168483E-05
       35      764       13     0.6562160979E-05
       36      766       13     0.8246049011E-05
       37      768       13     0.9627115853E-05
       38      772       13     0.1088050757E-04
       39      774       13     0.1224978351E-04
       40      776       13     0.1321975354E-04
       41      780       13     0.1377992155E-04
       33       16        1     0.7483545595E-04
       19        6        1     0.1052871849E-04
       20       18        2     0.4201791498E-04
       21       22        2     0.7590295788E-04
       22       26        2     0.1070830410E-03
       23       30        2     0.1348711024E-03
       24       34        2     0.1634140898E-03
       25       38        2     0.1874339624E-03
       26       42        2     0.2103515269E-03
       27       42        2     0.2303605949E-03
       28       46        2     0.2504931617E-03
       29       46        2     0.2677419337E-03
       30       50        2     0.2905919554E-03
       31       52        2     0.3120092711E-03
       32       54        2     0.3282117225E-03
       33       60        2     0.3581079238E-03
       34       84        3     0.5402635804E-03
       35       88        3     0.6353978763E-03
       36       92        3     0.7117631249E-03
       37       94        3     0.7854236026E-03
       38       98        3     0.8497235818E-03
       39       98        3     0.9098474464E-03
       40      102        3     0.9763276787E-03
       41      104        3     0.1041851410E-02
       42      896       16     0.3744084841E-04
       43      900       16     0.4221214226E-04
       44      902       16     0.4453519971E-04
       45     1020       19     0.5142154636E-06
       46     1024       19     0.7871904066E-06
       47     1024       19     0.1032247079E-05
       48     1028       19     0.1245987883E-05
       49     1032       19     0.1440172337E-05
       20       12        2     0.2089578929E-06
       21       20        2     0.5010721705E-08
       22       28        2     0.1383494705E-08
       23       32        2     0.3502293069E-06
       24       38        2     0.2065679571E-05
       25       42        2     0.4811023046E-05
       26       42        2     0.9499367604E-05
       27       46        2     0.1466604082E-04
       28       46        2     0.1832529111E-04
       29       48        2     0.2970596708E-04
       30       52        2     0.3547220011E-04
       31       52        2     0.4207193422E-04
       32       56        2     0.5422618508E-04
       33       58        2     0.6515445747E-04
       34       60        2     0.7154542092E-04
       35       62        2     0.8578600770E-04
       36       66        2     0.9565700321E-04
       37       68        2     0.1015333470E-03
       38       72        2     0.1098772569E-03
       39       92        4     0.8092634492E-04
       40       98        4     0.4852275950E-04
       41       98        4     0.3481156852E-04
       42      102        4     0.2822018331E-04
       43      104        4     0.2287449510E-04
       44      106        4     0.2063655671E-04
       45      108        4     0.1669532405E-04
       46      110        4     0.1665428661E-04
       47      114        4     0.1533022915E-04
       48      116        4     0.1405435670E-04
       40        4        1     0.2600797363E-05
       41       12        1     0.1761892899E-04
       42       16        1     0.3979875490E-04
       18        4        1     0.5701964301E-06
       19       20        1     0.9837367002E-05
       20       28        1     0.1908037758E-04
       21       36        1     0.3301780306E-04
       22       40        1     0.4975678896E-04
       23       44        1     0.6409301635E-04
       24       48        1     0.8246206903E-04
       25       50        1     0.9970324898E-04
       26       52        1     0.1186102020E-03
       27       54        1     0.1471819324E-03
       28       58        1     0.1717359751E-03
       29       58        1     0.1943936719E-03
       30       60        1     0.2317108615E-03
       31       64        1     0.2544998553E-03
       32       64        1     0.2803153238E-03
       33       66        1     0.3079137197E-03
       34       68        1     0.3379460159E-03
       35       68        1     0.3620621640E-03
       36       70        1     0.3913025478E-03
       37       72        1     0.4043994175E-03
       38       72        1     0.4211421651E-03
       39       76        1     0.4481353079E-03
       40       76        1     0.4667970109E-03
       41       80        1     0.4727440746E-03
       42       82        1     0.4803962497E-03
       43      106        2     0.3467875739E-03
       44      110        2     0.3265684008E-03
       45      110        2     0.3128490874E-03
       46      114        2     0.3028721794E-03
       47      118        2     0.2965082759E-03
       40        4        1     0.3738170652E-05
       41       12        1     0.2006815886E-04
       42       16        1     0.3509619631E-04
       43       18        1     0.4869430131E-04
       44       22        1     0.6413053967E-04
       45       26        1     0.8090360260E-04
       18       12        1     0.6318522549E-06
       19       22        1     0.2593279242E-05
       20       32        1     0.5814443851E-05
       21       38        1     0.9222130963E-05
       22       42        1     0.1211584238E-04
       23       48        1     0.1279301866E-04
       24       48        1     0.1462155971E-04
       25       52        1     0.1425675399E-04
       26       56        1     0.1654178972E-04
       27       58        1     0.1854051594E-04
       28       60        1     0.2001097766E-04
       29       62        1     0.2238648810E-04
       30       62        1     0.2504454901E-04
       31       66        1     0.2754761184E-04
       32       66        1     0.2985559377E-04
       33       66        1     0.3180388206E-04
       34       70        1     0.3667455785E-04
       35       70        1     0.3907098124E-04
       36       70        1     0.4130361396E-04
       37       74        1     0.4531614550E-04
       38       74        1     0.4757955119E-04
       39       74        1     0.4976018654E-04
       40       78        1     0.5520418618E-04
       41       78        1     0.5800240968E-04
       42       82        1     0.6090991834E-04
       43       84        1     0.6342536060E-04
       40        6        1     0.7213154461E-05
       41       10        1     0.2597104388E-04
       42       16        1     0.4591540478E-04
       43       20        1     0.5987744054E-04
       44      112        2     0.1015860236E-03
       45      114        2     0.1152396750E-03
       46      144        3     0.1975079778E-03
       47      148        3     0.2212148671E-03
       20       16        2     0.2031022404E-05
       21       20        2     0.6466345840E-05
       22       28        2     0.1243457209E-04
       23       36        2     0.1877077982E-04
       24       40        2     0.2430639790E-04
       25       42        2     0.3485393851E-04
       26       46        2     0.4275327407E-04
       27       46        2     0.5001867473E-04
       28       50        2     0.6090599775E-04
       29       52        2     0.7017324290E-04
       30       54        2     0.7950236424E-04
       31       56        2     0.9298106040E-04
       32       58        2     0.1054342624E-03
       33       60        2     0.1132168371E-03
       34       62        2     0.1286533581E-03
       35       66        2     0.1399821478E-03
       36       66        2     0.1527569340E-03
       37       70        2     0.1658561364E-03
       38       70        2     0.1776912109E-03
       39       74        2     0.1883453680E-03
       40       76        2     0.1928718413E-03
       40       10        1     0.1954985997E-05
       41      102        3     0.1881418244E-03
       42      104        3     0.1890787909E-03
       43      106        3     0.1927115713E-03
       44      108        3     0.1958188204E-03
       45      110        3     0.2031617761E-03
       46      112        3     0.2100741688E-03
       47      116        3     0.2180549674E-03
       48      390        8     0.6860782740E-04
       49      518       12     0.3572713613E-04
       20       12        2     0.1910747359E-05
       21       18        2     0.4133843787E-05
       22       22        2     0.8054639277E-05
       23       28        2     0.1280091322E-04
       24       32        2     0.1722412674E-04
       25       36        2     0.2087482653E-04
       26       40        2     0.2568826527E-04
       27       40        2     0.2920429388E-04
       28       44        2     0.3088667417E-04
       29       48        2     0.3371350590E-04
       30       48        2     0.3825965649E-04
       31       52        2     0.4007212713E-04
       32       52        2     0.4231673614E-04
       33       56        2     0.4636077759E-04
       34       60        2     0.4945011404E-04
       35       62        2     0.5388230364E-04
       35       20        1     0.5278366482E-04
       36       88        3     0.1163849597E-03
       37       90        3     0.1460339447E-03
       38       94        3     0.1725793353E-03
       39       98        3     0.1976983349E-03
       40       98        3     0.2179723801E-03
       41      102        3     0.2450850715E-03
       42      104        3     0.2658513670E-03
       43      106        3     0.2877436022E-03
       44      108        3     0.3173928184E-03
       45      112        3     0.3425858586E-03
       17        8        1     0.2152717718E-04
       18       20        2     0.6262196033E-04
       19       26        2     0.1260075881E-03
       20       30        2     0.1898787819E-03
       21       32        2     0.2532994413E-03
       22       36        2     0.3167894045E-03
       23       40        2     0.3788274308E-03
       24       42        2     0.4383191156E-03
       25       44        2     0.4973812759E-03
       26       46        2     0.5497904970E-03
       27       50        2     0.6131514717E-03
       26        2        0     0.4584425125E-05
       27       14        1     0.1669217698E-03
       28       80        3     0.9680340369E-03
       29       84        3     0.1196158146E-02
       30       86        3     0.1380148127E-02
       31       90        3     0.1572508363E-02
       32       92        3     0.1745315162E-02
       33       94        3     0.1916722249E-02
       34       98        3     0.2114465813E-02
       11        6        1     0.2701426559E-04
       12       16        1     0.1120732530E-03
       13       26        1     0.2367507871E-03
       14       30        1     0.3764201982E-03
       15       34        1     0.4980630596E-03
       16       38        1     0.6395011996E-03
       17       42        1     0.7573358414E-03
       18       44        1     0.8692649632E-03
       19       46        1     0.9998735389E-03
       20       48        1     0.1119354180E-02
       21       54        1     0.1250958710E-02
       18       10        1     0.9971736560E-04
       19       16        1     0.2100316205E-03
       20       20        1     0.3380901052E-03
       21       26        1     0.4612171698E-03
       22       90        2     0.1981730309E-02
       23       94        2     0.2258278574E-02
        5       12        1     0.6332357727E-04
        6       20        1     0.1429326420E-03
        7       24        1     0.2278625655E-03
        8       34        1     0.3032185636E-03
        9       38        1     0.3771944774E-03
       10       42        1     0.4508990561E-03
       11       46        1     0.5251176285E-03
       12       48        1     0.6119936187E-03
       13       50        1     0.6963564533E-03
       14       54        1     0.8017642352E-03
       15       56        1     0.8983261073E-03
       16       60        1     0.1016451319E-02
       17       64        1     0.1122243501E-02
       18       68        1     0.1243649992E-02
       14        8        1     0.7768589534E-04
       15       14        1     0.1883109078E-03
       16       18        1     0.2818027362E-03
       17       24        1     0.3879143100E-03
       18       30        1     0.4917847970E-03
        1        6        1     0.5292426353E-06
        2       14        1     0.9066549198E-06
        3       18        1     0.8820234836E-06
        4       26        1     0.1177236999E-05
        5       30        1     0.1321904999E-05
        6       36        1     0.6457331837E-06
        7       40        1     0.2679139517E-06
        8       44        1     0.1324536474E-07
        9       52        1     0.1795365844E-07
       10       54        1     0.8177342440E-08
       11       58        1     0.1229491327E-07
       12       62        1     0.1297047361E-07
       13       64        1     0.1366030457E-07
       14       68        1     0.4575475156E-07
       15       70        1     0.4291334610E-07
       16       72        1     0.4495216202E-07
       11        6        1     0.8476318403E-05
       12       10        1     0.2758359959E-04
       13       16        1     0.4605732792E-04
       14       20        1     0.6316075962E-04
       15       22        1     0.7742112042E-04
       16       26        1     0.9210939799E-04
       17      112        2     0.2324354697E-04
        3       12        1     0.4896955429E-04
        4       18        1     0.9836053322E-04
        5       26        1     0.1523006679E-03
        6       30        1     0.2027667010E-03
        7       36        1     0.2675098495E-03
        8       42        1     0.3197594252E-03
        9       46        1     0.3778677698E-03
       10       52        1     0.4343076636E-03
       11       54        1     0.5030903705E-03
       12       58        1     0.5649528244E-03
       13       62        1     0.6362421018E-03
       14       64        1     0.7063432054E-03
       15       66        1     0.7861573788E-03
       16       70        1     0.8629298255E-03
       17       74        1     0.9496601352E-03
       18      192        3     0.6105826375E-03
       19      304        5     0.1106225163E-04
       20      310        5     0.1635468858E-04
       16        8        1     0.2579793983E-06
       17       14        1     0.9326017687E-06
       18       18        1     0.1667077663E-05
       19       22        1     0.2474866378E-05
       20       30        1     0.3548953007E-05
        8        6        1     0.2561045120E-04
        9       16        1     0.1595404507E-03
       10       30        1     0.3658464396E-03
       11       34        1     0.5415316328E-03
       12       36        1     0.6958222391E-03
       13       40        1     0.8649884582E-03
       14       42        1     0.1009766113E-02
       15       44        1     0.1158739466E-02
       16       48        1     0.1332321656E-02
       17       50        1     0.1493863243E-02
       18       54        1     0.1671467977E-02
       19       58        1     0.1853719702E-02
       20       62        1     0.2033689144E-02
       21      410        7     0.2035834399E-03
       22      414        7     0.2127316883E-03
       23      420        7     0.2171751126E-03
       24      522        9     0.3010755950E-04
       25      526        9     0.4457194880E-04
       26      528        9     0.5610493646E-04
       27      532        9     0.6791085686E-04
       28      534        9     0.7665925600E-04
       29      540        9     0.8459261907E-04
       23        2        0     0.5146483760E-05
       24       16        1     0.1695800145E-03
       25       22        1     0.3138659881E-03
       14        6        1     0.1929863980E-04
       15       14        1     0.1077203919E-03
       16       24        1     0.2291517288E-03
       17       28        1     0.3428911567E-03
       18       32        1     0.4563799167E-03
       19       36        1     0.5699486053E-03
       20       38        1     0.6660801044E-03
       21       40        1     0.7776995540E-03
       22       44        1     0.8934509561E-03
       23       44        1     0.9888394189E-03
       24       48        1     0.1110101650E-02
       25       54        1     0.1224600542E-02
       26       86        2     0.1835919232E-02
       27       88        2     0.2082699245E-02
       28       92        2     0.2313413093E-02
       29       96        2     0.2572843723E-02
       30      644       11     0.7711992756E-04
       31      644       11     0.8788437860E-04
       32      648       11     0.9834948152E-04
       33      652       11     0.1050608320E-03
       34      656       11     0.1114126977E-03
       35      764       14     0.2288296733E-04
       36      766       14     0.2940662169E-04
       37      770       14     0.3489602625E-04
       38      772       14     0.3972538799E-04
       39      774       14     0.4386794795E-04
       40      778       14     0.4711915212E-04
       32       12        1     0.5468235982E-04
       19        2        0     0.1377451670E-05
       19       10        1     0.2105958160E-04
       20       20        2     0.5983345360E-04
       21       24        2     0.8933017313E-04
       22       30        2     0.1221131799E-03
       23       34        2     0.1511337752E-03
       24       36        2     0.1775415728E-03
       25       38        2     0.1982648401E-03
       26       42        2     0.2234677704E-03
       27       44        2     0.2450411012E-03
       28       46        2     0.2625875382E-03
       29       48        2     0.2918194725E-03
       30       52        2     0.3097134756E-03
       31       52        2     0.3334903576E-03
       32       56        2     0.3655063065E-03
       33       84        3     0.5676682923E-03
       34       86        3     0.6907959158E-03
       35       90        3     0.7878424993E-03
       36       94        3     0.8825806449E-03
       37       96        3     0.9584553387E-03
       38       98        3     0.1031749509E-02
       39      100        3     0.1118465183E-02
       40      104        3     0.1192654570E-02
       41      890       17     0.1409677239E-04
       42      894       17     0.1642741691E-04
       43      898       17     0.1762629676E-04
       44      900       17     0.1844301043E-04
       45      904       17     0.1854257836E-04
       46     1024       20     0.2036001014E-05
       47     1024       20     0.2769995421E-05
       48     1028       20     0.3369325058E-05
       20       12        2     0.1659355503E-07
       21       18        2     0.1986979772E-07
       22       26        2     0.2517344774E-06
       23       30        2     0.1654458368E-05
       24       36        2     0.4600534022E-05
       25       40        2     0.8708969384E-05
       26       42        2     0.1507528535E-04
       27       44        2     0.2094123221E-04
       28       46        2     0.2901161827E-04
       29       50        2     0.3630531694E-04
       30       50        2     0.4610653963E-04
       31       52        2     0.5670064356E-04
       32       54        2     0.6317555143E-04
       33       56        2     0.7993587769E-04
       34       60        2     0.8820849301E-04
       35       62        2     0.9664066435E-04
       36       64        2     0.1122765263E-03
       37       68        2     0.1179505017E-03
       38       82        3     0.1051725850E-03
       39       94        3     0.5541897217E-04
       40       96        3     0.3740385643E-04
       41      100        3     0.2685839807E-04
       42      102        3     0.1997123037E-04
       43      104        3     0.1782630604E-04
       44      106        3     0.1420073161E-04
       45      108        3     0.1201212964E-04
       46      112        3     0.1001958969E-04
       47      112        3     0.9607529288E-05
       48      116        3     0.7757208224E-05
       49     1156       23     0.6729751145E-05
       40        8        1     0.1204177776E-04
       41       14        1     0.3539356926E-04
       19       18        1     0.1340287693E-04
       20       26        1     0.2865180838E-04
       21       34        1     0.4815758791E-04
       22       38        1     0.6926694665E-04
       23       42        1     0.9586046851E-04
       24       46        1     0.1198208262E-03
       25       50        1     0.1491636711E-03
       26       50        1     0.1739406060E-03
       27       52        1     0.2048890888E-03
       28       56        1     0.2437797471E-03
       29       58        1     0.2810060193E-03
       30       60        1     0.3126350688E-03
       31       62        1     0.3588028902E-03
       32       64        1     0.3972525005E-03
       33       66        1     0.4332874715E-03
       34       68        1     0.4694198518E-03
       35       68        1     0.5119824126E-03
       36       70        1     0.5400365976E-03
       37       72        1     0.5706730985E-03
       38       72        1     0.5983394936E-03
       39       76        1     0.6216246426E-03
       40       78        1     0.6489922448E-03
       41       80        1     0.6610377930E-03
       42      106        2     0.5174111253E-03
       43      106        2     0.4839760819E-03
       44      108        2     0.4567995519E-03
       45      110        2     0.4445022748E-03
       46      114        2     0.4309278271E-03
       47      116        2     0.4198546844E-03
       40        8        1     0.1534047532E-04
       41       12        1     0.3661671176E-04
       42       16        1     0.5716070748E-04
       43       20        1     0.7547487366E-04
       44       22        1     0.1005867511E-03
       18       14        1     0.5091803748E-07
       19       24        1     0.9312915246E-06
       20       32        1     0.2372277294E-05
       21       38        1     0.3854043678E-05
       22       42        1     0.4926152484E-05
       23       46        1     0.5544644431E-05
       24       50        1     0.5762961905E-05
       25       52        1     0.4832163147E-05
       26       54        1     0.5795492872E-05
       27       58        1     0.5890524893E-05
       28       58        1     0.6201602433E-05
       29       62        1     0.6849518327E-05
       30       62        1     0.7142307507E-05
       31       66        1     0.8140190538E-05
       32       66        1     0.8384137734E-05
       33       68        1     0.1011809877E-04
       34       70        1     0.1116047127E-04
       35       70        1     0.1148960515E-04
       36       72        1     0.1281677235E-04
       37       74        1     0.1375467750E-04
       38       74        1     0.1425355952E-04
       39       76        1     0.1662205733E-04
       40       78        1     0.1795124861E-04
       41       78        1     0.1881819614E-04
       42       82        1     0.2071162114E-04
       43       82        1     0.2183641990E-04
       40        8        1     0.2112257784E-04
       41       12        1     0.4318669578E-04
       42       16        1     0.7291791954E-04
       43       22        1     0.9591772155E-04
       44      112        2     0.6202576884E-04
       45      144        3     0.1374240476E-03
       46      146        3     0.1632899313E-03
       47      150        3     0.1867569632E-03
       20       16        2     0.7749399283E-05
       21       22        2     0.1824233716E-04
       22       30        2     0.3322091131E-04
       23       38        2     0.4735031415E-04
       24       42        2     0.6209003925E-04
       25       44        2     0.7465335689E-04
       26       46        2     0.8704910580E-04
       27       48        2     0.1046868882E-03
       28       50        2     0.1173297789E-03
       29       52        2     0.1331769133E-03
       30       56        2     0.1496983321E-03
       31       56        2     0.1666283264E-03
       32       58        2     0.1852329960E-03
       33       62        2     0.2024596655E-03
       34       62        2     0.2197330386E-03
       35       66        2     0.2390518488E-03
       36       68        2     0.2565813667E-03
       37       68        2     0.2802708070E-03
       38       72        2     0.2932290915E-03
       39       74        2     0.3083080132E-03
       40       78        2     0.3198563427E-03
       40       10        1     0.5068388251E-05
       41      102        3     0.3335147489E-03
       42      104        3     0.3392963847E-03
       43      106        3     0.3505563029E-03
       44      108        3     0.3570476139E-03
       45      110        3     0.3722838761E-03
       46      114        3     0.3830870310E-03
       47      118        3     0.3959211271E-03
       48      390        8     0.7463392568E-04
       49      396        8     0.8637753906E-04
       20       12        2     0.1081359113E-06
       21       16        2     0.7737944652E-07
       22       22        2     0.3665724816E-06
       23       28        2     0.6028434147E-06
       24       32        2     0.8089785241E-06
       25       36        2     0.9646489611E-06
       26       40        2     0.1279111648E-05
       27       42        2     0.1250790020E-05
       28       44        2     0.1341699832E-05
       29       46        2     0.1151829731E-05
       30       48        2     0.1835872769E-05
       31       50        2     0.1453247800E-05
       32       54        2     0.1667166119E-05
       33       56        2     0.1769086155E-05
       34       58        2     0.1908499668E-05
       35       60        2     0.2236038677E-05
       35        8        2     0.2770079901E-05
       36       86        4     0.1830587425E-04
       37       92        4     0.3332725002E-04
       38       92        4     0.4472704864E-04
       39       96        4     0.5967545598E-04
       40       98        4     0.7310630911E-04
       41      100        4     0.8151070969E-04
       42      102        4     0.9741152657E-04
       43      106        4     0.1085124907E-03
       44      108        4     0.1209378882E-03
       45      110        4     0.1353713000E-03
       46      114        4     0.1504714339E-03
       17        6        1     0.7435896342E-05
       18       14        1     0.2531331642E-04
       19       22        2     0.5505792714E-04
       20       26        2     0.8530044498E-04
       21       30        2     0.1254153508E-03
       22       34        2     0.1600168459E-03
       23       36        2     0.1938641118E-03
       24       40        2     0.2299326202E-03
       25       42        2     0.2637566075E-03
       26       46        2     0.2987683269E-03
       27       48        2     0.3336775357E-03
       28       52        2     0.3792359256E-03
       28       16        1     0.2122797531E-03
       29       82        3     0.7494975299E-03
       30       84        3     0.9562491940E-03
       31       88        3     0.1137428562E-02
       32       90        3     0.1299036288E-02
       33       92        3     0.1476930848E-02
       34       96        3     0.1639199418E-02
       35       98        3     0.1814731780E-02
       12       12        1     0.4550805108E-04
       13       20        1     0.1243918119E-03
       14       30        1     0.2242952120E-03
       15       34        1     0.3324452353E-03
       16       36        1     0.4267212315E-03
       17       38        1     0.5369298457E-03
       18       42        1     0.6332218236E-03
       19       44        1     0.7311674268E-03
       20       48        1     0.8413182660E-03
       21       50        1     0.9487244758E-03
       22       54        1     0.1064159823E-02
       19       10        1     0.1523755488E-03
       20       16        1     0.3090178817E-03
       21       22        1     0.4872848078E-03
       22       26        1     0.6541434932E-03
       23       88        2     0.1968762712E-02
       24       94        2     0.2273297696E-02
        6       16        1     0.9886699084E-04
        7       22        1     0.1763524804E-03
        8       30        1     0.2604626127E-03
        9       36        1     0.3225932594E-03
       10       40        1     0.4028754534E-03
       11       44        1     0.4827865900E-03
       12       48        1     0.5641318558E-03
       13       48        1     0.6544554667E-03
       14       52        1     0.7449615547E-03
       15       54        1     0.8558926703E-03
       16       58        1     0.9573843029E-03
       17       62        1     0.1080064640E-02
       18       66        1     0.1190717638E-02
       15       10        1     0.8521885341E-04
       16       16        1     0.1829509249E-03
       17       20        1     0.2672146363E-03
       18       26        1     0.3672744073E-03
        1        6        1     0.1184264555E-05
        2       14        1     0.3130992360E-05
        3       18        1     0.4227121811E-05
        4       24        1     0.5386630674E-05
        5       32        1     0.5749252286E-05
        6       36        1     0.5166516532E-05
        7       42        1     0.4213172072E-05
        8       46        1     0.3775595364E-05
        9       50        1     0.3658196180E-05
       10       54        1     0.3654277238E-05
       11       58        1     0.4022699276E-05
       12       62        1     0.4168679966E-05
       13       64        1     0.5047021082E-05
       14       68        1     0.4732571194E-05
       15       70        1     0.4632869396E-05
       16       74        1     0.5352993105E-05
       11        8        1     0.5617117469E-05
       12       12        1     0.1248856578E-04
       13       16        1     0.1923329322E-04
       14       20        1     0.2487876460E-04
       15       24        1     0.3035311603E-04
       16       28        1     0.3436235101E-04
        2        8        1     0.1232132409E-04
        3       16        1     0.4945714171E-04
        4       22        1     0.8448991725E-04
        5       28        1     0.1131647801E-03
        6       34        1     0.1491041589E-03
        7       38        1     0.1864561456E-03
        8       42        1     0.2278710900E-03
        9       48        1     0.2597304425E-03
       10       52        1     0.2990294705E-03
       11       54        1     0.3352772249E-03
       12       60        1     0.3801606021E-03
       13       62        1     0.4209086602E-03
       14       64        1     0.4773369993E-03
       15       68        1     0.5237103769E-03
       16       72        1     0.5758824415E-03
       17      190        3     0.2857980114E-03
       18      194        3     0.3064571166E-03
       19      304        5     0.5998531743E-04
       16        8        1     0.7122731912E-06
       17       14        1     0.1197049472E-05
       18       18        1     0.1938341416E-05
       19       24        1     0.3595594095E-05
        8       14        1     0.1074504867E-03
        9       28        1     0.2635009365E-03
       10       34        1     0.4118448823E-03
       11       36        1     0.5369192311E-03
       12       38        1     0.6835585929E-03
       13       42        1     0.8117280864E-03
       14       44        1     0.9339092973E-03
       15       46        1     0.1090573031E-02
       16       50        1     0.1235161370E-02
       17       54        1     0.1398079266E-02
       18       56        1     0.1557775574E-02
       19       60        1     0.1729487849E-02
       20      408        7     0.9135410758E-04
       21      412        7     0.9469565904E-04
       22      414        7     0.9486809337E-04
       23      418        7     0.9597066812E-04
       24      424        7     0.9514984908E-04
       25      526        9     0.1022885012E-03
       26      528        9     0.1317976373E-03
       27      532        9     0.1541664685E-03
       28      538        9     0.1721106998E-03
       22        2        0     0.8255212712E-05
       23       16        1     0.2163659138E-03
       24       20        1     0.4089225291E-03
       14       12        1     0.5320814840E-04
       15       22        1     0.1497154832E-03
       16       28        1     0.2489695342E-03
       17       32        1     0.3402775253E-03
       18       36        1     0.4327025948E-03
       19       36        1     0.5127126604E-03
       20       40        1     0.6107073111E-03
       21       44        1     0.7074200034E-03
       22       44        1     0.7951696361E-03
       23       48        1     0.9025835037E-03
       24       50        1     0.9980804053E-03
       25       84        2     0.1694146411E-02
       26       88        2     0.1989428692E-02
       27       92        2     0.2257313370E-02
       28       96        2     0.2539640628E-02
       29      640       11     0.2404704146E-04
       30      642       11     0.2792634348E-04
       31      646       11     0.3220710341E-04
       32      648       11     0.3518484505E-04
       33      652       11     0.3825236016E-04
       34      654       11     0.4024420056E-04
       35      658       11     0.4204420917E-04
       36      768       14     0.5570722570E-04
       37      770       14     0.6757259439E-04
       38      772       14     0.7801278325E-04
       39      776       14     0.8488351167E-04
       31       10        1     0.4510359483E-04
       18        4        1     0.7454215158E-05
       19       16        2     0.3153801389E-04
       20       22        2     0.5955575006E-04
       21       26        2     0.8617848183E-04
       22       30        2     0.1112601645E-03
       23       34        2     0.1357741845E-03
       24       38        2     0.1575953746E-03
       25       40        2     0.1803514985E-03
       26       42        2     0.1977231763E-03
       27       44        2     0.2182513900E-03
       28       48        2     0.2421382807E-03
       29       48        2     0.2648546261E-03
       30       52        2     0.2880225118E-03
       31       54        2     0.3217309236E-03
       32       82        3     0.5344863241E-03
       33       86        3     0.6852297901E-03
       34       88        3     0.8021698677E-03
       35       92        3     0.9115142717E-03
       36       94        3     0.1010744000E-02
       37       96        3     0.1097091071E-02
       38      100        3     0.1197513137E-02
       39      102        3     0.1292052471E-02
       40      888       17     0.3457912925E-05
       41      890       17     0.4201376814E-05
       42      894       17     0.4733325283E-05
       43      896       17     0.5125173031E-05
       44      898       17     0.5152729428E-05
       45      902       17     0.5164051934E-05
       46      906       17     0.4925538586E-05
       47     1026       21     0.2825159607E-05
       48     1028       21     0.3562142332E-05
       20       12        2     0.1497518446E-06
       21       18        2     0.5980257446E-06
       22       26        2     0.1614328298E-05
       23       30        2     0.4637888904E-05
       24       34        2     0.8489993828E-05
       25       38        2     0.1386823691E-04
       26       40        2     0.1990538848E-04
       27       44        2     0.2886077450E-04
       28       44        2     0.3582220263E-04
       29       48        2     0.4352798407E-04
       30       50        2     0.5318395523E-04
       31       52        2     0.6275819643E-04
       32       54        2     0.7298740847E-04
       33       58        2     0.8235966957E-04
       34       58        2     0.9210810902E-04
       35       62        2     0.1015078547E-03
       36       64        2     0.1047161780E-03
       37       68        2     0.1157657661E-03
       38       92        3     0.5690909410E-04
       39       94        3     0.3484963915E-04
       40       98        3     0.2510203800E-04
       41       98        3     0.1875466429E-04
       42      102        3     0.1448402526E-04
       43      104        3     0.1100962341E-04
       44      106        3     0.8998849919E-05
       45      108        3     0.6909314636E-05
       46      110        3     0.5881082516E-05
       47      114        3     0.4326026067E-05
       48      116        3     0.3100037739E-05
       49     1156       24     0.5378482969E-05
       40       10        1     0.9879616314E-05
       41       16        1     0.2350571958E-04
       19       18        1     0.1350780474E-04
       20       24        1     0.3574476945E-04
       21       30        1     0.6088963583E-04
       22       38        1     0.9148524250E-04
       23       42        1     0.1234791005E-03
       24       46        1     0.1515223511E-03
       25       46        1     0.1808673151E-03
       26       50        1     0.2177568087E-03
       27       50        1     0.2482677317E-03
       28       54        1     0.2843382674E-03
       29       56        1     0.3301688933E-03
       30       60        1     0.3719704019E-03
       31       60        1     0.4068004319E-03
       32       62        1     0.4612473857E-03
       33       66        1     0.5043892888E-03
       34       66        1     0.5437971845E-03
       35       68        1     0.5886649561E-03
       36       70        1     0.6273139324E-03
       37       70        1     0.6587936025E-03
       38       74        1     0.6953686013E-03
       39       74        1     0.7227916884E-03
       40       78        1     0.7474653686E-03
       41       80        1     0.7679533970E-03
       42      104        2     0.6229033025E-03
       43      108        2     0.6063284363E-03
       44      108        2     0.5854458226E-03
       45      112        2     0.5754436283E-03
       46      112        2     0.5678111726E-03
       39        2        1     0.1949355803E-05
       40       12        1     0.1535231302E-04
       41       16        1     0.2579816393E-04
       42       18        1     0.3581174839E-04
       43       22        1     0.4834978176E-04
       18       14        1     0.2961218724E-07
       19       24        1     0.1679438195E-06
       20       32        1     0.5505376112E-06
       21       38        1     0.9338137338E-06
       22       42        1     0.1183644773E-05
       23       46        1     0.1380014542E-05
       24       50        1     0.1349675107E-05
       25       52        1     0.1685009095E-05
       26       54        1     0.1118253977E-05
       27       58        1     0.1098025204E-05
       28       60        1     0.1411734739E-05
       29       62        1     0.1316943323E-05
       30       64        1     0.1391740175E-05
       31       64        1     0.1522713886E-05
       32       66        1     0.1384148612E-05
       33       68        1     0.1989725130E-05
       34       68        1     0.2279444361E-05
       35       72        1     0.2171868585E-05
       36       72        1     0.2476462406E-05
       37       72        1     0.2658461494E-05
       38       76        1     0.2814199532E-05
       39       76        1     0.3509088990E-05
       40       78        1     0.3800052567E-05
       41       80        1     0.4151076653E-05
       42       82        1     0.4556867224E-05
       43       84        1     0.5226632618E-05
       39        4        1     0.2473297500E-05
       40       10        1     0.1322155005E-04
       41       14        1     0.2724738961E-04
       42       18        1     0.4124114191E-04
       43       22        1     0.5274730100E-04
       44      138        3     0.4672972677E-04
       45      144        3     0.6058294937E-04
       46      148        3     0.7129560794E-04
       20       18        2     0.1783871251E-04
       21       24        2     0.3957012168E-04
       22       32        2     0.6315991494E-04
       23       40        2     0.8490068212E-04
       24       42        2     0.1074969287E-03
       25       44        2     0.1288671455E-03
       26       48        2     0.1498717734E-03
       27       48        2     0.1747353331E-03
       28       52        2     0.1967636599E-03
       29       52        2     0.2161838441E-03
       30       56        2     0.2462284387E-03
       31       58        2     0.2717291441E-03
       32       60        2     0.2975040430E-03
       33       62        2     0.3259539468E-03
       34       64        2     0.3535383124E-03
       35       64        2     0.3772383042E-03
       36       68        2     0.4108839872E-03
       37       68        2     0.4362108215E-03
       38       72        2     0.4590319000E-03
       39       74        2     0.4776996123E-03
       40       78        2     0.5057165863E-03
       39        2        1     0.2079809782E-06
       40       12        1     0.2913368637E-05
       41      102        3     0.5067594163E-03
       42      104        3     0.5153030159E-03
       43      106        3     0.5235651991E-03
       44      110        3     0.5357271347E-03
       45      110        3     0.5454950571E-03
       46      114        3     0.5552826617E-03
       47      388        8     0.3092983192E-04
       48      392        8     0.3695002922E-04
       49      396        8     0.4270739124E-04
       20       12        2     0.1811764438E-06
       21       16        2     0.5867368165E-06
       22       22        2     0.7661864486E-06
       23       28        2     0.1593349413E-05
       24       32        2     0.2450193661E-05
       25       36        2     0.3359893282E-05
       26       40        2     0.4160731675E-05
       27       42        2     0.5557639838E-05
       28       44        2     0.6313080354E-05
       29       46        2     0.7842279531E-05
       30       50        2     0.8965760815E-05
       31       50        2     0.9982090395E-05
       32       54        2     0.1110917948E-04
       33       54        2     0.1177737045E-04
       34       58        2     0.1293732697E-04
       35       62        2     0.1355842325E-04
       36       84        3     0.3303906151E-05
       37       90        3     0.1400077758E-09
       38       92        3     0.1464610762E-05
       39       96        3     0.4161979300E-05
       40       98        3     0.8265852671E-05
       41      100        3     0.1175946594E-04
       42      102        3     0.1486465789E-04
       43      104        3     0.2138159502E-04
       44      108        3     0.2481528287E-04
       45      108        3     0.2971155956E-04
       46      112        3     0.3626665415E-04
       17        4        1     0.2251579030E-05
       18        8        1     0.1369979591E-04
       19       20        1     0.2946827724E-04
       20       26        1     0.5018204731E-04
       21       30        1     0.7335080856E-04
       22       32        1     0.9668184640E-04
       23       36        1     0.1186979956E-03
       24       40        1     0.1396939055E-03
       25       42        1     0.1616454491E-03
       26       44        1     0.1829572272E-03
       27       46        1     0.2059195746E-03
       28       50        1     0.2391977766E-03
       29       52        1     0.2706179952E-03
       29       16        1     0.2030578450E-03
       30       82        2     0.6114397768E-03
       31       84        2     0.7930435226E-03
       32       88        2     0.9534966396E-03
       33       90        2     0.1096651970E-02
       34       92        2     0.1254517065E-02
       35       96        2     0.1397016026E-02
       36      100        2     0.1544861308E-02
       37      104        2     0.1695936107E-02
       12        4        1     0.5773196998E-05
       13       14        1     0.6306836598E-04
       14       26        1     0.1461808306E-03
       15       30        1     0.2317356294E-03
       16       34        1     0.3126974499E-03
       17       36        1     0.3904398571E-03
       18       40        1     0.4855807595E-03
       19       42        1     0.5646409012E-03
       20       44        1     0.6530196369E-03
       21       48        1     0.7523316966E-03
       22       50        1     0.8526333309E-03
       20       10        1     0.1714760750E-03
       21       18        1     0.3685792723E-03
       22       22        1     0.5807908703E-03
       23       86        2     0.1655437477E-02
       24       88        2     0.1959078725E-02
       25       94        2     0.2264761719E-02
        6       12        2     0.3691422645E-04
        7       20        2     0.1433084100E-03
        8       26        2     0.2223279672E-03
        9       34        2     0.3001574351E-03
       10       38        2     0.3756066163E-03
       11       42        2     0.4669971995E-03
       12       44        2     0.5562110746E-03
       13       48        2     0.6492138362E-03
       14       48        2     0.7475172488E-03
       15       52        2     0.8515160846E-03
       16       56        2     0.9736926696E-03
       17       58        2     0.1084668791E-02
       18       62        2     0.1218495727E-02
       19       66        2     0.1339081787E-02
       15        4        1     0.1414014555E-04
       16       14        1     0.7000296073E-04
       17       18        1     0.1279127332E-03
       18       22        1     0.1867870342E-03
       19       28        1     0.2504769955E-03
        1        4        1     0.9028671463E-06
        2       14        1     0.7626386760E-05
        3       18        1     0.1277718605E-04
        4       24        1     0.1754559760E-04
        5       30        1     0.1930727417E-04
        6       36        1     0.2121741306E-04
        7       40        1     0.2278922451E-04
        8       44        1     0.2630440397E-04
        9       50        1     0.2812813823E-04
       10       54        1     0.3149691531E-04
       11       58        1     0.3416229378E-04
       12       62        1     0.3746767288E-04
       13       66        1     0.4164910909E-04
       14       66        1     0.4419341789E-04
       15       70        1     0.4759681610E-04
       16       74        1     0.5089852195E-04
       11        8        1     0.1232081720E-05
       12       12        1     0.2146553782E-05
       13       16        1     0.3413477213E-05
       14       20        1     0.4120026450E-05
       15       24        1     0.5203798222E-05
       16       28        1     0.5595843202E-05
        2       10        1     0.1563022951E-04
        3       16        1     0.3351960627E-04
        4       22        1     0.5173075862E-04
        5       30        1     0.6492574007E-04
        6       36        1     0.8333212206E-04
        7       40        1     0.1042458944E-03
        8       44        1     0.1229877591E-03
        9       50        1     0.1422938778E-03
       10       52        1     0.1562050105E-03
       11       56        1     0.1767694897E-03
       12       60        1     0.1943121301E-03
       13       64        1     0.2202607587E-03
       14       66        1     0.2433799494E-03
       15       70        1     0.2645852334E-03
       16       72        1     0.2866876794E-03
       17      188        3     0.5681257788E-04
       18      192        3     0.6106942374E-04
       19      198        3     0.6311505751E-04
       16        8        1     0.6464115689E-05
       17       14        1     0.1395735714E-04
       18       20        1     0.2490461660E-04
       19       24        1     0.3698313618E-04
        7       14        1     0.5241181759E-04
        8       20        1     0.1756932894E-03
        9       30        1     0.2919010469E-03
       10       34        1     0.3931161001E-03
       11       38        1     0.5104756810E-03
       12       42        1     0.6152039767E-03
       13       42        1     0.7094532804E-03
       14       46        1     0.8476812975E-03
       15       50        1     0.9688058561E-03
       16       52        1     0.1108419720E-02
       17       56        1     0.1243805567E-02
       18       60        1     0.1393748893E-02
       19       64        1     0.1536778885E-02
       20      410        8     0.1731593551E-04
       21      412        8     0.1714732164E-04
       22      414        8     0.1752573722E-04
       23      418        8     0.1738797283E-04
       24      422        8     0.1724918009E-04
       25      426        8     0.1602679711E-04
       26      530       10     0.2289877839E-03
       27      534       10     0.2669646574E-03
       21        4        1     0.3634459361E-04
       22       14        1     0.2574598284E-03
       23       20        1     0.4788067159E-03
       13        8        1     0.2150250903E-04
       14       18        1     0.8756825375E-04
       15       26        1     0.1723394720E-03
       16       30        1     0.2477918152E-03
       17       34        1     0.3293125677E-03
       18       36        1     0.4082928816E-03
       19       40        1     0.4917879529E-03
       20       42        1     0.5735248721E-03
       21       44        1     0.6603490856E-03
       22       48        1     0.7555367979E-03
       23       50        1     0.8448854024E-03
       24       82        2     0.1560387027E-02
       25       88        2     0.1891532109E-02
       26       92        2     0.2183452252E-02
       27       98        2     0.2483513958E-02
       28      638       12     0.3041436028E-05
       29      638       12     0.3916902010E-05
       30      642       12     0.4450583596E-05
       31      646       12     0.4982143723E-05
       32      650       12     0.5600152699E-05
       33      650       12     0.5922967250E-05
       34      654       12     0.6340090402E-05
       35      658       12     0.6739122623E-05
       36      662       12     0.6909862955E-05
       37      664       12     0.6621419745E-05
       38      776       14     0.1173450235E-03
       30        8        1     0.4768568060E-04
       18        6        1     0.1070293169E-04
       19       18        2     0.3045043721E-04
       20       22        2     0.4800355076E-04
       21       26        2     0.7027479657E-04
       22       32        2     0.9073442726E-04
       23       36        2     0.1114474534E-03
       24       38        2     0.1288051277E-03
       25       40        2     0.1488001818E-03
       26       44        2     0.1667861421E-03
       27       46        2     0.1837015206E-03
       28       48        2     0.2093124386E-03
       29       50        2     0.2338044314E-03
       30       54        2     0.2652744543E-03
       31       80        3     0.4865728385E-03
       32       84        3     0.6622918024E-03
       33       88        3     0.7985121956E-03
       34       90        3     0.9263536104E-03
       35       94        3     0.1040770286E-02
       36       94        3     0.1151113293E-02
       37       98        3     0.1267724859E-02
       38      102        3     0.1377776797E-02
       39      884       17     0.3106318633E-06
       40      888       17     0.4852045154E-06
       41      892       17     0.5720232410E-06
       42      892       17     0.6317204288E-06
       43      896       17     0.6710178734E-06
       44      898       17     0.6865725762E-06
       45      900       17     0.6666699193E-06
       46      904       17     0.6503545218E-06
       47     1026       20     0.1265737917E-05
       48     1032       20     0.1882378171E-05
       20       14        2     0.4915722394E-06
       21       18        2     0.1327464215E-05
       22       22        2     0.2456706108E-05
       23       28        2     0.5673382972E-05
       24       34        2     0.1014923694E-04
       25       38        2     0.1488954602E-04
       26       40        2     0.2022447767E-04
       27       42        2     0.2388036676E-04
       28       44        2     0.3321250715E-04
       29       48        2     0.3771443372E-04
       30       48        2     0.4309455487E-04
       31       52        2     0.5123690887E-04
       32       52        2     0.5789340540E-04
       33       56        2     0.6270929606E-04
       34       58        2     0.7096643036E-04
       35       60        2     0.7603766572E-04
       36       64        2     0.7954918347E-04
       37       88        3     0.4408323647E-04
       38       92        3     0.2327625021E-04
       39       96        3     0.1385397709E-04
       40       96        3     0.7963596662E-05
       41      100        3     0.5448881761E-05
       42      100        3     0.3843100983E-05
       43      104        3     0.1729637057E-05
       44      106        3     0.6849996281E-06
       45      108        3     0.4895902328E-06
       46      112        3     0.6094640414E-07
       47      114        3     0.2436027377E-07
       48      118        3     0.2852232736E-06
       49     1156       23     0.1341870186E-05
       39        4        1     0.2887136080E-06
       40       12        1     0.1735015936E-05
       41       18        1     0.3510217696E-05
       19       10        1     0.7394989915E-05
       20       20        2     0.3467622630E-04
       21       28        2     0.6258871444E-04
       22       34        2     0.9334911345E-04
       23       40        2     0.1229530088E-03
       24       44        2     0.1571165616E-03
       25       46        2     0.1867943218E-03
       26       48        2     0.2140537440E-03
       27       50        2     0.2522603384E-03
       28       54        2     0.2847410357E-03
       29       54        2     0.3170552699E-03
       30       56        2     0.3615138687E-03
       31       60        2     0.3989135130E-03
       32       60        2     0.4332519612E-03
       33       64        2     0.4837555760E-03
       34       66        2     0.5243127888E-03
       35       66        2     0.5625335663E-03
       36       70        2     0.5996097787E-03
       37       70        2     0.6371347580E-03
       38       74        2     0.6681655230E-03
       39       74        2     0.7014588199E-03
       40       76        2     0.7191551655E-03
       41       82        2     0.7422734603E-03
       42      104        3     0.6575563999E-03
       43      108        3     0.6500551128E-03
       44      108        3     0.6479109655E-03
       45      112        3     0.6463031939E-03
       46      112        3     0.6487013936E-03
       39        6        1     0.6067474745E-06
       40       12        1     0.1194951590E-05
       41       16        1     0.1266554947E-05
       42       18        1     0.1402661830E-05
       43       22        1     0.2308045314E-05
       18       16        1     0.1234019081E-08
       19       24        1     0.4186025806E-08
       20       32        1     0.1765168009E-07
       21       40        1     0.2514363880E-07
       22       44        1     0.3381151674E-07
       23       46        1     0.3846156211E-07
       24       48        1     0.3076921532E-07
       25       52        1     0.7067734494E-07
       26       56        1     0.2530930555E-07
       27       58        1     0.1048530877E-07
       28       60        1     0.5110816913E-07
       29       62        1     0.4424204096E-07
       30       64        1     0.2808128874E-07
       31       64        1     0.2477544264E-07
       32       68        1     0.3039343556E-07
       33       68        1     0.6140319021E-07
       34       68        1     0.8095327475E-07
       35       72        1     0.5381307203E-07
       36       72        1     0.5460212559E-07
       37       72        1     0.5496951303E-07
       38       76        1     0.7299744044E-07
       39       76        1     0.1048594273E-06
       40       76        1     0.1265268799E-06
       41       80        1     0.1067297685E-06
       42       80        1     0.1120808534E-06
       43       84        1     0.1597264842E-06
       39        6        1     0.9281360413E-08
       40       10        1     0.1760053791E-06
       41       16        1     0.9825698520E-06
       42       18        1     0.1651201737E-05
       43       22        1     0.1919185632E-05
       44      142        3     0.1787106801E-05
       45      144        3     0.2229305686E-05
       46      148        3     0.2647391875E-05
       19        8        1     0.5252369101E-05
       20       20        2     0.3104135917E-04
       21       26        2     0.5704053819E-04
       22       34        2     0.8721420311E-04
       23       40        2     0.1186919704E-03
       24       44        2     0.1471125598E-03
       25       44        2     0.1710427586E-03
       26       48        2     0.2063833703E-03
       27       50        2     0.2354341960E-03
       28       52        2     0.2628449753E-03
       29       54        2     0.3006602832E-03
       30       58        2     0.3343034221E-03
       31       58        2     0.3652307902E-03
       32       60        2     0.4106818674E-03
       33       64        2     0.4462644707E-03
       34       64        2     0.4777343645E-03
       35       66        2     0.5238720528E-03
       36       68        2     0.5552855199E-03
       37       70        2     0.5931683368E-03
       38       72        2     0.6158117214E-03
       39       74        2     0.6515279949E-03
       40       76        2     0.6772942745E-03
       39        4        1     0.3276646972E-08
       40       12        1     0.7093998024E-07
       41      104        3     0.6432620140E-03
       42      104        3     0.6352622027E-03
       43      106        3     0.6333624854E-03
       44      108        3     0.6440866449E-03
       45      112        3     0.6416402763E-03
       46      114        3     0.6447709498E-03
       47      388        9     0.1223513310E-05
       48      392        9     0.1420237510E-05
       49      396        9     0.1640151601E-05
       20       12        2     0.4998897142E-06
       21       16        2     0.1234251149E-05
       22       22        2     0.2165461943E-05
       23       28        2     0.5401910137E-05
       24       32        2     0.8453598488E-05
       25       38        2     0.1241924750E-04
       26       40        2     0.1585650161E-04
       27       42        2     0.2067571563E-04
       28       44        2     0.2580696077E-04
       29       46        2     0.2844444509E-04
       30       48        2     0.3677397268E-04
       31       52        2     0.3892568447E-04
       32       52        2     0.4386798761E-04
       33       56        2     0.4955740487E-04
       34       58        2     0.5253157578E-04
       35       60        2     0.5678895927E-04
       36       66        2     0.5944712781E-04
       37       88        3     0.2324106519E-04
       38       92        3     0.1076912943E-04
       39       94        3     0.4693823332E-05
       40       98        3     0.2457820140E-05
       41       98        3     0.7454142243E-06
       42      102        3     0.1385647932E-06
       43      104        3     0.8165864041E-08
       44      106        3     0.2292923680E-06
       45      110        3     0.6444653226E-06
       46      110        3     0.1544755883E-05
       47      114        3     0.2667011861E-05
       18        8        1     0.1241103908E-04
       19       18        2     0.2707610967E-04
       20       22        2     0.4553654376E-04
       21       28        2     0.6514781998E-04
       22       32        2     0.8693810970E-04
       23       36        2     0.1060189211E-03
       24       40        2     0.1233185192E-03
       25       40        2     0.1395783360E-03
       26       44        2     0.1608721675E-03
       27       46        2     0.1808952573E-03
       28       50        2     0.2019519841E-03
       29       50        2     0.2298635853E-03
       30       56        2     0.2631420755E-03
       30       14        1     0.1672684650E-03
       31       82        3     0.5672348859E-03
       32       86        3     0.7260565593E-03
       33       88        3     0.8645330497E-03
       34       90        3     0.9925625020E-03
       35       94        3     0.1123128429E-02
       36       96        3     0.1243383197E-02
       37      100        3     0.1365620459E-02
       38      104        3     0.1491723504E-02
       13       10        1     0.3434882594E-04
       14       20        1     0.1017369666E-03
       15       28        1     0.1817104311E-03
       16       32        1     0.2620848826E-03
       17       36        1     0.3385792108E-03
       18       36        1     0.4065490790E-03
       19       40        1     0.4983070557E-03
       20       44        1     0.5827328285E-03
       21       44        1     0.6587081811E-03
       22       48        1     0.7568491537E-03
       23       52        1     0.8599858529E-03
       21       10        1     0.1530385546E-03
       22       18        1     0.3756057436E-03
       23       22        1     0.5982074822E-03
       24       86        2     0.1687429978E-02
       25       90        2     0.1994501420E-02
       26       92        2     0.2277392538E-02
        7       16        2     0.8632553440E-04
        8       22        2     0.2007254820E-03
        9       32        2     0.2957022650E-03
       10       34        2     0.3869836776E-03
       11       38        2     0.4794359885E-03
       12       42        2     0.5921756123E-03
       13       46        2     0.6959653782E-03
       14       48        2     0.8011525733E-03
       15       50        2     0.9250836654E-03
       16       52        2     0.1042967110E-02
       17       56        2     0.1184465809E-02
       18       60        2     0.1313587518E-02
       19       64        2     0.1463531568E-02
       16       10        1     0.1490868985E-04
       17       16        1     0.3416350609E-04
       18       20        1     0.5360863312E-04
       19       24        1     0.7749875696E-04
        2       12        1     0.1304591435E-04
        3       16        1     0.2699994184E-04
        4       24        1     0.3970131121E-04
        5       30        1     0.4926119466E-04
        6       36        1     0.6005433256E-04
        7       40        1     0.7242591606E-04
        8       44        1     0.8680980515E-04
        9       50        1     0.9550078771E-04
       10       52        1     0.1084092434E-03
       11       56        1     0.1164630482E-03
       12       60        1     0.1324260598E-03
       13       64        1     0.1458357191E-03
       14       66        1     0.1630438652E-03
       15       70        1     0.1770394196E-03
       16       72        1     0.1882867725E-03
       11        8        1     0.1550651292E-06
       12       12        1     0.4145697423E-06
       13       16        1     0.4902785040E-06
       14       20        1     0.7496210853E-06
       15       24        1     0.7484031039E-06
       16       28        1     0.9374789686E-06
        2       14        1     0.1033062020E-04
        3       18        1     0.1863112293E-04
        4       24        1     0.2526460540E-04
        5       30        1     0.3012890339E-04
        6       36        1     0.3390123499E-04
        7       40        1     0.4097572275E-04
        8       44        1     0.4523493407E-04
        9       48        1     0.5168763081E-04
       10       54        1     0.5645587894E-04
       11       58        1     0.6305172039E-04
       12       62        1     0.6972564000E-04
       13       64        1     0.7716351122E-04
       14       66        1     0.8274250586E-04
       15       70        1     0.9062546894E-04
       16       74        1     0.9707863521E-04
       17      188        3     0.9477995182E-05
       18      192        3     0.9753842741E-05
       19      198        3     0.1018203124E-04
       15        2        0     0.2858004302E-05
       16       10        1     0.3692622768E-04
       17       16        1     0.7553149084E-04
       18       20        1     0.1173827064E-03
       19       28        1     0.1647320613E-03
        7       18        2     0.1176266801E-03
        8       22        2     0.2173512427E-03
        9       34        2     0.2931384509E-03
       10       38        2     0.3834977161E-03
       11       40        2     0.4698044578E-03
       12       42        2     0.5498525549E-03
       13       46        2     0.6637599950E-03
       14       48        2     0.7657089604E-03
       15       52        2     0.8855010445E-03
       16       54        2     0.9968517711E-03
       17       58        2     0.1128718517E-02
       18       62        2     0.1252418214E-02
       19       66        2     0.1387382455E-02
       20      410        9     0.2730223580E-05
       21      412        9     0.3101013165E-05
       22      414        9     0.2585184476E-05
       23      418        9     0.2570846083E-05
       24      422        9     0.2779667128E-05
       25      426        9     0.2582683765E-05
       20        6        1     0.7997704158E-04
       21       14        1     0.2766860100E-03
       22       22        1     0.4987063105E-03
       23       26        1     0.7172730089E-03
       13       12        1     0.5035829285E-04
       14       22        1     0.1186549489E-03
       15       28        1     0.2021131036E-03
       16       32        1     0.2777112385E-03
       17       36        1     0.3648356369E-03
       18       38        1     0.4395246373E-03
       19       42        1     0.5219454928E-03
       20       44        1     0.6146837603E-03
       21       48        1     0.7038447356E-03
       22       50        1     0.7941012394E-03
       23       54        1     0.9092314642E-03
       24       88        2     0.1847384872E-02
       25       92        2     0.2143931723E-02
       26      530       11     0.2742245410E-03
       27      634       13     0.3199943420E-06
       28      636       13     0.5706046152E-06
       29      640       13     0.5894225298E-06
       30      642       13     0.6040933509E-06
       31      646       13     0.7699711266E-06
       32      648       13     0.8672227973E-06
       33      652       13     0.9380727026E-06
       34      654       13     0.9626734793E-06
       35      658       13     0.1036776418E-05
       36      660       13     0.1180770624E-05
       37      666       13     0.1087880879E-05
       29       10        1     0.7465905311E-04
       30       20        1     0.3413396777E-03
       17        2        0     0.1599716038E-05
       18        8        1     0.1302906100E-04
       19       18        2     0.2722398433E-04
       20       24        2     0.4404927600E-04
       21       28        2     0.6616157026E-04
       22       32        2     0.8663932809E-04
       23       36        2     0.1076586290E-03
       24       40        2     0.1264730882E-03
       25       40        2     0.1439408516E-03
       26       44        2     0.1638889322E-03
       27       46        2     0.1889430886E-03
       28       50        2     0.2138956279E-03
       29       52        2     0.2445185730E-03
       30       58        2     0.2877824386E-03
       31       84        3     0.6832619957E-03
       32       86        3     0.8385474685E-03
       33       90        3     0.9891511346E-03
       34       92        3     0.1126050727E-02
       35       94        3     0.1250645443E-02
       36       98        3     0.1394801929E-02
       37      100        3     0.1525589214E-02
       38      776       16     0.1349995464E-03
       39      884       19     0.5444951718E-07
       40      888       19     0.7010094378E-07
       41      890       19     0.7941923678E-07
       42      892       19     0.1021540342E-06
       43      896       19     0.9763997817E-07
       44      898       19     0.9688933927E-07
       45      900       19     0.1065637862E-06
       46      904       19     0.9208470453E-07
       47      908       19     0.8685760458E-07
       36       14        1     0.2873569109E-04
       20       12        2     0.4112030805E-06
       21       16        2     0.7416782147E-06
       22       22        2     0.1700729558E-05
       23       28        2     0.3330383282E-05
       24       32        2     0.5370334037E-05
       25       38        2     0.7121201639E-05
       26       38        2     0.9544064486E-05
       27       42        2     0.1174867782E-04
       28       44        2     0.1561051791E-04
       29       46        2     0.1673652996E-04
       30       48        2     0.1995227519E-04
       31       50        2     0.2087088184E-04
       32       52        2     0.2626631647E-04
       33       56        2     0.2676223295E-04
       34       58        2     0.2790921501E-04
       35       62        2     0.3111870689E-04
       36       66        2     0.3133963269E-04
       37       88        3     0.4724248480E-05
       38       92        3     0.1123008986E-05
       39       94        3     0.1476385758E-09
       40       98        3     0.5379448907E-06
       41       98        3     0.1656889019E-05
       42      102        3     0.3648734264E-05
       43      104        3     0.5919221536E-05
       44      106        3     0.7780259085E-05
       45      110        3     0.1088553473E-04
       46      110        3     0.1342889500E-04
       47      116        3     0.1696213228E-04
       48     1152       25     0.2286317485E-06
       49     1156       25     0.2267234317E-06
       39        4        1     0.2116617111E-06
       40       12        1     0.8752777654E-06
       19        4        1     0.1971958679E-05
       20       18        2     0.2446508416E-04
       21       24        2     0.4780989636E-04
       22       34        2     0.7514202645E-04
       23       40        2     0.1016578125E-03
       24       44        2     0.1264401459E-03
       25       44        2     0.1522075616E-03
       26       48        2     0.1774060098E-03
       27       48        2     0.1981854523E-03
       28       52        2     0.2311660808E-03
       29       54        2     0.2588056044E-03
       30       54        2     0.2836467666E-03
       31       58        2     0.3175839722E-03
       32       60        2     0.3490990043E-03
       33       64        2     0.3788599616E-03
       34       64        2     0.4155184599E-03
       35       66        2     0.4496739281E-03
       36       68        2     0.4729144634E-03
       37       70        2     0.5080212832E-03
       38       72        2     0.5354074695E-03
       39       74        2     0.5643102970E-03
       40       76        2     0.5822003994E-03
       41      104        3     0.5717642309E-03
       42      104        3     0.5802958810E-03
       43      106        3     0.5833230047E-03
       44      108        3     0.5944900958E-03
       45      112        3     0.6010441571E-03
       46      114        3     0.6087925772E-03
       39        6        1     0.1289298150E-05
       40       10        1     0.6373789557E-05
       41       16        1     0.1323452287E-04
       42       18        1     0.1987119149E-04
       43       22        1     0.2466550307E-04
       18       14        1     0.2606013356E-07
       19       24        1     0.6224750100E-07
       20       32        1     0.2062486090E-06
       21       40        1     0.4024135895E-06
       22       44        1     0.4953802150E-06
       23       46        1     0.4699342258E-06
       24       48        1     0.7430744135E-06
       25       52        1     0.4855209689E-06
       26       56        1     0.4854336591E-06
       27       58        1     0.4877253953E-06
       28       60        1     0.4137086769E-06
       29       62        1     0.3632596086E-06
       30       64        1     0.5413061830E-06
       31       64        1     0.6434365227E-06
       32       68        1     0.6053161501E-06
       33       68        1     0.6203225360E-06
       34       68        1     0.6360979856E-06
       35       72        1     0.8015921079E-06
       36       72        1     0.9523032098E-06
       37       72        1     0.1060900852E-05
       38       76        1     0.1126923549E-05
       39       76        1     0.1203178623E-05
       40       76        1     0.1271078952E-05
       41       80        1     0.1603332682E-05
       42       80        1     0.1830351164E-05
       43       84        1     0.1989882769E-05
       44      114        2     0.9589300243E-05
       39        6        1     0.2505359457E-05
       40       12        1     0.8482097006E-05
       41       16        1     0.1324816190E-04
       42       18        1     0.1821630942E-04
       43       22        1     0.2400806495E-04
       44       24        1     0.3136184901E-04
       45      144        3     0.2785726893E-04
       46      148        3     0.3283658065E-04
       19       14        2     0.1233164071E-04
       20       22        2     0.3720452104E-04
       21       28        2     0.6310436661E-04
       22       36        2     0.9325574697E-04
       23       40        2     0.1254609093E-03
       24       44        2     0.1556301715E-03
       25       48        2     0.1914994039E-03
       26       48        2     0.2202232050E-03
       27       50        2     0.2543809681E-03
       28       54        2     0.2945593688E-03
       29       56        2     0.3320793505E-03
       30       58        2     0.3688704156E-03
       31       60        2     0.4194473907E-03
       32       62        2     0.4643672088E-03
       33       64        2     0.4999464347E-03
       34       66        2     0.5498292240E-03
       35       66        2     0.5903874883E-03
       36       70        2     0.6297346878E-03
       37       70        2     0.6648800119E-03
       38       74        2     0.6979117010E-03
       39       74        2     0.7314668568E-03
       40       76        2     0.7549373752E-03
       41       82        2     0.7727400616E-03
       39        2        1     0.3009122166E-06
       40       12        1     0.6590251376E-05
       41       16        1     0.1272287955E-04
       42      104        3     0.6468708377E-03
       43      108        3     0.6342697198E-03
       44      108        3     0.6284500833E-03
       45      112        3     0.6172669574E-03
       46      112        3     0.6122183587E-03
       47      388        9     0.1442762231E-04
       48      392        9     0.1740017996E-04
       49      396        9     0.2007734458E-04
       20       14        2     0.3561588560E-06
       21       18        2     0.8757682905E-06
       22       24        2     0.1915413465E-05
       23       28        2     0.5395852264E-05
       24       34        2     0.1007486262E-04
       25       38        2     0.1517189325E-04
       26       40        2     0.2292684864E-04
       27       44        2     0.2846655931E-04
       28       44        2     0.3504765135E-04
       29       48        2     0.4445850535E-04
       30       48        2     0.5278198453E-04
       31       52        2     0.5970406338E-04
       32       54        2     0.6856323869E-04
       33       56        2     0.7750250361E-04
       34       58        2     0.8791020060E-04
       35       62        2     0.9240593523E-04
       36       64        2     0.1013532772E-03
       37       80        3     0.8574229144E-04
       38       90        3     0.4116365041E-04
       39       94        3     0.2722730696E-04
       40       96        3     0.1819939616E-04
       41      100        3     0.1276171690E-04
       42      102        3     0.9173956816E-05
       43      104        3     0.7368458947E-05
       44      106        3     0.6142321871E-05
       45      108        3     0.3613649099E-05
       46      112        3     0.2916606661E-05
       47      112        3     0.1955448010E-05
       48      116        3     0.9596420028E-06
       18        6        1     0.1006296352E-04
       19       18        2     0.3238729290E-04
       20       22        2     0.5620434898E-04
       21       26        2     0.7821306915E-04
       22       30        2     0.1026562886E-03
       23       34        2     0.1238434224E-03
       24       36        2     0.1453674949E-03
       25       40        2     0.1635746897E-03
       26       44        2     0.1847468038E-03
       27       44        2     0.2040950013E-03
       28       48        2     0.2249703418E-03
       29       50        2     0.2502415460E-03
       30       54        2     0.2762600807E-03
       31       56        2     0.3124049594E-03
       31       14        1     0.1376531841E-03
       32       84        3     0.5888486144E-03
       33       88        3     0.7300880772E-03
       34       88        3     0.8501054114E-03
       35       92        3     0.9571193631E-03
       36       94        3     0.1068384177E-02
       37       98        3     0.1168129167E-02
       38      102        3     0.1269397971E-02
       39      104        3     0.1376575203E-02
       13        2        1     0.3947061984E-05
       14       14        1     0.7139795903E-04
       15       24        1     0.1608517146E-03
       16       28        1     0.2444447838E-03
       17       32        1     0.3313336072E-03
       18       36        1     0.4183622609E-03
       19       40        1     0.5028635379E-03
       20       40        1     0.5858116618E-03
       21       44        1     0.6807866514E-03
       22       46        1     0.7627899140E-03
       23       50        1     0.8697798834E-03
       24       52        1     0.9767294556E-03
       22       10        1     0.1134997583E-03
       23       18        1     0.3319319005E-03
       24       22        1     0.5401175353E-03
       25       86        2     0.1776992968E-02
       26       90        2     0.2072001700E-02
       27       92        2     0.2340614491E-02
        7        4        1     0.1273415748E-04
        8       18        1     0.1487931913E-03
        9       28        1     0.2819419716E-03
       10       34        1     0.4152026476E-03
       11       36        1     0.5284999469E-03
       12       40        1     0.6457082851E-03
       13       42        1     0.7794688660E-03
       14       46        1     0.9044706780E-03
       15       48        1     0.1020669539E-02
       16       50        1     0.1179992690E-02
       17       54        1     0.1321691218E-02
       18       58        1     0.1486295399E-02
       19       60        1     0.1637568954E-02
       16        8        1     0.1852347178E-05
       17       14        1     0.3799258779E-05
       18       18        1     0.6449472459E-05
       19       24        1     0.1064131271E-04
        2       10        1     0.1485802352E-04
        3       16        1     0.4490372275E-04
        4       22        1     0.6984358795E-04
        5       28        1     0.9352217942E-04
        6       34        1     0.1174485872E-03
        7       38        1     0.1496751058E-03
        8       44        1     0.1770086926E-03
        9       48        1     0.2060158774E-03
       10       54        1     0.2346558884E-03
       11       56        1     0.2654050147E-03
       12       60        1     0.2995572151E-03
       13       64        1     0.3343676255E-03
       14       66        1     0.3674082136E-03
       15       68        1     0.4074889421E-03
       16       72        1     0.4422666633E-03
       11        8        1     0.3407506337E-05
       12       12        1     0.7366251689E-05
       13       16        1     0.1062084307E-04
       14       20        1     0.1416453825E-04
       15       24        1     0.1650740351E-04
       16       28        1     0.1889676440E-04
        1        4        1     0.1224414491E-05
        2       14        1     0.4809899398E-05
        3       18        1     0.7138533319E-05
        4       24        1     0.8688544478E-05
        5       30        1     0.9877641560E-05
        6       36        1     0.1058758848E-04
        7       42        1     0.9860965823E-05
        8       46        1     0.9926707419E-05
        9       50        1     0.1036095423E-04
       10       54        1     0.1097177026E-04
       11       58        1     0.1162309788E-04
       12       62        1     0.1335042671E-04
       13       64        1     0.1406148577E-04
       14       68        1     0.1501461614E-04
       15       70        1     0.1587648102E-04
       16       74        1     0.1682980358E-04
       17      190        3     0.1721331742E-03
       18      194        3     0.1839723902E-03
       15        8        1     0.4595756075E-04
       16       16        1     0.1305306563E-03
       17       20        1     0.2110682678E-03
       18       24        1     0.2865719467E-03
        6       16        2     0.7719578851E-04
        7       20        2     0.1659183363E-03
        8       28        2     0.2440300567E-03
        9       36        2     0.3142788485E-03
       10       40        2     0.3886696100E-03
       11       42        2     0.4573659885E-03
       12       44        2     0.5547997380E-03
       13       48        2     0.6454657761E-03
       14       52        2     0.7496108759E-03
       15       54        2     0.8491681296E-03
       16       58        2     0.9657390931E-03
       17       60        2     0.1076169694E-02
       18       64        2     0.1198730314E-02
       19      304        6     0.1047995443E-03
       20      408        8     0.5547911979E-04
       21      412        8     0.5424499257E-04
       22      416        8     0.5475662278E-04
       23      418        8     0.5434434256E-04
       24      422        8     0.5370040929E-04
       19        6        1     0.8835327134E-04
       20       14        1     0.2520810228E-03
       21       20        1     0.4506112767E-03
       22       26        1     0.6477653870E-03
       12        8        1     0.2471047001E-04
       13       18        1     0.9378693358E-04
       14       26        1     0.1881421700E-03
       15       30        1     0.2723857041E-03
       16       34        1     0.3744554399E-03
       17       38        1     0.4639844937E-03
       18       40        1     0.5464917382E-03
       19       44        1     0.6541986630E-03
       20       46        1     0.7428317732E-03
       21       48        1     0.8439898540E-03
       22       54        1     0.9608513048E-03
       23       88        2     0.1850261211E-02
       24       92        2     0.2143614855E-02
       25      526       10     0.1333699975E-03
       26      530       10     0.1698217260E-03
       27      532       10     0.1980167484E-03
       28      636       12     0.1000088902E-04
       29      640       12     0.1312386708E-04
       30      644       12     0.1508110828E-04
       31      644       12     0.1667838210E-04
       32      648       12     0.1892910588E-04
       33      652       12     0.2020588366E-04
       34      654       12     0.2180911235E-04
       35      656       12     0.2307414421E-04
       36      662       12     0.2309303868E-04
       28       10        1     0.1121334873E-03
       29       20        1     0.3524327330E-03
       17        6        1     0.4599893769E-05
       18       12        1     0.1949362350E-04
       19       22        1     0.3994731476E-04
       20       26        1     0.6747348167E-04
       21       30        1     0.9527111573E-04
       22       34        1     0.1247124175E-03
       23       36        1     0.1517465335E-03
       24       40        1     0.1793142301E-03
       25       42        1     0.2039873320E-03
       26       46        1     0.2355155546E-03
       27       46        1     0.2638737862E-03
       28       50        1     0.2968826221E-03
       29       56        1     0.3445028633E-03
       30       82        2     0.7914442020E-03
       31       86        2     0.9660408791E-03
       32       88        2     0.1142127718E-02
       33       92        2     0.1303145423E-02
       34       96        2     0.1454846189E-02
       35       96        2     0.1614673992E-02
       36      102        2     0.1780574496E-02
       37      770       14     0.8228436496E-04
       38      774       14     0.9395633322E-04
       39      778       14     0.1026568682E-03
       40      888       17     0.1723806482E-05
       41      890       17     0.2100382500E-05
       42      894       17     0.2383026070E-05
       43      896       17     0.2467465724E-05
       44      898       17     0.2521845147E-05
       45      902       17     0.2512323589E-05
       46      906       17     0.2388311366E-05
       20       12        2     0.1254681391E-07
       21       16        2     0.1114430676E-07
       22       22        2     0.3830032726E-07
       23       28        2     0.4418524931E-07
       24       32        2     0.9455613654E-07
       25       36        2     0.7645048432E-07
       26       40        2     0.1867246849E-06
       27       42        2     0.2903793695E-06
       28       44        2     0.2027575993E-06
       29       46        2     0.4465133816E-06
       30       50        2     0.5078554907E-06
       31       50        2     0.6343134523E-06
       32       54        2     0.7025230446E-06
       33       54        2     0.7315307428E-06
       34       58        2     0.7669080922E-06
       35       62        2     0.6895247136E-06
       36       86        4     0.2633449431E-05
       37       90        4     0.9686178012E-05
       38       92        4     0.1923113872E-04
       39       96        4     0.2629385351E-04
       40       96        4     0.3342214515E-04
       41      100        4     0.4390107243E-04
       42      104        4     0.5216654930E-04
       43      104        4     0.5868001586E-04
       44      108        4     0.6907983392E-04
       45      108        4     0.7814200593E-04
       46      112        4     0.8657806843E-04
       47     1026       21     0.2228363110E-05
       48     1030       21     0.2923413149E-05
       49     1156       24     0.3648156023E-05
       40       12        1     0.4797028276E-05
       20       16        2     0.1088933458E-04
       21       24        2     0.2746481082E-04
       22       32        2     0.4581277579E-04
       23       38        2     0.6374372746E-04
       24       42        2     0.7917278666E-04
       25       44        2     0.9896420977E-04
       26       46        2     0.1134926689E-03
       27       48        2     0.1317283674E-03
       28       52        2     0.1502217281E-03
       29       52        2     0.1701367902E-03
       30       54        2     0.1908029050E-03
       31       58        2     0.2087587085E-03
       32       58        2     0.2302503923E-03
       33       62        2     0.2516855175E-03
       34       64        2     0.2757889118E-03
       35       64        2     0.3000076039E-03
       36       68        2     0.3189442467E-03
       37       68        2     0.3370986507E-03
       38       72        2     0.3627800296E-03
       39       74        2     0.3805601999E-03
       40       78        2     0.3972518449E-03
       41      102        3     0.4053993390E-03
       42      104        3     0.4178767009E-03
       43      106        3     0.4274727639E-03
       44      110        3     0.4394947112E-03
       45      110        3     0.4506021444E-03
       46      114        3     0.4622017566E-03
       39        2        1     0.1136845360E-05
       40       10        1     0.2097774904E-04
       41       14        1     0.4169667229E-04
       42       18        1     0.6507614258E-04
       43       22        1     0.8468298685E-04
       18       14        1     0.4905699085E-08
       19       24        1     0.5162892607E-06
       20       32        1     0.1410485795E-05
       21       38        1     0.2150260560E-05
       22       42        1     0.2917704007E-05
       23       46        1     0.3227205479E-05
       24       50        1     0.3316925508E-05
       25       54        1     0.3252758110E-05
       26       54        1     0.3055271075E-05
       27       58        1     0.3206995446E-05
       28       60        1     0.3388802521E-05
       29       62        1     0.3360023707E-05
       30       64        1     0.4035828937E-05
       31       64        1     0.4783164867E-05
       32       66        1     0.4488455559E-05
       33       68        1     0.5131245351E-05
       34       68        1     0.5477796729E-05
       35       72        1     0.5862829580E-05
       36       72        1     0.7027904590E-05
       37       72        1     0.7739940210E-05
       38       76        1     0.8058437380E-05
       39       76        1     0.8890466030E-05
       40       76        1     0.9479593030E-05
       41       80        1     0.1063806335E-04
       42       80        1     0.1205123906E-04
       43       84        1     0.1284039477E-04
       44      112        2     0.4368754513E-04
       40       10        1     0.1892357879E-04
       41       14        1     0.3438779685E-04
       42       18        1     0.5368464043E-04
       43       20        1     0.7236424544E-04
       44       22        1     0.9004286725E-04
       45      144        3     0.1079122228E-03
       46      146        3     0.1277562338E-03
       47      268        6     0.5562198393E-03
       19       18        1     0.1418218527E-04
       20       24        1     0.3249858362E-04
       21       30        1     0.5410800326E-04
       22       38        1     0.8248263295E-04
       23       42        1     0.1085483184E-03
       24       46        1     0.1382400728E-03
       25       48        1     0.1647476350E-03
       26       50        1     0.1953105260E-03
       27       54        1     0.2321002484E-03
       28       56        1     0.2655115425E-03
       29       56        1     0.3013849400E-03
       30       60        1     0.3494875051E-03
       31       62        1     0.3917169395E-03
       32       62        1     0.4299120783E-03
       33       66        1     0.4764342504E-03
       34       66        1     0.5134266284E-03
       35       68        1     0.5546519027E-03
       36       70        1     0.5859439038E-03
       37       72        1     0.6220603854E-03
       38       74        1     0.6574054760E-03
       39       74        1     0.6803302287E-03
       40       78        1     0.7048201398E-03
       41       80        1     0.7178745265E-03
       40        8        1     0.1289769308E-04
       41       14        1     0.3148471671E-04
       42      104        2     0.5633561223E-03
       43      106        2     0.5404761037E-03
       44      108        2     0.5198590420E-03
       45      112        2     0.5049236626E-03
       46      112        2     0.4912474825E-03
       47      116        2     0.4797402202E-03
       48      392        8     0.6215842919E-04
       20       12        2     0.9655441284E-07
       21       18        2     0.8694835374E-07
       22       26        2     0.9142611090E-06
       23       30        2     0.2777738589E-05
       24       34        2     0.6017341752E-05
       25       40        2     0.1124856842E-04
       26       40        2     0.1774410162E-04
       27       44        2     0.2386581704E-04
       28       46        2     0.3279343836E-04
       29       48        2     0.4125163963E-04
       30       50        2     0.5135316647E-04
       31       52        2     0.5725780599E-04
       32       54        2     0.7086837178E-04
       33       58        2     0.8211355981E-04
       34       58        2     0.8981246048E-04
       35       62        2     0.1035371212E-03
       36       66        2     0.1128630981E-03
       37       68        2     0.1152904688E-03
       38       90        3     0.8155529440E-04
       39       94        3     0.4589266051E-04
       40       98        3     0.3206559976E-04
       41      100        3     0.2360285951E-04
       42      102        3     0.1873489725E-04
       43      104        3     0.1528362417E-04
       44      106        3     0.1214459688E-04
       45      108        3     0.1127988327E-04
       46      110        3     0.8583317839E-05
       47      114        3     0.7260915646E-05
       48      116        3     0.6327890594E-05
       18        4        1     0.2973433272E-05
       19       16        2     0.2978361633E-04
       20       20        2     0.5891599790E-04
       21       26        2     0.9123277294E-04
       22       30        2     0.1202447012E-03
       23       34        2     0.1467906862E-03
       24       36        2     0.1733405546E-03
       25       40        2     0.1941799461E-03
       26       42        2     0.2128728357E-03
       27       44        2     0.2397551916E-03
       28       48        2     0.2589450858E-03
       29       48        2     0.2788056503E-03
       30       52        2     0.3068824206E-03
       31       54        2     0.3347431356E-03
       32       58        2     0.3666866236E-03
       32       16        1     0.1256055059E-03
       33       86        3     0.6237002858E-03
       34       88        3     0.7441868857E-03
       35       90        3     0.8406452753E-03
       36       92        3     0.9330039028E-03
       37       96        3     0.1025492747E-02
       38      100        3     0.1108604713E-02
       39      102        3     0.1190761826E-02
       40      106        3     0.1283490921E-02
       14       10        1     0.3507628870E-04
       15       16        1     0.1234562698E-03
       16       28        1     0.2432307949E-03
       17       32        1     0.3473474093E-03
       18       32        1     0.4405238988E-03
       19       36        1     0.5478671219E-03
       20       40        1     0.6522219656E-03
       21       40        1     0.7410626631E-03
       22       44        1     0.8526657616E-03
       23       48        1     0.9494814880E-03
       24       50        1     0.1070732510E-02
       25       56        1     0.1190680873E-02
       23       10        1     0.8668137735E-04
       24       18        1     0.2588959037E-03
       25       22        1     0.4284507830E-03
       26       86        2     0.1897093149E-02
       27       90        2     0.2165874159E-02
       28       92        2     0.2407928287E-02
        8       10        1     0.5250687541E-04
        9       20        1     0.2122933910E-03
       10       30        1     0.3901254715E-03
       11       34        1     0.5573238339E-03
       12       36        1     0.6955481295E-03
       13       40        1     0.8435481267E-03
       14       44        1     0.9972263804E-03
       15       46        1     0.1135139416E-02
       16       48        1     0.1286087677E-02
       17       52        1     0.1463447114E-02
       18       54        1     0.1628061341E-02
       19       58        1     0.1814146542E-02
       20       64        1     0.1984870350E-02
       16        8        1     0.3402822222E-06
       17       14        1     0.5284823143E-06
       18       18        1     0.9432787380E-06
       19       22        1     0.1470432851E-05
        2        4        1     0.5310535801E-05
        3       14        1     0.4822272827E-04
        4       22        1     0.9751076560E-04
        5       28        1     0.1376554469E-03
        6       32        1     0.1838463468E-03
        7       38        1     0.2312446214E-03
        8       44        1     0.2855492388E-03
        9       48        1     0.3341671645E-03
       10       52        1     0.3831030356E-03
       11       54        1     0.4373769788E-03
       12       58        1     0.4909622822E-03
       13       62        1     0.5538434485E-03
       14       64        1     0.6163486999E-03
       15       68        1     0.6820248246E-03
       16       70        1     0.7461422295E-03
       11        6        1     0.8164923825E-05
       12       12        1     0.2081780000E-04
       13       16        1     0.3349688742E-04
       14       20        1     0.4446930929E-04
       15       22        1     0.5442655379E-04
       16       26        1     0.6321103702E-04
        1        8        1     0.7760231304E-06
        2       14        1     0.1577639574E-05
        3       18        1     0.1832455558E-05
        4       26        1     0.2297662328E-05
        5       30        1     0.2880271802E-05
        6       36        1     0.1893232206E-05
        7       40        1     0.9570359123E-06
        8       46        1     0.6584860981E-06
        9       50        1     0.3198407160E-06
       10       56        1     0.4916627271E-06
       11       58        1     0.5015077574E-06
       12       62        1     0.4665390721E-06
       13       64        1     0.2600204756E-06
       14       68        1     0.3659997378E-06
       15       72        1     0.3909177361E-06
       16       72        1     0.2514927184E-06
       17      186        3     0.4440259656E-03
       18      192        3     0.4840863405E-03
       14        6        1     0.4124476262E-04
       15       14        1     0.1442320639E-03
       16       18        1     0.2517284999E-03
       17       22        1     0.3461829731E-03
       18       28        1     0.4529379221E-03
        5        6        1     0.3411305838E-04
        6       18        1     0.1276617425E-03
        7       24        1     0.2067837918E-03
        8       32        1     0.2866866705E-03
        9       38        1     0.3514834950E-03
       10       40        1     0.4148905764E-03
       11       44        1     0.5059301513E-03
       12       48        1     0.5865046456E-03
       13       50        1     0.6835200313E-03
       14       54        1     0.7756673292E-03
       15       56        1     0.8847910961E-03
       16       60        1     0.9886492881E-03
       17       64        1     0.1105444806E-02
       18       68        1     0.1215727934E-02
       19      302        5     0.2368068109E-04
       20      342        6     0.3006452411E-04
       21      412        7     0.1563325141E-03
       22      416        7     0.1591275014E-03
       23      418        7     0.1596714136E-03
       18        6        1     0.6687074880E-04
       19       14        1     0.1901987386E-03
       20       20        1     0.3454559757E-03
       21       24        1     0.4908220900E-03
       11        2        0     0.3569877383E-05
       12       12        1     0.7476675499E-04
       13       24        1     0.1846365504E-03
       14       30        1     0.3027413207E-03
       15       34        1     0.4286401724E-03
       16       38        1     0.5402403451E-03
       17       40        1     0.6354869941E-03
       18       42        1     0.7654420869E-03
       19       46        1     0.8728558403E-03
       20       48        1     0.9851562180E-03
       21       52        1     0.1109904180E-02
       22       88        2     0.1867638977E-02
       23       92        2     0.2149407411E-02
       24      522        9     0.4604545887E-04
       25      526        9     0.6624971032E-04
       26      530        9     0.8346166147E-04
       27      532        9     0.1004142093E-03
       28      536        9     0.1143427905E-03
       29      640       11     0.4347763878E-04
       30      642       11     0.5375234378E-04
       31      646       11     0.6083035511E-04
       32      648       11     0.6552260641E-04
       33      652       11     0.7202712039E-04
       34      654       11     0.7728666668E-04
       35      660       11     0.7843109943E-04
       27       10        1     0.1094593465E-03
       28       22        1     0.2986775175E-03
       17        8        1     0.1303017040E-04
       18       18        2     0.4330901162E-04
       19       24        2     0.8366509648E-04
       20       28        2     0.1355521873E-03
       21       32        2     0.1826814090E-03
       22       34        2     0.2362782755E-03
       23       38        2     0.2827487879E-03
       24       40        2     0.3309058315E-03
       25       44        2     0.3787363448E-03
       26       46        2     0.4264567886E-03
       27       50        2     0.4736129973E-03
       28       52        2     0.5236133912E-03
       29       84        3     0.9983349273E-03
       30       84        3     0.1179287352E-02
       31       88        3     0.1378241064E-02
       32       92        3     0.1552881366E-02
       33       94        3     0.1731936516E-02
       34       98        3     0.1907277550E-02
       35      100        3     0.2093150374E-02
       36      766       14     0.4104905750E-04
       37      770       14     0.4890638662E-04
       38      772       14     0.5474862908E-04
       39      776       14     0.6095786466E-04
       40      780       14     0.6506491198E-04
       41      890       17     0.9029510726E-05
       42      894       17     0.1005415656E-04
       43      898       17     0.1084099882E-04
       44      898       17     0.1146395086E-04
       45      902       17     0.1134867135E-04
       35       16        1     0.3452968308E-04
       20       12        2     0.6578343795E-06
       21       16        2     0.1736762290E-05
       22       22        2     0.3229017433E-05
       23       28        2     0.5329385171E-05
       24       32        2     0.7067786023E-05
       25       36        2     0.9403826119E-05
       26       40        2     0.1057882556E-04
       27       42        2     0.1137224497E-04
       28       44        2     0.1416482431E-04
       29       46        2     0.1423013795E-04
       30       48        2     0.1582745181E-04
       31       50        2     0.1589673380E-04
       32       54        2     0.1901125992E-04
       33       56        2     0.1943533062E-04
       34       58        2     0.2019997789E-04
       35       62        2     0.2388683370E-04
       36       88        3     0.6370632321E-04
       37       92        3     0.8762040747E-04
       38       94        3     0.1086386302E-03
       39       96        3     0.1243522979E-03
       40       98        3     0.1465469410E-03
       41      102        3     0.1638731704E-03
       42      102        3     0.1815187291E-03
       43      106        3     0.2005485169E-03
       44      108        3     0.2182767623E-03
       45      110        3     0.2378684024E-03
       46     1022       20     0.2174768239E-05
       47     1026       20     0.3076256011E-05
       48     1028       20     0.3797312569E-05
       49     1552       31     0.2235001916E-05
       40       10        1     0.3490742096E-05
       20       16        2     0.3547143419E-05
       21       20        2     0.1090176489E-04
       22       30        2     0.2026343296E-04
       23       38        2     0.3041253199E-04
       24       42        2     0.3949173950E-04
       25       42        2     0.4694973670E-04
       26       46        2     0.6012570956E-04
       27       48        2     0.7071565624E-04
       28       50        2     0.8021235232E-04
       29       52        2     0.9522951428E-04
       30       54        2     0.1070558318E-03
       31       56        2     0.1178008425E-03
       32       58        2     0.1340973021E-03
       33       62        2     0.1470557690E-03
       34       62        2     0.1609820675E-03
       35       66        2     0.1801814330E-03
       36       66        2     0.1902694497E-03
       37       68        2     0.2067453129E-03
       38       70        2     0.2160539924E-03
       39       74        2     0.2332789424E-03
       40       76        2     0.2413795002E-03
       41      102        3     0.2444151018E-03
       42      102        3     0.2457199796E-03
       43      106        3     0.2549552690E-03
       44      108        3     0.2617056361E-03
       45      110        3     0.2715595963E-03
       46      114        3     0.2791696943E-03
       47      116        3     0.2908412918E-03
       40        6        1     0.1284132345E-04
       41       10        1     0.3878608415E-04
       42       16        1     0.6337058620E-04
       43       20        1     0.8054042894E-04
       18       14        1     0.3700181089E-06
       19       24        1     0.1740340042E-05
       20       32        1     0.4357348237E-05
       21       38        1     0.6328952602E-05
       22       42        1     0.8441900244E-05
       23       46        1     0.9732887772E-05
       24       50        1     0.9547686144E-05
       25       52        1     0.9893298877E-05
       26       54        1     0.1145351144E-04
       27       58        1     0.1150122853E-04
       28       58        1     0.1258594607E-04
       29       62        1     0.1371419720E-04
       30       62        1     0.1455032595E-04
       31       66        1     0.1787684044E-04
       32       66        1     0.1835822862E-04
       33       68        1     0.2034631287E-04
       34       68        1     0.2217909031E-04
       35       70        1     0.2281682212E-04
       36       72        1     0.2641320042E-04
       37       72        1     0.2919020568E-04
       38       74        1     0.2994156866E-04
       39       76        1     0.3254024797E-04
       40       78        1     0.3445233746E-04
       41       78        1     0.3575916148E-04
       42       82        1     0.3991512636E-04
       43       82        1     0.4187067953E-04
       44      112        2     0.8594831482E-04
       45      116        2     0.9851267082E-04
       40        8        1     0.1005285519E-04
       41       12        1     0.2900602965E-04
       42       16        1     0.4764426466E-04
       43       20        1     0.6772660054E-04
       44       22        1     0.8706561336E-04
       45       26        1     0.1100050572E-03
       46      144        3     0.1903728601E-03
       47      148        3     0.2168916774E-03
       18        2        0     0.1033733101E-06
       19       20        1     0.1205636686E-04
       20       26        1     0.2256080908E-04
       21       34        1     0.3789863698E-04
       22       40        1     0.5872328057E-04
       23       44        1     0.7814585386E-04
       24       46        1     0.9753823155E-04
       25       50        1     0.1190898475E-03
       26       52        1     0.1468748024E-03
       27       56        1     0.1728899283E-03
       28       56        1     0.1980929581E-03
       29       58        1     0.2368056955E-03
       30       62        1     0.2691504721E-03
       31       62        1     0.2977589000E-03
       32       64        1     0.3389469316E-03
       33       66        1     0.3676804215E-03
       34       68        1     0.3977287750E-03
       35       68        1     0.4253828680E-03
       36       72        1     0.4478993680E-03
       37       72        1     0.4854452901E-03
       38       72        1     0.5125782226E-03
       39       76        1     0.5272715229E-03
       40       76        1     0.5478204942E-03
       41       78        1     0.5583006031E-03
       40        6        1     0.5936194575E-05
       41       12        1     0.2757027969E-04
       42      106        2     0.4473849483E-03
       43      106        2     0.4045705223E-03
       44      108        2     0.3805340800E-03
       45      110        2     0.3677594651E-03
       46      114        2     0.3525687128E-03
       47      116        2     0.3440466608E-03
       48      390        8     0.7699590779E-04
       20       12        2     0.2071310772E-07
       21       18        2     0.1096747915E-06
       22       26        2     0.6242559112E-07
       23       30        2     0.4870418543E-06
       24       36        2     0.2493453971E-05
       25       40        2     0.6564475071E-05
       26       42        2     0.1161448179E-04
       27       46        2     0.1634705380E-04
       28       46        2     0.2406984925E-04
       29       50        2     0.3155649532E-04
       30       50        2     0.3758144382E-04
       31       52        2     0.5154006257E-04
       32       56        2     0.5875421010E-04
       33       56        2     0.6724202870E-04
       34       60        2     0.8148125712E-04
       35       62        2     0.9458285220E-04
       36       64        2     0.9874178746E-04
       37       68        2     0.1120271689E-03
       38       72        2     0.1120834459E-03
       39       94        4     0.6654733579E-04
       40       98        4     0.4144188114E-04
       41      100        4     0.3165008870E-04
       42      102        4     0.2550084628E-04
       43      104        4     0.1937874379E-04
       44      106        4     0.1707203513E-04
       45      108        4     0.1510470472E-04
       46      112        4     0.1347759772E-04
       47      112        4     0.1135750608E-04
       48      116        4     0.1084734844E-04
       49      518       12     0.4567035144E-04
       19        8        1     0.1547927826E-04
       20       20        2     0.5223793192E-04
       21       22        2     0.8510077088E-04
       22       26        2     0.1145544245E-03
       23       32        2     0.1470596502E-03
       24       36        2     0.1750257103E-03
       25       38        2     0.1973332236E-03
       26       42        2     0.2202549046E-03
       27       44        2     0.2434668665E-03
       28       46        2     0.2640267751E-03
       29       48        2     0.2848608264E-03
       30       50        2     0.3014172159E-03
       31       52        2     0.3317360099E-03
       32       56        2     0.3521353942E-03
       33       82        3     0.4826070990E-03
       34       86        3     0.6145022741E-03
       35       90        3     0.7085679231E-03
       36       92        3     0.7917087329E-03
       37       94        3     0.8612996546E-03
       38       98        3     0.9376639600E-03
       39      100        3     0.1005190627E-02
       40      104        3     0.1072963577E-02
       41      106        3     0.1154176448E-02
       15       10        1     0.7277343582E-04
       16       22        1     0.2013454247E-03
       17       28        1     0.3343444483E-03
       18       32        1     0.4571495188E-03
       19       36        1     0.5733407056E-03
       20       36        1     0.6860483202E-03
       21       40        1     0.8102215736E-03
       22       42        1     0.9184495101E-03
       23       44        1     0.1035463487E-02
       24       48        1     0.1151603330E-02
       25       50        1     0.1275423511E-02
       24       12        1     0.7558455736E-04
       25       18        1     0.1913672170E-03
       26       84        2     0.1734795017E-02
       27       86        2     0.1969651647E-02
       28       90        2     0.2203857583E-02
       29       92        2     0.2411774724E-02
        9       12        1     0.9147776443E-04
       10       26        1     0.2917612182E-03
       11       32        1     0.4924675762E-03
       12       36        1     0.6824131744E-03
       13       36        1     0.8362846440E-03
       14       40        1     0.1006409693E-02
       15       44        1     0.1174568772E-02
       16       46        1     0.1327763049E-02
       17       48        1     0.1495318360E-02
       18       52        1     0.1681589414E-02
       19       56        1     0.1859558657E-02
       20       60        1     0.2054203076E-02
       16        8        1     0.7559275290E-06
       17       14        1     0.3106682214E-05
       18       18        1     0.6373615613E-05
       19       22        1     0.9070349652E-05
       20       28        1     0.1187456913E-04
        3       10        1     0.3963239243E-04
        4       18        1     0.1052354805E-03
        5       24        1     0.1638558129E-03
        6       30        1     0.2324364552E-03
        7       36        1     0.2999671677E-03
        8       42        1     0.3669589668E-03
        9       46        1     0.4285330858E-03
       10       50        1     0.4973325782E-03
       11       52        1     0.5678033848E-03
       12       56        1     0.6473040818E-03
       13       60        1     0.7241491051E-03
       14       62        1     0.8139030803E-03
       15       66        1     0.9017628957E-03
       16       70        1     0.9944824550E-03
       17       72        1     0.1086840551E-02
       11        2        0     0.2748542825E-05
       12       10        1     0.3557046453E-04
       13       14        1     0.6458758537E-04
       14       18        1     0.8954527516E-04
       15       22        1     0.1158473729E-03
       16       26        1     0.1380984395E-03
        1        8        1     0.3052731453E-06
        2       14        1     0.3458902609E-06
        3       20        1     0.2738554117E-06
        4       24        1     0.5429210608E-06
        5       30        1     0.4113973300E-06
        6       34        1     0.2093264085E-06
        7       40        1     0.1330797300E-07
        8       46        1     0.5493448422E-07
        9       50        1     0.1189017734E-06
       10       54        1     0.1340159029E-06
       11       58        1     0.1932351521E-06
       12       62        1     0.2522716997E-06
       13       66        1     0.3875967875E-06
       14       66        1     0.3896479734E-06
       15       70        1     0.4547670724E-06
       16       74        1     0.6124347081E-06
       17      110        2     0.3931109501E-04
       18      192        3     0.7440656220E-03
       13        4        1     0.2274355614E-04
       14       12        1     0.1256551561E-03
       15       18        1     0.2241986022E-03
       16       22        1     0.3182003273E-03
       17       26        1     0.4125672370E-03
       18       32        1     0.5078765336E-03
        4        2        0     0.1440888497E-05
        5       16        1     0.8604610054E-04
        6       22        1     0.1706066873E-03
        7       26        1     0.2551208836E-03
        8       36        1     0.3351435117E-03
        9       38        1     0.3986149092E-03
       10       42        1     0.4836606850E-03
       11       46        1     0.5603137711E-03
       12       50        1     0.6520001441E-03
       13       52        1     0.7407057256E-03
       14       56        1     0.8469847562E-03
       15       58        1     0.9482230146E-03
       16       62        1     0.1062441564E-02
       17       66        1     0.1170079310E-02
       18       70        1     0.1276937814E-02
       19      302        5     0.3166474002E-05
       20      308        5     0.5068996802E-05
       21      412        7     0.2640085593E-03
       22      416        7     0.2817465953E-03
       17        6        1     0.2864307106E-04
       18       12        1     0.1040008469E-03
       19       18        1     0.2085573365E-03
       20       24        1     0.3044685904E-03
       21       28        1     0.4003004390E-03
       11       10        1     0.6429377782E-04
       12       22        1     0.1804401890E-03
       13       28        1     0.3378295972E-03
       14       34        1     0.4978448955E-03
       15       36        1     0.6395192284E-03
       16       38        1     0.7582699552E-03
       17       42        1     0.9168445947E-03
       18       46        1     0.1045852969E-02
       19       48        1     0.1170190914E-02
       20       52        1     0.1318529201E-02
       21       54        1     0.1452827930E-02
       22       92        2     0.2104017843E-02
       23      518        9     0.8294303494E-05
       24      522        9     0.1531386164E-04
       25      526        9     0.2173639275E-04
       26      530        9     0.2816944107E-04
       27      530        9     0.3412652768E-04
       28      534        9     0.3917313461E-04
       29      538        9     0.4358714543E-04
       30      642       11     0.1126016805E-03
       31      646       11     0.1319080542E-03
       32      650       11     0.1467242836E-03
       33      652       11     0.1566201297E-03
       26       10        1     0.6638560932E-04
       27       18        1     0.2084805900E-03
       16        4        1     0.4921779040E-05
       17       12        1     0.3937441348E-04
       18       22        1     0.1145423726E-03
       19       26        1     0.2012457381E-03
       20       30        1     0.2803141262E-03
       21       34        1     0.3704431222E-03
       22       36        1     0.4512751655E-03
       23       40        1     0.5335297309E-03
       24       42        1     0.6045757181E-03
       25       46        1     0.6866331266E-03
       26       48        1     0.7580516219E-03
       27       52        1     0.8293933499E-03
       28       84        2     0.1253190687E-02
       29       86        2     0.1452455422E-02
       30       88        2     0.1638013078E-02
       31       90        2     0.1810433724E-02
       32       94        2     0.2004653828E-02
       33       98        2     0.2186777178E-02
       34      760       13     0.8274613864E-05
       35      764       13     0.1284087537E-04
       36      768       13     0.1647108405E-04
       37      768       13     0.1876705841E-04
       38      772       13     0.2172385010E-04
       39      776       13     0.2386897378E-04
       40      776       13     0.2575290254E-04
       41      782       13     0.2729259330E-04
       42      896       16     0.2742438291E-04
       43      898       16     0.3055605393E-04
       44      900       16     0.3183252462E-04
       20       12        2     0.4206551830E-05
       21       18        2     0.1118544893E-04
       22       22        2     0.1904250142E-04
       23       28        2     0.2878959853E-04
       24       34        2     0.3754598927E-04
       25       36        2     0.4651602117E-04
       26       40        2     0.5294829748E-04
       27       42        2     0.6020316920E-04
       28       44        2     0.6778467136E-04
       29       48        2     0.7317341343E-04
       30       48        2     0.7729550528E-04
       31       52        2     0.8437477586E-04
       32       52        2     0.9124598964E-04
       33       56        2     0.9535301396E-04
       34       60        2     0.1028460638E-03
       35       84        3     0.1619868288E-03
       36       90        3     0.2063632382E-03
       37       92        3     0.2448540217E-03
       38       94        3     0.2763457039E-03
       39       98        3     0.3130242176E-03
       40      100        3     0.3400782975E-03
       41      102        3     0.3684562378E-03
       42      104        3     0.4029483508E-03
       43      108        3     0.4308507373E-03
       44      108        3     0.4620922604E-03
       45     1020       19     0.8789031501E-06
       46     1022       19     0.1402468151E-05
       47     1024       19     0.1849383187E-05
       48     1028       19     0.2246197319E-05
       49     1032       19     0.2591075642E-05
       40       12        1     0.8508617930E-07
       20       12        2     0.6263501080E-06
       21       20        2     0.2776387925E-05
       22       28        2     0.5538595620E-05
       23       36        2     0.8803338549E-05
       24       40        2     0.1441997797E-04
       25       42        2     0.2047195217E-04
       26       46        2     0.2503500645E-04
       27       46        2     0.3336294263E-04
       28       50        2     0.4034833315E-04
       29       50        2     0.4658825178E-04
       30       54        2     0.5748995846E-04
       31       56        2     0.6547850309E-04
       32       56        2     0.7347461450E-04
       33       60        2     0.8589628002E-04
       34       62        2     0.9730628221E-04
       35       64        2     0.1041936451E-03
       36       66        2     0.1180044950E-03
       37       68        2     0.1262069528E-03
       38       70        2     0.1382527545E-03
       39       74        2     0.1428110167E-03
       40       78        2     0.1489841423E-03
       41      100        3     0.1297487933E-03
       42      104        3     0.1268784204E-03
       43      104        3     0.1232382254E-03
       44      108        3     0.1286427381E-03
       45      110        3     0.1311785603E-03
       46      112        3     0.1340434060E-03
       47      116        3     0.1404681843E-03
       40        2        1     0.1454713162E-05
       41       10        1     0.1188980190E-04
       42       14        1     0.1937933165E-04
       43       20        1     0.2472100023E-04
       18       12        1     0.1109112885E-05
       19       22        1     0.3979511862E-05
       20       30        1     0.7724305855E-05
       21       38        1     0.1280161319E-04
       22       44        1     0.1602882196E-04
       23       46        1     0.1775552495E-04
       24       48        1     0.2044732929E-04
       25       52        1     0.2465431801E-04
       26       56        1     0.2700356598E-04
       27       56        1     0.2880120436E-04
       28       60        1     0.3529296022E-04
       29       62        1     0.3949797778E-04
       30       62        1     0.4413108034E-04
       31       66        1     0.4856506079E-04
       32       66        1     0.5398382968E-04
       33       66        1     0.5815134351E-04
       34       70        1     0.6406370702E-04
       35       70        1     0.6796009533E-04
       36       70        1     0.7161700507E-04
       37       74        1     0.8063827786E-04
       38       74        1     0.8429047702E-04
       39       74        1     0.8820984162E-04
       40       78        1     0.9391614797E-04
       41       78        1     0.9782792040E-04
       42       82        1     0.9965767667E-04
       43       84        1     0.1056340843E-03
       44      110        2     0.1289343153E-03
       45      112        2     0.1373024397E-03
       40        4        1     0.5490169334E-06
       41       12        1     0.8620814320E-05
       42       16        1     0.1549404557E-04
       43       18        1     0.2250918299E-04
       44       20        1     0.2988592339E-04
       45       24        1     0.3633993994E-04
       46      144        3     0.1913962557E-03
       18        8        1     0.1856850722E-05
       19       20        1     0.8504483309E-05
       20       28        1     0.1555235405E-04
       21       36        1     0.2657874470E-04
       22       40        1     0.3563211451E-04
       23       44        1     0.5069947707E-04
       24       48        1     0.6119953768E-04
       25       52        1     0.7725419397E-04
       26       54        1     0.9255680703E-04
       27       54        1     0.1110352347E-03
       28       58        1     0.1316716536E-03
       29       60        1     0.1522668286E-03
       30       62        1     0.1699606588E-03
       31       64        1     0.1954623501E-03
       32       64        1     0.2168285285E-03
       33       68        1     0.2385036500E-03
       34       68        1     0.2526914870E-03
       35       68        1     0.2672156404E-03
       36       70        1     0.2965883506E-03
       37       72        1     0.3116314751E-03
       38       74        1     0.3292637938E-03
       39       76        1     0.3419355989E-03
       40       76        1     0.3515336870E-03
       41       80        1     0.3625542143E-03
       42       82        1     0.3702721951E-03
       41        8        1     0.6059866696E-05
       42       14        1     0.1718920138E-04
       43      106        2     0.2815837891E-03
       44      110        2     0.2646240544E-03
       45      110        2     0.2542992125E-03
       46      114        2     0.2489860349E-03
       47      268        5     0.1930703456E-07
       48      390        8     0.4965132389E-04
       20       14        2     0.5559983528E-07
       21       18        2     0.1938642408E-09
       22       28        2     0.1665599996E-07
       23       32        2     0.3369886335E-06
       24       38        2     0.2016611972E-05
       25       42        2     0.4805819453E-05
       26       42        2     0.7148852464E-05
       27       46        2     0.1367638494E-04
       28       48        2     0.1889575100E-04
       29       48        2     0.2394048541E-04
       30       52        2     0.3307828838E-04
       31       54        2     0.4171774702E-04
       32       56        2     0.4712749210E-04
       33       58        2     0.5907420478E-04
       34       62        2     0.6867105570E-04
       35       62        2     0.7732856478E-04
       36       66        2     0.8904013185E-04
       37       66        2     0.9642429868E-04
       38       70        2     0.1046393958E-03
       39       76        2     0.1022709582E-03
       40       96        4     0.6044723843E-04
       41      100        4     0.4367101065E-04
       42      102        4     0.3526420577E-04
       43      106        4     0.2987101033E-04
       44      106        4     0.2772681936E-04
       45      110        4     0.2544226295E-04
       46      110        4     0.2424505153E-04
       47      114        4     0.2349551773E-04
       48      118        4     0.2328536804E-04
       49      518       12     0.1761190802E-04
       19        4        1     0.5667324293E-05
       20       16        2     0.3202845943E-04
       21       20        2     0.5734536373E-04
       22       26        2     0.8774879919E-04
       23       30        2     0.1153334646E-03
       24       34        2     0.1394497374E-03
       25       38        2     0.1631894964E-03
       26       42        2     0.1834068613E-03
       27       42        2     0.2015125750E-03
       28       46        2     0.2206740328E-03
       29       46        2     0.2372888791E-03
       30       50        2     0.2545900834E-03
       31       52        2     0.2716111135E-03
       32       54        2     0.2898096428E-03
       33       58        2     0.3086705631E-03
       33        8        1     0.1841190624E-04
       34       84        3     0.4458587561E-03
       35       88        3     0.5283108698E-03
       36       92        3     0.6039305334E-03
       37       94        3     0.6673596939E-03
       38       96        3     0.7181262954E-03
       39       98        3     0.7812481987E-03
       40      102        3     0.8352944774E-03
       41      104        3     0.8920311944E-03
       42      108        3     0.9527060081E-03
       15        4        1     0.1403848425E-04
       16       14        1     0.9873140572E-04
       17       24        1     0.2477566876E-03
       18       28        1     0.3821723467E-03
       19       32        1     0.5134502250E-03
       20       36        1     0.6407994231E-03
       21       36        1     0.7531309042E-03
       22       40        1     0.8853750733E-03
       23       44        1     0.1006158823E-02
       24       46        1     0.1116763681E-02
       25       48        1     0.1234798436E-02
       26       52        1     0.1352489027E-02
       25       14        1     0.7562486072E-04
       26       20        1     0.1745864049E-03
       27       86        2     0.1754324928E-02
       28       86        2     0.1938852263E-02
       29       90        2     0.2147726171E-02
       30       94        2     0.2333916090E-02
       31       98        2     0.2548165299E-02
        9        2        1     0.6089405513E-05
       10       14        1     0.1288739269E-03
       11       26        1     0.3399681073E-03
       12       32        1     0.5469474018E-03
       13       36        1     0.7387764611E-03
       14       38        1     0.9048493362E-03
       15       40        1     0.1071607043E-02
       16       44        1     0.1235875823E-02
       17       46        1     0.1404019432E-02
       18       50        1     0.1567831752E-02
       19       52        1     0.1740839272E-02
       20       58        1     0.1917495521E-02
       16        6        1     0.1875654590E-05
       17       12        1     0.1814592756E-04
       18       18        1     0.3767868106E-04
       19       22        1     0.5434573390E-04
       20       28        1     0.6996887108E-04
        3        6        1     0.1193661985E-04
        4       14        1     0.8342304726E-04
        5       22        1     0.1601967131E-03
        6       26        1     0.2315273424E-03
        7       32        1     0.3225352881E-03
        8       38        1     0.3991917467E-03
        9       44        1     0.4694834736E-03
       10       48        1     0.5416208586E-03
       11       50        1     0.6269522478E-03
       12       54        1     0.7119561688E-03
       13       58        1     0.8108623005E-03
       14       60        1     0.9037475602E-03
       15       64        1     0.1009756596E-02
       16       68        1     0.1114699506E-02
       17       72        1     0.1213741049E-02
       12        6        1     0.3556685965E-04
       13       14        1     0.8822289512E-04
       14       18        1     0.1381545788E-03
       15       22        1     0.1855079422E-03
       16       26        1     0.2307449432E-03
       17       30        1     0.2727861134E-03
        1        8        1     0.3276728640E-07
        2       12        1     0.1804529564E-07
        3       20        1     0.1145059447E-07
        4       24        1     0.4439632865E-07
        5       28        1     0.1639196326E-07
        6       34        1     0.1721137780E-09
        7       40        1     0.1603629868E-09
        8       46        1     0.7897310592E-07
        9       50        1     0.8580142883E-07
       10       54        1     0.1492736127E-06
       11       58        1     0.9747999311E-07
       12       60        1     0.1057087756E-06
       13       64        1     0.4429439251E-07
       14       68        1     0.1582528569E-06
       15       70        1     0.2919666255E-06
       16       74        1     0.9188500130E-07
       17       78        1     0.2347021579E-06
       13       10        1     0.8249530221E-04
       14       14        1     0.1538022052E-03
       15       18        1     0.2296132981E-03
       16       22        1     0.2956642330E-03
       17       28        1     0.3698894072E-03
        4       10        1     0.4994200599E-04
        5       18        1     0.1291153840E-03
        6       26        1     0.2086336228E-03
        7       28        1     0.2968073413E-03
        8       36        1     0.3750422080E-03
        9       42        1     0.4565304906E-03
       10       44        1     0.5294014431E-03
       11       48        1     0.6166136883E-03
       12       52        1     0.7002030438E-03
       13       54        1     0.8036459567E-03
       14       58        1     0.9000691824E-03
       15       62        1     0.1013144493E-02
       16       64        1     0.1117942849E-02
       17       68        1     0.1231530760E-02
       18      300        5     0.8439375956E-08
       19      302        5     0.1060147018E-06
       20      308        5     0.2260442933E-06
       21      412        7     0.3272883115E-03
       17       10        1     0.3412825139E-04
       18       14        1     0.8461973499E-04
       19       20        1     0.1295717842E-03
       20       24        1     0.1780602169E-03
       10        6        1     0.3706203785E-04
       11       18        1     0.1572136948E-03
       12       28        1     0.3623786893E-03
       13       32        1     0.5535325510E-03
       14       36        1     0.7264498019E-03
       15       38        1     0.8662450170E-03
       16       42        1     0.1046287839E-02
       17       44        1     0.1196790214E-02
       18       46        1     0.1335433819E-02
       19       50        1     0.1507995082E-02
       20       54        1     0.1662029475E-02
       21       90        2     0.1967393965E-02
       22      514        9     0.1716363554E-06
       23      518        9     0.7418268103E-06
       24      522        9     0.1370697048E-05
       25      526        9     0.2023882988E-05
       26      528        9     0.2983667083E-05
       27      530        9     0.3177068148E-05
       28      534        9     0.3674779799E-05
       29      538        9     0.4025089323E-05
       30      540        9     0.4155397232E-05
       31      544        9     0.3931797804E-05
       32      652       11     0.2417720430E-03
       25        8        1     0.1731990697E-04
       26       16        1     0.1253641391E-03
       16        8        1     0.3694915049E-04
       17       18        1     0.1228847324E-03
       18       26        1     0.2565146672E-03
       19       30        1     0.3705946705E-03
       20       32        1     0.4857645159E-03
       21       36        1     0.6062727295E-03
       22       40        1     0.7131506699E-03
       23       40        1     0.8191616127E-03
       24       44        1     0.9322506293E-03
       25       46        1     0.1030068540E-02
       26       50        1     0.1129860791E-02
       27       80        2     0.1452584481E-02
       28       86        2     0.1670320410E-02
       29       88        2     0.1850865793E-02
       30       90        2     0.2023463258E-02
       31       94        2     0.2219896220E-02
       32       96        2     0.2404192415E-02
       33      758       13     0.4767196328E-06
       34      760       13     0.1061427777E-05
       35      762       13     0.1264211213E-05
       36      766       13     0.1590257218E-05
       37      768       13     0.2152801648E-05
       38      772       13     0.2186543290E-05
       39      774       13     0.2372339088E-05
       40      778       13     0.2807841880E-05
       41      780       13     0.2863300502E-05
       42      782       13     0.2908273532E-05
       43      900       16     0.6032105322E-04
       34       16        1     0.5244133979E-04
       20       14        2     0.1472900379E-04
       21       18        2     0.2997431630E-04
       22       24        2     0.5097622991E-04
       23       30        2     0.7150642569E-04
       24       34        2     0.9068534430E-04
       25       38        2     0.1073565050E-03
       26       40        2     0.1189080148E-03
       27       42        2     0.1368836518E-03
       28       44        2     0.1478138208E-03
       29       46        2     0.1636641124E-03
       30       48        2     0.1677777269E-03
       31       52        2     0.1851695870E-03
       32       54        2     0.1981204766E-03
       33       56        2     0.2056222545E-03
       34       60        2     0.2254350830E-03
       35       86        3     0.3452212589E-03
       36       90        3     0.4058479443E-03
       37       92        3     0.4568371078E-03
       38       96        3     0.5067853671E-03
       39       96        3     0.5508452424E-03
       40      100        3     0.5903088941E-03
       41      104        3     0.6372028236E-03
       42      106        3     0.6803944156E-03
       43      110        3     0.7268009508E-03
       44     1016       19     0.4856538742E-07
       45     1020       19     0.1147923793E-06
       46     1022       19     0.1706173902E-06
       47     1024       19     0.2216055426E-06
       48     1028       19     0.2698201697E-06
       49     1032       19     0.3115533671E-06
       40       14        1     0.1040302137E-04
       20       14        2     0.4965452199E-07
       21       18        2     0.1253598520E-06
       22       26        2     0.6393730286E-06
       23       34        2     0.1489620202E-05
       24       40        2     0.4114944345E-05
       25       40        2     0.7915387163E-05
       26       44        2     0.1103182354E-04
       27       46        2     0.1708100570E-04
       28       48        2     0.2219007761E-04
       29       50        2     0.2937847822E-04
       30       54        2     0.3380805924E-04
       31       54        2     0.4300769914E-04
       32       56        2     0.5216507837E-04
       33       60        2     0.5988173544E-04
       34       60        2     0.7155616518E-04
       35       64        2     0.7873558720E-04
       36       64        2     0.8550543519E-04
       37       68        2     0.9858956647E-04
       38       72        2     0.1045446861E-03
       39       74        2     0.1079220795E-03
       40       82        2     0.1042293569E-03
       41      100        3     0.7036860032E-04
       42      104        3     0.6161757122E-04
       43      104        3     0.5715012599E-04
       44      108        3     0.5458065354E-04
       45      108        3     0.5565066660E-04
       46      112        3     0.5459737192E-04
       47      114        3     0.5456227244E-04
       48      116        3     0.5772859695E-04
       41        8        1     0.3543885172E-09
       42       14        1     0.3305264259E-07
       18       10        1     0.2088848541E-05
       19       22        1     0.6253003988E-05
       20       30        1     0.1126594924E-04
       21       36        1     0.1991083002E-04
       22       42        1     0.2490410825E-04
       23       46        1     0.3205859477E-04
       24       50        1     0.3857658389E-04
       25       50        1     0.4486639378E-04
       26       54        1     0.5496108365E-04
       27       56        1     0.6521212479E-04
       28       60        1     0.7569303806E-04
       29       60        1     0.8802698225E-04
       30       62        1     0.1012728034E-03
       31       64        1     0.1075287700E-03
       32       66        1     0.1217580805E-03
       33       66        1     0.1345763423E-03
       34       68        1     0.1428027642E-03
       35       70        1     0.1563707552E-03
       36       70        1     0.1663479837E-03
       37       74        1     0.1746725424E-03
       38       74        1     0.1874831424E-03
       39       74        1     0.1973321765E-03
       40       78        1     0.2044151101E-03
       41       78        1     0.2145270108E-03
       42       80        1     0.2146793534E-03
       43      108        2     0.1948159541E-03
       44      110        2     0.1877332820E-03
       45      112        2     0.1865184425E-03
       46      114        2     0.1885346871E-03
       41       12        1     0.1243214774E-07
       42       16        1     0.4213249122E-07
       43       16        1     0.6786718355E-07
       44       20        1     0.2292313952E-07
       45       24        1     0.1036833746E-06
       46       28        1     0.1122313271E-06
       18       10        1     0.1966499047E-05
       19       22        1     0.5522420325E-05
       20       30        1     0.1046651321E-04
       21       38        1     0.1801019606E-04
       22       42        1     0.2488345166E-04
       23       46        1     0.3073184156E-04
       24       50        1     0.3618163895E-04
       25       50        1     0.4389939064E-04
       26       54        1     0.5139952426E-04
       27       56        1     0.6456535002E-04
       28       60        1     0.7146301164E-04
       29       60        1     0.8053156767E-04
       30       62        1     0.9438306252E-04
       31       64        1     0.1041228657E-03
       32       66        1     0.1158840297E-03
       33       66        1     0.1271716011E-03
       34       68        1     0.1313396160E-03
       35       70        1     0.1472365101E-03
       36       70        1     0.1583386409E-03
       37       72        1     0.1652045815E-03
       38       74        1     0.1775425042E-03
       39       74        1     0.1868412175E-03
       40       76        1     0.1877682834E-03
       41       78        1     0.2018042773E-03
       42       80        1     0.2067879439E-03
       41        8        1     0.1606443999E-06
       42       14        1     0.1241837749E-07
       43      108        2     0.1885600160E-03
       44      110        2     0.1811886236E-03
       45      110        2     0.1786787646E-03
       46      114        2     0.1857310417E-03
       47      268        5     0.5430731744E-11
       48      272        5     0.1062787051E-08
       20       14        2     0.9203264239E-08
       21       18        2     0.3589783163E-06
       22       26        2     0.6969038741E-06
       23       34        2     0.1734318341E-05
       24       40        2     0.4455063691E-05
       25       42        2     0.6927856374E-05
       26       44        2     0.1315356925E-04
       27       48        2     0.1800784288E-04
       28       48        2     0.2145003971E-04
       29       50        2     0.3013071813E-04
       30       52        2     0.3546668340E-04
       31       54        2     0.4396437600E-04
       32       58        2     0.5344199237E-04
       33       60        2     0.6059959058E-04
       34       60        2     0.7004810989E-04
       35       64        2     0.8121228426E-04
       36       64        2     0.9120336273E-04
       37       68        2     0.9762114261E-04
       38       72        2     0.1035560884E-03
       39       74        2     0.1108397320E-03
       40       80        2     0.1071270240E-03
       40       14        1     0.7550246828E-05
       41      100        3     0.7255098527E-04
       42      104        3     0.6316937312E-04
       43      104        3     0.6286957641E-04
       44      106        3     0.5843126751E-04
       45      110        3     0.5842554365E-04
       46      112        3     0.5896158773E-04
       47      114        3     0.6020838785E-04
       48      116        3     0.6209758095E-04
       49      516       11     0.4058754269E-07
       20       14        2     0.1313699948E-04
       21       18        2     0.2883187926E-04
       22       24        2     0.4821203517E-04
       23       30        2     0.6779749224E-04
       24       34        2     0.8525740446E-04
       25       38        2     0.1012363390E-03
       26       40        2     0.1150751092E-03
       27       42        2     0.1303142936E-03
       28       44        2     0.1363931340E-03
       29       46        2     0.1544663983E-03
       30       50        2     0.1644164257E-03
       31       52        2     0.1760112613E-03
       32       54        2     0.1873776794E-03
       33       58        2     0.1981963392E-03
       34       60        2     0.2156720246E-03
       34       16        1     0.4772190495E-04
       35       86        3     0.3289646117E-03
       36       90        3     0.3851722951E-03
       37       92        3     0.4413863008E-03
       38       96        3     0.4847522860E-03
       39       98        3     0.5244878515E-03
       40      100        3     0.5714449029E-03
       41      102        3     0.6153225622E-03
       42      106        3     0.6528283315E-03
       43      110        3     0.7019351844E-03
       16        8        1     0.3148017680E-04
       17       18        1     0.1085037191E-03
       18       26        1     0.2383636450E-03
       19       30        1     0.3553895160E-03
       20       32        1     0.4709074614E-03
       21       36        1     0.5859567237E-03
       22       40        1     0.6946917047E-03
       23       40        1     0.7998283815E-03
       24       44        1     0.9073133948E-03
       25       46        1     0.9998010485E-03
       26       50        1     0.1105287501E-02
       27       54        1     0.1200137444E-02
       25        6        1     0.1508939080E-04
       26       16        1     0.1215168185E-03
       27       26        1     0.2320856900E-03
       28       86        2     0.1638378502E-02
       29       86        2     0.1802619839E-02
       30       90        2     0.2005007109E-02
       31       94        2     0.2182238777E-02
       32       96        2     0.2373769642E-02
       10        6        1     0.3792596415E-04
       11       16        1     0.1503433436E-03
       12       28        1     0.3513106668E-03
       13       32        1     0.5341003162E-03
       14       36        1     0.7069626614E-03
       15       38        1     0.8658270701E-03
       16       42        1     0.1020509469E-02
       17       44        1     0.1154481643E-02
       18       46        1     0.1327765187E-02
       19       50        1     0.1478206297E-02
       20       52        1     0.1614346115E-02
       17       10        1     0.3859073444E-04
       18       14        1     0.8339199885E-04
       19       22        1     0.1424956776E-03
       20       24        1     0.1862634958E-03
       21       90        2     0.1983316352E-02
        4       10        1     0.4841997083E-04
        5       18        1     0.1229435577E-03
        6       24        1     0.2083133049E-03
        7       28        1     0.2900229383E-03
        8       36        1     0.3821625274E-03
        9       42        1     0.4503689087E-03
       10       46        1     0.5315445902E-03
       11       48        1     0.6103774784E-03
       12       52        1     0.7036145089E-03
       13       54        1     0.7990289005E-03
       14       58        1     0.9041599051E-03
       15       62        1     0.1006582193E-02
       16       64        1     0.1117462183E-02
       17       68        1     0.1223755555E-02
       13       10        1     0.7787266180E-04
       14       14        1     0.1588821943E-03
       15       18        1     0.2279540761E-03
       16       22        1     0.3050751243E-03
       17       28        1     0.3756431554E-03
        1        8        1     0.3260102356E-07
        2       12        1     0.9515406615E-07
        3       20        1     0.3437769771E-07
        4       24        1     0.3084294872E-07
        5       30        1     0.4302572692E-07
        6       34        1     0.6212872420E-09
        7       40        1     0.5280797045E-08
        8       46        1     0.5969203389E-07
        9       50        1     0.1261008883E-06
       10       54        1     0.1164101695E-06
       11       58        1     0.1610742877E-06
       12       62        1     0.1030329014E-06
       13       64        1     0.1338612259E-06
       14       68        1     0.2158959870E-06
       15       70        1     0.2378156420E-06
       16       74        1     0.2674541285E-06
       17       78        1     0.2628446362E-06
       12        6        1     0.3141149539E-04
       13       14        1     0.8734602821E-04
       14       18        1     0.1346582336E-03
       15       22        1     0.1795825104E-03
       16       26        1     0.2229664453E-03
       17       30        1     0.2629708812E-03
        3        6        1     0.1499275057E-04
        4       14        1     0.8768556843E-04
        5       22        1     0.1544370383E-03
        6       26        1     0.2373190009E-03
        7       32        1     0.3157088107E-03
        8       38        1     0.3994015177E-03
        9       44        1     0.4639591158E-03
       10       48        1     0.5422973888E-03
       11       50        1     0.6208997928E-03
       12       54        1     0.7114385851E-03
       13       56        1     0.8000206657E-03
       14       60        1     0.9036015198E-03
       15       64        1     0.1000176339E-02
       16       66        1     0.1111687339E-02
       17       70        1     0.1220218555E-02
       18      300        5     0.1769616369E-08
       19      304        5     0.1806547882E-06
       20      308        5     0.2903581360E-06
       16        6        1     0.2169679828E-05
       17       14        1     0.1703239796E-04
       18       18        1     0.3357982672E-04
       19       22        1     0.4880817207E-04
       20       28        1     0.6200998348E-04
        9        4        1     0.1889017685E-04
       10       14        1     0.1337362324E-03
       11       28        1     0.3439527779E-03
       12       32        1     0.5642553142E-03
       13       36        1     0.7488979712E-03
       14       40        1     0.9165202755E-03
       15       40        1     0.1087551093E-02
       16       44        1     0.1254971599E-02
       17       46        1     0.1398968961E-02
       18       50        1     0.1586728898E-02
       19       52        1     0.1756634788E-02
       20       58        1     0.1940928299E-02
       21      412        7     0.3301469801E-03
       22      516        9     0.2062993713E-06
       23      518        9     0.1135555486E-05
       24      522        9     0.2091461256E-05
       25      526        9     0.2803282682E-05
       26      528        9     0.3625760430E-05
       27      530        9     0.4775081737E-05
       28      534        9     0.5199787005E-05
       29      536        9     0.5566724798E-05
       30      540        9     0.5673280991E-05
       31      546        9     0.5846984513E-05
       25       14        1     0.8260980957E-04
       26       22        1     0.1831044403E-03
       15        6        1     0.1631133411E-04
       16       14        1     0.1069405258E-03
       17       24        1     0.2547640737E-03
       18       28        1     0.3894262985E-03
       19       32        1     0.5215062077E-03
       20       36        1     0.6518253964E-03
       21       38        1     0.7641535214E-03
       22       40        1     0.8920460103E-03
       23       44        1     0.1016453055E-02
       24       44        1     0.1125199223E-02
       25       48        1     0.1246621501E-02
       26       52        1     0.1354107077E-02
       27       86        2     0.1771832039E-02
       28       88        2     0.1972863685E-02
       29       90        2     0.2161924788E-02
       30       94        2     0.2367258135E-02
       31       98        2     0.2586918385E-02
       32      650       11     0.2346441312E-03
       33      758       13     0.6903573919E-06
       34      760       13     0.1389388824E-05
       35      762       13     0.1830672231E-05
       36      766       13     0.2308963792E-05
       37      770       13     0.2739374225E-05
       38      770       13     0.3068419048E-05
       39      774       13     0.3427555594E-05
       40      778       13     0.3727517577E-05
       41      780       13     0.3874281750E-05
       42      784       13     0.4067123288E-05
       33        8        1     0.2359209229E-04
       19        4        0     0.5670517018E-05
       20       18        2     0.3297840657E-04
       21       20        2     0.6217419310E-04
       22       26        2     0.9120181220E-04
       23       30        2     0.1180220110E-03
       24       34        2     0.1448162799E-03
       25       38        2     0.1676410154E-03
       26       42        2     0.1868345987E-03
       27       42        2     0.2079821555E-03
       28       46        2     0.2260043511E-03
       29       46        2     0.2432680196E-03
       30       50        2     0.2614709056E-03
       31       52        2     0.2779271279E-03
       32       54        2     0.2965195927E-03
       33       58        2     0.3181330787E-03
       34       84        3     0.4585385944E-03
       35       88        3     0.5485628005E-03
       36       92        3     0.6193194321E-03
       37       94        3     0.6843004064E-03
       38       96        3     0.7421405699E-03
       39       98        3     0.8015112901E-03
       40      102        3     0.8569371657E-03
       41      104        3     0.9149836214E-03
       42      108        3     0.9785142180E-03
       43      900       16     0.5776801808E-04
       44     1016       19     0.6681424603E-07
       45     1020       19     0.1578103844E-06
       46     1024       19     0.2369752418E-06
       47     1024       19     0.3095683531E-06
       48     1028       19     0.3727653492E-06
       49     1032       19     0.4318368840E-06
       20       14        2     0.4770525665E-07
       21       18        2     0.9746089214E-09
       22       28        2     0.2048378203E-07
       23       32        2     0.1950919826E-06
       24       38        2     0.1849170805E-05
       25       42        2     0.5174607013E-05
       26       44        2     0.8416713510E-05
       27       46        2     0.1255569471E-04
       28       48        2     0.1961454621E-04
       29       48        2     0.2626723300E-04
       30       52        2     0.3194751057E-04
       31       54        2     0.4067049077E-04
       32       56        2     0.4920977917E-04
       33       58        2     0.5925477405E-04
       34       62        2     0.7056642423E-04
       35       62        2     0.7851524372E-04
       36       66        2     0.8870991858E-04
       37       68        2     0.9728806789E-04
       38       70        2     0.1050995253E-03
       39       76        2     0.1033587314E-03
       40       96        4     0.5631242907E-04
       41      100        4     0.4254075392E-04
       42      102        4     0.3415775158E-04
       43      106        4     0.2926333730E-04
       44      106        4     0.2589572304E-04
       45      110        4     0.2389954703E-04
       46      110        4     0.2272458878E-04
       47      114        4     0.2189138449E-04
       48      116        4     0.2198781573E-04
       40        2        0     0.2348510534E-06
       41       10        1     0.8433902463E-05
       42       16        1     0.2150437835E-04
       18        8        1     0.1335067506E-05
       19       20        1     0.7408344884E-05
       20       28        1     0.1557951561E-04
       21       36        1     0.2631719289E-04
       22       40        1     0.3918347073E-04
       23       44        1     0.4917765877E-04
       24       48        1     0.6599589590E-04
       25       50        1     0.8233949873E-04
       26       54        1     0.9435094873E-04
       27       54        1     0.1162174006E-03
       28       58        1     0.1356554990E-03
       29       60        1     0.1603349339E-03
       30       60        1     0.1836234716E-03
       31       64        1     0.2023449782E-03
       32       64        1     0.2198050112E-03
       33       66        1     0.2482565569E-03
       34       68        1     0.2677800402E-03
       35       70        1     0.2877212406E-03
       36       70        1     0.3104875596E-03
       37       72        1     0.3199014158E-03
       38       74        1     0.3399400102E-03
       39       76        1     0.3583978115E-03
       40       76        1     0.3716091966E-03
       41       80        1     0.3803615323E-03
       42       82        1     0.3847944521E-03
       43      106        2     0.2884895050E-03
       44      110        2     0.2734348147E-03
       45      110        2     0.2622923901E-03
       46      114        2     0.2559649926E-03
       40        4        1     0.1093639316E-05
       41       12        1     0.9934438777E-05
       42       16        1     0.1858560635E-04
       43       18        1     0.2655790587E-04
       44       20        1     0.3213819559E-04
       45       24        1     0.4345147009E-04
       18       12        1     0.1333792354E-05
       19       22        1     0.3796315353E-05
       20       30        1     0.7622235065E-05
       21       38        1     0.1216058073E-04
       22       44        1     0.1523529769E-04
       23       46        1     0.1593292021E-04
       24       50        1     0.2024820214E-04
       25       52        1     0.2196897198E-04
       26       56        1     0.2514814126E-04
       27       56        1     0.2910891383E-04
       28       60        1     0.3209852275E-04
       29       62        1     0.3543373748E-04
       30       62        1     0.4129250408E-04
       31       66        1     0.4459244139E-04
       32       66        1     0.4963460050E-04
       33       66        1     0.5337239315E-04
       34       70        1     0.5931528275E-04
       35       70        1     0.6402783582E-04
       36       70        1     0.6804993005E-04
       37       74        1     0.7346581486E-04
       38       74        1     0.7750255988E-04
       39       74        1     0.8120739828E-04
       40       78        1     0.8714615179E-04
       41       78        1     0.9177547633E-04
       42       80        1     0.9435799081E-04
       43       84        1     0.9789713595E-04
       40        2        0     0.8646481652E-06
       41       10        1     0.1370869496E-04
       42       16        1     0.2331269275E-04
       43       20        1     0.3035523623E-04
       44      110        2     0.1233446132E-03
       45      114        2     0.1343378567E-03
       46      144        3     0.1935505582E-03
       47      268        5     0.4818694875E-07
       20       14        2     0.5582619779E-06
       21       20        2     0.3201658748E-05
       22       28        2     0.6627316754E-05
       23       36        2     0.1067289892E-04
       24       40        2     0.1484823917E-04
       25       42        2     0.2260660760E-04
       26       46        2     0.2767347804E-04
       27       46        2     0.3544225875E-04
       28       50        2     0.4252433053E-04
       29       50        2     0.5065112865E-04
       30       54        2     0.5917371778E-04
       31       56        2     0.6934949973E-04
       32       56        2     0.8060439189E-04
       33       60        2     0.8803685265E-04
       34       62        2     0.1001943447E-03
       35       64        2     0.1103840827E-03
       36       66        2     0.1227315412E-03
       37       68        2     0.1281825249E-03
       38       70        2     0.1435598300E-03
       39       72        2     0.1500588349E-03
       40       78        2     0.1534823746E-03
       40       10        1     0.3366606048E-06
       41      100        3     0.1346517205E-03
       42      104        3     0.1354966010E-03
       43      104        3     0.1349298635E-03
       44      108        3     0.1366045477E-03
       45      108        3     0.1378788948E-03
       46      112        3     0.1450818061E-03
       47      116        3     0.1504199350E-03
       48      390        8     0.5259655780E-04
       49      516       12     0.2032808329E-04
       20       12        2     0.3982978532E-05
       21       18        2     0.9840502905E-05
       22       22        2     0.1653987550E-04
       23       28        2     0.2573604299E-04
       24       34        2     0.3455194101E-04
       25       36        2     0.4073164733E-04
       26       40        2     0.4938701299E-04
       27       42        2     0.5675652018E-04
       28       44        2     0.5932166051E-04
       29       48        2     0.6681506968E-04
       30       48        2     0.7237190553E-04
       31       52        2     0.7713315289E-04
       32       52        2     0.8038423537E-04
       33       56        2     0.8807510752E-04
       34       60        2     0.9443069070E-04
       35       84        3     0.1462158984E-03
       36       90        3     0.1922819436E-03
       37       92        3     0.2297447154E-03
       38       94        3     0.2607301525E-03
       39       96        3     0.2924537372E-03
       40      100        3     0.3212323251E-03
       41      102        3     0.3520216245E-03
       42      104        3     0.3793605495E-03
       43      108        3     0.4071488463E-03
       44      108        3     0.4424460461E-03
       16        4        1     0.3740876425E-05
       17       10        1     0.3456886829E-04
       18       22        1     0.1089132982E-03
       19       26        1     0.1829702038E-03
       20       30        1     0.2703890548E-03
       21       34        1     0.3474143608E-03
       22       36        1     0.4290093767E-03
       23       40        1     0.5104626333E-03
       24       42        1     0.5835937358E-03
       25       46        1     0.6565272671E-03
       26       46        1     0.7186752012E-03
       27       52        1     0.7992240807E-03
       26        8        1     0.5919678219E-04
       27       18        1     0.2029550467E-03
       28       84        2     0.1214209281E-02
       29       86        2     0.1415204267E-02
       30       88        2     0.1591297329E-02
       31       90        2     0.1786031632E-02
       32       94        2     0.1963066951E-02
       33       96        2     0.2145009367E-02
       11       10        1     0.5688892940E-04
       12       22        1     0.1648090694E-03
       13       28        1     0.3255906128E-03
       14       34        1     0.4776065019E-03
       15       36        1     0.6160570431E-03
       16       38        1     0.7547482936E-03
       17       42        1     0.8870333067E-03
       18       44        1     0.1002260024E-02
       19       48        1     0.1155659934E-02
       20       52        1     0.1286134773E-02
       21       54        1     0.1415164234E-02
       17        6        1     0.2374325736E-04
       18       10        1     0.1078936818E-03
       19       18        1     0.2124719515E-03
       20       24        1     0.3123672474E-03
       21       28        1     0.4116724797E-03
       22       92        2     0.2099237013E-02
        5       14        1     0.8536715674E-04
        6       22        1     0.1619807230E-03
        7       26        1     0.2451678662E-03
        8       34        1     0.3215182759E-03
        9       40        1     0.4027377907E-03
       10       42        1     0.4762238649E-03
       11       46        1     0.5612696704E-03
       12       50        1     0.6444396497E-03
       13       52        1     0.7418109541E-03
       14       56        1     0.8380487384E-03
       15       60        1     0.9484160125E-03
       16       62        1     0.1053931982E-02
       17       66        1     0.1161369483E-02
       18       68        1     0.1273454392E-02
       13        4        1     0.1683250835E-04
       14       12        1     0.1184539327E-03
       15       18        1     0.2184870611E-03
       16       22        1     0.3135032504E-03
       17       26        1     0.4106629529E-03
        1        8        1     0.3096566140E-06
        2       14        1     0.4406380203E-06
        3       18        1     0.3110345236E-06
        4       26        1     0.4794655439E-06
        5       30        1     0.5145827402E-06
        6       36        1     0.2795490201E-06
        7       40        1     0.4953098959E-08
        8       44        1     0.1340021125E-06
        9       50        1     0.5714710796E-07
       10       54        1     0.1044364620E-06
       11       58        1     0.1201796538E-06
       12       62        1     0.2353560009E-06
       13       64        1     0.3574844586E-06
       14       68        1     0.3396876644E-06
       15       70        1     0.4117027928E-06
       16       74        1     0.5135931956E-06
       11        4        1     0.6734213951E-05
       12       10        1     0.3551240475E-04
       13       14        1     0.5971606332E-04
       14       18        1     0.8635734738E-04
       15       22        1     0.1087995584E-03
       16       26        1     0.1309234434E-03
       17      110        2     0.3749826125E-04
        3       12        1     0.4107272657E-04
        4       18        1     0.1027844601E-03
        5       24        1     0.1641898646E-03
        6       30        1     0.2261152429E-03
        7       34        1     0.2981165373E-03
        8       42        1     0.3606635845E-03
        9       46        1     0.4234654589E-03
       10       50        1     0.4863263093E-03
       11       52        1     0.5631987946E-03
       12       56        1     0.6300716203E-03
       13       60        1     0.7152273725E-03
       14       62        1     0.7956093478E-03
       15       66        1     0.8895130743E-03
       16       70        1     0.9794038965E-03
       17       74        1     0.1072910215E-02
       18      226        4     0.3775745507E-03
       19      304        5     0.3627587152E-05
       20      308        5     0.6689708089E-05
       16        8        1     0.5254708776E-06
       17       14        1     0.2873309707E-05
       18       18        1     0.5234453647E-05
       19       22        1     0.7531793371E-05
       20       28        1     0.9736497237E-05
        9       12        1     0.1028882835E-03
       10       26        1     0.2943835517E-03
       11       32        1     0.5064686831E-03
       12       36        1     0.6802083865E-03
       13       38        1     0.8488235947E-03
       14       40        1     0.1012993202E-02
       15       44        1     0.1174264579E-02
       16       46        1     0.1323811755E-02
       17       48        1     0.1502188460E-02
       18       52        1     0.1671097267E-02
       19       56        1     0.1866139945E-02
       20       60        1     0.2046855849E-02
       21      412        7     0.2571414434E-03
       22      416        7     0.2705870962E-03
       23      520        9     0.9384602537E-05
       24      522        9     0.1712173424E-04
       25      526        9     0.2476918913E-04
       26      528        9     0.3049588152E-04
       27      532        9     0.3838951209E-04
       28      534        9     0.4489728056E-04
       29      538        9     0.4712367410E-04
       24       12        1     0.8492264317E-04
       25       18        1     0.2112607574E-03
       15       10        1     0.6970210499E-04
       16       22        1     0.2025495607E-03
       17       28        1     0.3371180114E-03
       18       32        1     0.4585780048E-03
       19       36        1     0.5764725938E-03
       20       36        1     0.6837978628E-03
       21       40        1     0.8061569488E-03
       22       44        1     0.9198746221E-03
       23       44        1     0.1031641309E-02
       24       48        1     0.1151973454E-02
       25       50        1     0.1261047286E-02
       26       84        2     0.1748773748E-02
       27       86        2     0.1994571636E-02
       28       90        2     0.2214326894E-02
       29       94        2     0.2442161568E-02
       30      642       11     0.1065857251E-03
       31      646       11     0.1250091432E-03
       32      650       11     0.1394274780E-03
       33      654       11     0.1494806494E-03
       34      760       13     0.9318314063E-05
       35      764       13     0.1407986821E-04
       36      766       13     0.1751717318E-04
       37      768       13     0.2163752047E-04
       38      772       13     0.2392041233E-04
       39      774       13     0.2606892698E-04
       40      778       13     0.2871467399E-04
       41      782       13     0.3018700263E-04
       19        8        1     0.1606763948E-04
       20       20        2     0.5267457577E-04
       21       22        2     0.8605730238E-04
       22       26        2     0.1175055241E-03
       23       34        2     0.1481531274E-03
       24       36        2     0.1755994202E-03
       25       38        2     0.1982097563E-03
       26       42        2     0.2230390664E-03
       27       44        2     0.2432854811E-03
       28       46        2     0.2632049001E-03
       29       48        2     0.2889262738E-03
       30       50        2     0.3068371801E-03
       31       52        2     0.3306380676E-03
       32       56        2     0.3571962351E-03
       33       84        3     0.4989105063E-03
       34       86        3     0.6269257552E-03
       35       90        3     0.7215697087E-03
       36       94        3     0.8037030069E-03
       37       94        3     0.8792697196E-03
       38       98        3     0.9503873716E-03
       39      100        3     0.1025275984E-02
       40      104        3     0.1092523096E-02
       41      106        3     0.1173885642E-02
       42      894       16     0.2600229352E-04
       43      898       16     0.2807999496E-04
       44      900       16     0.2968445220E-04
       45     1020       19     0.9319323260E-06
       46     1024       19     0.1516727810E-05
       47     1024       19     0.2012216580E-05
       48     1028       19     0.2434623635E-05
       49     1032       19     0.2808684438E-05
       20       12        2     0.1096442895E-06
       21       18        2     0.1333098830E-07
       22       26        2     0.1299225217E-07
       23       30        2     0.6831776663E-06
       24       36        2     0.3033745659E-05
       25       40        2     0.6025694856E-05
       26       42        2     0.1225482458E-04
       27       46        2     0.1780620023E-04
       28       46        2     0.2348345930E-04
       29       50        2     0.3354929607E-04
       30       50        2     0.3950879259E-04
       31       52        2     0.4957283664E-04
       32       56        2     0.6062424641E-04
       33       56        2     0.7152716411E-04
       34       60        2     0.8043918305E-04
       35       62        2     0.9410738480E-04
       36       64        2     0.1034005100E-03
       37       68        2     0.1106290083E-03
       38       74        2     0.1112412727E-03
       39       94        4     0.6554997188E-04
       40       98        4     0.4218467717E-04
       41      100        4     0.2982739993E-04
       42      102        4     0.2385256851E-04
       43      104        4     0.1978757931E-04
       44      106        4     0.1758202893E-04
       45      108        4     0.1370820801E-04
       46      112        4     0.1297831526E-04
       47      112        4     0.1146972829E-04
       48      116        4     0.1005722345E-04
       40        4        1     0.5723634077E-05
       41       14        1     0.2910509023E-04
       19       20        1     0.1213704440E-04
       20       26        1     0.2396401010E-04
       21       34        1     0.4000662678E-04
       22       40        1     0.6161322662E-04
       23       44        1     0.8092935138E-04
       24       46        1     0.9740103932E-04
       25       50        1     0.1260412185E-03
       26       52        1     0.1497240998E-03
       27       54        1     0.1763676192E-03
       28       56        1     0.2083042929E-03
       29       58        1     0.2416150447E-03
       30       62        1     0.2793402410E-03
       31       62        1     0.3094264402E-03
       32       64        1     0.3446973517E-03
       33       64        1     0.3735765576E-03
       34       68        1     0.4114813046E-03
       35       68        1     0.4437186572E-03
       36       72        1     0.4726776646E-03
       37       72        1     0.4946691458E-03
       38       72        1     0.5169775040E-03
       39       76        1     0.5433745196E-03
       40       76        1     0.5684904470E-03
       41       78        1     0.5740445465E-03
       42      104        2     0.4574297036E-03
       43      106        2     0.4157623717E-03
       44      110        2     0.3913276694E-03
       45      110        2     0.3770317202E-03
       46      114        2     0.3644464839E-03
       47      118        2     0.3550702536E-03
       40        8        1     0.1066915211E-04
       41       12        1     0.3076855361E-04
       42       16        1     0.5053512540E-04
       43       18        1     0.6785636335E-04
       44       22        1     0.9107904111E-04
       18       14        1     0.2646280870E-06
       19       24        1     0.1604620468E-05
       20       32        1     0.3893149324E-05
       21       38        1     0.6191359365E-05
       22       42        1     0.7974343602E-05
       23       46        1     0.8879033481E-05
       24       50        1     0.9471511850E-05
       25       52        1     0.8460294543E-05
       26       56        1     0.1002702561E-04
       27       58        1     0.1074303295E-04
       28       58        1     0.1178439842E-04
       29       62        1     0.1265661311E-04
       30       62        1     0.1368556556E-04
       31       66        1     0.1527754525E-04
       32       66        1     0.1617904377E-04
       33       68        1     0.1847616514E-04
       34       70        1     0.2059036985E-04
       35       70        1     0.2160894079E-04
       36       72        1     0.2365046919E-04
       37       74        1     0.2542163366E-04
       38       74        1     0.2654506107E-04
       39       76        1     0.2963260275E-04
       40       78        1     0.3202448247E-04
       41       78        1     0.3360878749E-04
       42       82        1     0.3614687035E-04
       43       82        1     0.3809857394E-04
       40        6        1     0.1552261995E-04
       41       10        1     0.3722219586E-04
       42       16        1     0.6656415035E-04
       43       22        1     0.8753668671E-04
       44      112        2     0.8199202713E-04
       45      142        3     0.1568942181E-03
       46      146        3     0.1884108879E-03
       47      150        3     0.2139801853E-03
       20       16        2     0.4486635618E-05
       21       20        2     0.1155025086E-04
       22       30        2     0.2197848847E-04
       23       38        2     0.3226986629E-04
       24       42        2     0.4244882589E-04
       25       42        2     0.5234262246E-04
       26       46        2     0.6311406299E-04
       27       48        2     0.7427901270E-04
       28       50        2     0.8680454648E-04
       29       52        2     0.9932811001E-04
       30       54        2     0.1091711247E-03
       31       56        2     0.1265914250E-03
       32       58        2     0.1419673526E-03
       33       60        2     0.1504653989E-03
       34       62        2     0.1699398255E-03
       35       66        2     0.1852619799E-03
       36       66        2     0.1977102424E-03
       37       70        2     0.2175619030E-03
       38       70        2     0.2285321841E-03
       39       74        2     0.2426661910E-03
       40       76        2     0.2489318827E-03
       40       10        1     0.3975705841E-05
       41      102        3     0.2571552211E-03
       42      104        3     0.2605086415E-03
       43      106        3     0.2686519615E-03
       44      108        3     0.2736046658E-03
       45      110        3     0.2857010136E-03
       46      114        3     0.2944743803E-03
       47      118        3     0.3052518879E-03
       48      390        8     0.7767198804E-04
       49      518       12     0.4672218292E-04
       20       12        2     0.6554061217E-06
       21       16        2     0.1004780812E-05
       22       22        2     0.2610548467E-05
       23       28        2     0.4258045710E-05
       24       32        2     0.5809642267E-05
       25       36        2     0.7093860106E-05
       26       40        2     0.8925010157E-05
       27       42        2     0.9810035828E-05
       28       44        2     0.1055659420E-04
       29       46        2     0.1063263014E-04
       30       48        2     0.1342188404E-04
       31       50        2     0.1306039792E-04
       32       52        2     0.1455922088E-04
       33       56        2     0.1584382956E-04
       34       58        2     0.1653434608E-04
       35       62        2     0.1870333266E-04
       35       16        1     0.3110660607E-04
       36       88        3     0.5608853038E-04
       37       92        3     0.7885121527E-04
       38       94        3     0.9712512998E-04
       39       96        3     0.1145776960E-03
       40       98        3     0.1330396135E-03
       41      102        3     0.1500769988E-03
       42      102        3     0.1675246559E-03
       43      106        3     0.1846661145E-03
       44      108        3     0.2022332780E-03
       45      110        3     0.2215578679E-03
       17        8        1     0.1299322609E-04
       18       18        2     0.3854629427E-04
       19       24        2     0.8151544277E-04
       20       28        2     0.1252037708E-03
       21       32        2     0.1762957645E-03
       22       36        2     0.2213581329E-03
       23       36        2     0.2649206212E-03
       24       40        2     0.3140336271E-03
       25       44        2     0.3591640032E-03
       26       46        2     0.4018901428E-03
       27       50        2     0.4504587400E-03
       28       52        2     0.4998192595E-03
       27        8        1     0.9057119269E-04
       28       20        1     0.2900409967E-03
       29       84        3     0.9568886296E-03
       30       84        3     0.1150496864E-02
       31       88        3     0.1334409068E-02
       32       90        3     0.1520009298E-02
       33       94        3     0.1691941857E-02
       34       98        3     0.1865618787E-02
       35      100        3     0.2051564043E-02
       12       12        1     0.6892746535E-04
       13       24        1     0.1743445003E-03
       14       30        1     0.2977795206E-03
       15       34        1     0.4088091134E-03
       16       38        1     0.5238228898E-03
       17       40        1     0.6320195507E-03
       18       42        1     0.7378385119E-03
       19       44        1     0.8383686771E-03
       20       48        1     0.9679904794E-03
       21       52        1     0.1083340535E-02
       18        6        1     0.5411885075E-04
       19       12        1     0.1900291552E-03
       20       20        1     0.3434907898E-03
       21       24        1     0.4956386638E-03
       22       88        2     0.1837981733E-02
       23       92        2     0.2130424079E-02
        5        6        1     0.2699613347E-04
        6       18        1     0.1209822472E-03
        7       24        1     0.2046437973E-03
        8       32        1     0.2804203810E-03
        9       36        1     0.3353735340E-03
       10       40        1     0.4211200972E-03
       11       44        1     0.4986397623E-03
       12       48        1     0.5895923225E-03
       13       50        1     0.6765580242E-03
       14       54        1     0.7774808303E-03
       15       56        1     0.8776391582E-03
       16       60        1     0.9903850909E-03
       17       64        1     0.1099063730E-02
       18       68        1     0.1203649810E-02
       14        6        1     0.3285151473E-04
       15       12        1     0.1332454122E-03
       16       18        1     0.2398543835E-03
       17       22        1     0.3408257097E-03
       18       28        1     0.4407359863E-03
        1        6        1     0.8592673757E-06
        2       14        1     0.1790126212E-05
        3       18        1     0.2125518769E-05
        4       24        1     0.2591711908E-05
        5       30        1     0.3123557100E-05
        6       36        1     0.2054169057E-05
        7       42        1     0.1443645167E-05
        8       46        1     0.7449041664E-06
        9       50        1     0.6332704519E-06
       10       56        1     0.5892887841E-06
       11       60        1     0.7054033564E-06
       12       60        1     0.5510007576E-06
       13       64        1     0.7364539555E-06
       14       68        1     0.5661587556E-06
       15       70        1     0.3939414239E-06
       16       74        1     0.6524985289E-06
       11        6        1     0.6427071668E-05
       12       12        1     0.1997126285E-04
       13       16        1     0.3123927731E-04
       14       20        1     0.4144130530E-04
       15       24        1     0.5038978426E-04
       16       26        1     0.5823610563E-04
       17      112        2     0.8614663184E-05
        2        4        1     0.6001244864E-05
        3       16        1     0.5050214285E-04
        4       22        1     0.9645629502E-04
        5       28        1     0.1360407730E-03
        6       32        1     0.1794153199E-03
        7       38        1     0.2294082610E-03
        8       44        1     0.2785364046E-03
        9       48        1     0.3230104355E-03
       10       52        1     0.3725594933E-03
       11       54        1     0.4220809284E-03
       12       58        1     0.4761158688E-03
       13       62        1     0.5315906804E-03
       14       64        1     0.5991445200E-03
       15       68        1     0.6600376047E-03
       16       72        1     0.7221789067E-03
       17       74        1     0.7851382385E-03
       18      192        3     0.4548858891E-03
       19      302        5     0.2841656311E-04
       16        8        1     0.2926964660E-06
       17       14        1     0.5408343141E-06
       18       18        1     0.9148052543E-06
       19       22        1     0.1530424683E-05
        8       10        1     0.5808122740E-04
        9       20        1     0.2133240776E-03
       10       30        1     0.4010120678E-03
       11       34        1     0.5498929648E-03
       12       38        1     0.7012792708E-03
       13       40        1     0.8440368700E-03
       14       42        1     0.9802123099E-03
       15       46        1     0.1137343140E-02
       16       48        1     0.1284680761E-02
       17       50        1     0.1437310738E-02
       18       54        1     0.1623096457E-02
       19       58        1     0.1789998383E-02
       20      406        7     0.1401461739E-03
       21      412        7     0.1445135981E-03
       22      416        7     0.1499213308E-03
       23      420        7     0.1510119399E-03
       24      522        9     0.5037851896E-04
       25      524        9     0.6919989648E-04
       26      528        9     0.9001465115E-04
       27      532        9     0.1067853478E-03
       28      536        9     0.1233527973E-03
       23       12        1     0.1041839715E-03
       24       18        1     0.2862759737E-03
       25       24        1     0.4500040861E-03
       14       10        1     0.3989793016E-04
       15       20        1     0.1331238504E-03
       16       28        1     0.2460760325E-03
       17       32        1     0.3470902179E-03
       18       34        1     0.4414067000E-03
       19       36        1     0.5434324288E-03
       20       40        1     0.6450313760E-03
       21       42        1     0.7347364947E-03
       22       44        1     0.8445699424E-03
       23       48        1     0.9508715679E-03
       24       50        1     0.1054371177E-02
       25       56        1     0.1186996891E-02
       26       86        2     0.1917987886E-02
       27       90        2     0.2173965609E-02
       28       94        2     0.2428947517E-02
       29      640       11     0.4067093848E-04
       30      642       11     0.4963732788E-04
       31      646       11     0.5548837781E-04
       32      650       11     0.6112132306E-04
       33      650       11     0.6641555986E-04
       34      654       11     0.7038187939E-04
       35      660       11     0.7269851576E-04
       36      766       14     0.4392419588E-04
       37      770       14     0.5145969190E-04
       38      772       14     0.5854528572E-04
       39      776       14     0.6418083449E-04
       40      780       14     0.6872052148E-04
       32       16        1     0.1444268485E-03
       18        4        1     0.4840435020E-05
       19       16        2     0.2976054205E-04
       20       20        2     0.6090255875E-04
       21       26        2     0.9055434999E-04
       22       30        2     0.1192195820E-03
       23       34        2     0.1460826085E-03
       24       36        2     0.1704112509E-03
       25       40        2     0.1936466344E-03
       26       42        2     0.2135757240E-03
       27       44        2     0.2348696540E-03
       28       46        2     0.2507984831E-03
       29       48        2     0.2819974822E-03
       30       52        2     0.3036039175E-03
       31       54        2     0.3315850369E-03
       32       58        2     0.3658592709E-03
       33       86        3     0.6335633794E-03
       34       88        3     0.7518813262E-03
       35       90        3     0.8467001954E-03
       36       92        3     0.9518781085E-03
       37       96        3     0.1033773142E-02
       38      100        3     0.1120815524E-02
       39      102        3     0.1209366655E-02
       40      106        3     0.1301702815E-02
       41      890       17     0.8020608001E-05
       42      894       17     0.9117975512E-05
       43      898       17     0.9948184212E-05
       44      898       17     0.1013660087E-04
       45      902       17     0.1026263249E-04
       46     1024       20     0.2153343062E-05
       47     1024       20     0.3105772131E-05
       48     1028       20     0.3816735323E-05
       20       12        2     0.1862323860E-07
       21       18        2     0.2212289343E-06
       22       26        2     0.8728596281E-06
       23       30        2     0.3159520604E-05
       24       34        2     0.6075630653E-05
       25       40        2     0.1173267711E-04
       26       40        2     0.1628679064E-04
       27       44        2     0.2583080005E-04
       28       46        2     0.3421125436E-04
       29       48        2     0.3977013096E-04
       30       50        2     0.5165689658E-04
       31       54        2     0.6123261734E-04
       32       54        2     0.7041089655E-04
       33       56        2     0.8575825924E-04
       34       60        2     0.9141171491E-04
       35       62        2     0.1018225811E-03
       36       66        2     0.1145353418E-03
       37       68        2     0.1180980845E-03
       38       90        3     0.7677540779E-04
       39       94        3     0.4216688322E-04
       40       96        3     0.3348658375E-04
       41      100        3     0.2317943133E-04
       42      102        3     0.1764684637E-04
       43      104        3     0.1533170012E-04
       44      106        3     0.1190148810E-04
       45      108        3     0.1022877739E-04
       46      110        3     0.7982264550E-05
       47      114        3     0.7162398494E-05
       48      116        3     0.5700872634E-05
       49     1156       23     0.6584561002E-05
       40        8        1     0.1251063623E-04
       41       16        1     0.3268909274E-04
       19       18        1     0.1493349878E-04
       20       24        1     0.3170160592E-04
       21       30        1     0.5450627924E-04
       22       38        1     0.8244251231E-04
       23       42        1     0.1127488972E-03
       24       46        1     0.1402986640E-03
       25       48        1     0.1630400773E-03
       26       50        1     0.2013603830E-03
       27       52        1     0.2345774117E-03
       28       56        1     0.2683290304E-03
       29       56        1     0.3104857012E-03
       30       60        1     0.3514843365E-03
       31       62        1     0.3959720047E-03
       32       62        1     0.4377181568E-03
       33       66        1     0.4812030131E-03
       34       66        1     0.5149045816E-03
       35       68        1     0.5650446323E-03
       36       70        1     0.5977538832E-03
       37       72        1     0.6306258467E-03
       38       72        1     0.6639587177E-03
       39       74        1     0.6854910808E-03
       40       78        1     0.7134827771E-03
       41       80        1     0.7295455446E-03
       42      106        2     0.5775685347E-03
       43      106        2     0.5530699426E-03
       44      108        2     0.5274875219E-03
       45      112        2     0.5157822318E-03
       46      112        2     0.5041487296E-03
       47      116        2     0.4920479185E-03
       40       10        1     0.1825202832E-04
       41       14        1     0.3572714717E-04
       42       18        1     0.5245914548E-04
       43       22        1     0.6906654593E-04
       44       24        1     0.8978203646E-04
       18       14        1     0.7324271663E-09
       19       24        1     0.4236323631E-06
       20       32        1     0.1216729893E-05
       21       38        1     0.2034065163E-05
       22       42        1     0.2595813357E-05
       23       46        1     0.2962236972E-05
       24       50        1     0.2987231682E-05
       25       54        1     0.2873811172E-05
       26       54        1     0.2750871149E-05
       27       58        1     0.2736136072E-05
       28       60        1     0.3208969100E-05
       29       62        1     0.3180265713E-05
       30       64        1     0.3390882992E-05
       31       66        1     0.3772044214E-05
       32       66        1     0.3665865983E-05
       33       68        1     0.4743836093E-05
       34       70        1     0.5276367766E-05
       35       70        1     0.5229313968E-05
       36       72        1     0.5970653564E-05
       37       72        1     0.6429160630E-05
       38       74        1     0.6560611307E-05
       39       76        1     0.8071933421E-05
       40       78        1     0.8731575260E-05
       41       80        1     0.9353876166E-05
       42       82        1     0.1030188880E-04
       43       82        1     0.1084502617E-04
       39        2        0     0.7089041643E-06
       40       10        1     0.1994968356E-04
       41       14        1     0.4110576787E-04
       42       18        1     0.6246809248E-04
       43       22        1     0.8147959083E-04
       44      112        2     0.4038603231E-04
       45      144        3     0.1012395814E-03
       46      146        3     0.1196251780E-03
       20       16        2     0.1230396063E-04
       21       24        2     0.2881781455E-04
       22       32        2     0.4863710212E-04
       23       38        2     0.6565644478E-04
       24       42        2     0.8528367342E-04
       25       44        2     0.1025192771E-03
       26       46        2     0.1164748766E-03
       27       48        2     0.1402712315E-03
       28       52        2     0.1570167412E-03
       29       52        2     0.1749600646E-03
       30       56        2     0.1983432155E-03
       31       58        2     0.2187061953E-03
       32       58        2     0.2394436425E-03
       33       62        2     0.2638983574E-03
       34       64        2     0.2860258027E-03
       35       66        2     0.3074271036E-03
       36       68        2     0.3336238226E-03
       37       68        2     0.3571433320E-03
       38       72        2     0.3753207510E-03
       39       74        2     0.3918573469E-03
       40       78        2     0.4126018525E-03
       39        2        1     0.1513363938E-06
       40       12        1     0.4681401409E-05
       41      102        3     0.4229136144E-03
       42      104        3     0.4321746532E-03
       43      106        3     0.4423741516E-03
       44      110        3     0.4535415487E-03
       45      110        3     0.4660597091E-03
       46      114        3     0.4771588320E-03
       47      268        6     0.5550201381E-03
       48      390        8     0.5896524775E-04
       49      396        8     0.6823623417E-04
       20       12        2     0.1188255627E-07
       21       16        2     0.1167866559E-06
       22       22        2     0.7119074662E-07
       23       28        2     0.1506579386E-06
       24       32        2     0.2468460025E-06
       25       36        2     0.3583886179E-06
       26       40        2     0.4056395045E-06
       27       42        2     0.6545984650E-06
       28       44        2     0.7543836745E-06
       29       46        2     0.1121860892E-05
       30       48        2     0.8367628632E-06
       31       50        2     0.1385099206E-05
       32       54        2     0.1501397805E-05
       33       54        2     0.1691602542E-05
       34       58        2     0.1720625747E-05
       35       62        2     0.1693121841E-05
       36       86        3     0.1275410135E-05
       37       90        3     0.7108763005E-05
       38       92        3     0.1404329379E-04
       39       96        3     0.2219245920E-04
       40       96        3     0.2986603127E-04
       41      100        3     0.3617649668E-04
       42      102        3     0.4525949776E-04
       43      104        3     0.5293014823E-04
       44      108        3     0.6064069810E-04
       45      110        3     0.6760413924E-04
       46      112        3     0.7845544616E-04
       17        4        1     0.4483855649E-05
       18       12        1     0.1809820957E-04
       19       22        1     0.3882477640E-04
       20       26        1     0.6254313205E-04
       21       30        1     0.9193156635E-04
       22       34        1     0.1186305525E-03
       23       36        1     0.1448912941E-03
       24       40        1     0.1713491530E-03
       25       42        1     0.1979322506E-03
       26       46        1     0.2252943289E-03
       27       48        1     0.2517038627E-03
       28       52        1     0.2893203683E-03
       29       54        1     0.3326612269E-03
       28        8        1     0.8811333324E-04
       29       20        1     0.3407084471E-03
       30       82        2     0.7548668267E-03
       31       86        2     0.9432636634E-03
       32       88        2     0.1107744364E-02
       33       92        2     0.1272884797E-02
       34       94        2     0.1425499468E-02
       35       96        2     0.1572441220E-02
       36      102        2     0.1742850152E-02
       12        8        1     0.2455592158E-04
       13       18        1     0.9110762089E-04
       14       26        1     0.1777080667E-03
       15       32        1     0.2737781856E-03
       16       34        1     0.3583741660E-03
       17       38        1     0.4550719095E-03
       18       40        1     0.5434201056E-03
       19       44        1     0.6371338137E-03
       20       44        1     0.7180888521E-03
       21       48        1     0.8305109801E-03
       22       54        1     0.9412439733E-03
       19        6        1     0.6925608622E-04
       20       12        1     0.2448623654E-03
       21       20        1     0.4376710484E-03
       22       26        1     0.6392117168E-03
       23       88        2     0.1819921958E-02
       24       92        2     0.2120269541E-02
        6       16        2     0.7416044023E-04
        7       20        2     0.1614898306E-03
        8       28        2     0.2461723758E-03
        9       36        2     0.3105966434E-03
       10       38        2     0.3726047423E-03
       11       42        2     0.4676493206E-03
       12       44        2     0.5512695836E-03
       13       48        2     0.6513997684E-03
       14       52        2     0.7466450911E-03
       15       54        2     0.8559814933E-03
       16       58        2     0.9635636766E-03
       17       60        2     0.1082167689E-02
       18       64        2     0.1198668106E-02
       19       68        2     0.1304209410E-02
       15        8        1     0.3868014388E-04
       16       16        1     0.1209028244E-03
       17       20        1     0.1970272644E-03
       18       24        1     0.2755575787E-03
        1        4        1     0.1354694764E-05
        2       14        1     0.5193576151E-05
        3       18        1     0.7828423762E-05
        4       24        1     0.1039544923E-04
        5       30        1     0.1076909614E-04
        6       38        1     0.1100855849E-04
        7       42        1     0.1102935108E-04
        8       46        1     0.1188538028E-04
        9       50        1     0.1226387305E-04
       10       54        1     0.1321134989E-04
       11       58        1     0.1429884344E-04
       12       62        1     0.1538231133E-04
       13       64        1     0.1784456470E-04
       14       66        1     0.1760364127E-04
       15       70        1     0.1886678605E-04
       16       74        1     0.2050093803E-04
       11        8        1     0.3182492684E-05
       12       12        1     0.6150433517E-05
       13       16        1     0.9492761096E-05
       14       20        1     0.1193465636E-04
       15       24        1     0.1468196353E-04
       16       28        1     0.1625785588E-04
        2       10        1     0.1600318683E-04
        3       16        1     0.4217085000E-04
        4       22        1     0.6790646285E-04
        5       28        1     0.8672256897E-04
        6       34        1     0.1132706612E-03
        7       38        1     0.1389021606E-03
        8       44        1     0.1717905916E-03
        9       50        1     0.1974205682E-03
       10       52        1     0.2240530503E-03
       11       56        1     0.2534651323E-03
       12       60        1     0.2814458757E-03
       13       64        1     0.3172985967E-03
       14       66        1     0.3520461057E-03
       15       68        1     0.3800316707E-03
       16       72        1     0.4188372664E-03
       17      190        3     0.1520571659E-03
       18      192        3     0.1637202447E-03
       19      232        4     0.5609179475E-04
       16        8        1     0.2281230111E-05
       17       14        1     0.4589947950E-05
       18       18        1     0.7233994797E-05
       19       24        1     0.1318921523E-04
        7        6        1     0.1629311248E-04
        8       18        1     0.1505532107E-03
        9       28        1     0.2861691244E-03
       10       34        1     0.4098405029E-03
       11       38        1     0.5284554810E-03
       12       40        1     0.6455546163E-03
       13       42        1     0.7628897977E-03
       14       46        1     0.8990298901E-03
       15       48        1     0.1029070792E-02
       16       52        1     0.1164882915E-02
       17       56        1     0.1316420438E-02
       18       56        1     0.1457276944E-02
       19       60        1     0.1626590143E-02
       20      408        8     0.4644272981E-04
       21      412        8     0.4832749376E-04
       22      416        8     0.4794927850E-04
       23      420        8     0.4728460935E-04
       24      422        8     0.4747308011E-04
       25      526       10     0.1398038573E-03
       26      528       10     0.1764421285E-03
       27      532       10     0.2103015889E-03
       22       10        1     0.1311080431E-03
       23       18        1     0.3608353989E-03
       24       22        1     0.5530992344E-03
       13        4        1     0.5698846445E-05
       14       14        1     0.7578749324E-04
       15       24        1     0.1583849941E-03
       16       28        1     0.2446297093E-03
       17       32        1     0.3278032332E-03
       18       36        1     0.4172027155E-03
       19       40        1     0.4978034293E-03
       20       40        1     0.5785511063E-03
       21       44        1     0.6769926518E-03
       22       48        1     0.7650316134E-03
       23       50        1     0.8621994303E-03
       24       54        1     0.9777189409E-03
       25       86        2     0.1800530574E-02
       26       90        2     0.2082759560E-02
       27       92        2     0.2354420183E-02
       28      636       12     0.8947670319E-05
       29      640       12     0.1108096444E-04
       30      644       12     0.1317994158E-04
       31      646       12     0.1500544843E-04
       32      648       12     0.1575375810E-04
       33      652       12     0.1766184267E-04
       34      654       12     0.1915860590E-04
       35      656       12     0.1913593167E-04
       36      660       12     0.2050884329E-04
       37      770       14     0.8521602500E-04
       38      774       14     0.9736648233E-04
       39      778       14     0.1067112621E-03
       31       16        1     0.1655825674E-03
       18        6        1     0.1032217226E-04
       19       18        2     0.3200921735E-04
       20       22        2     0.5414099732E-04
       21       26        2     0.7803526621E-04
       22       30        2     0.1001175982E-03
       23       34        2     0.1223515852E-03
       24       38        2     0.1416646423E-03
       25       40        2     0.1630653464E-03
       26       44        2     0.1812155470E-03
       27       44        2     0.1981562533E-03
       28       48        2     0.2242119804E-03
       29       50        2     0.2480555441E-03
       30       54        2     0.2698749699E-03
       31       56        2     0.3099495077E-03
       32       84        3     0.5994340955E-03
       33       88        3     0.7399503434E-03
       34       88        3     0.8535376388E-03
       35       92        3     0.9732027914E-03
       36       94        3     0.1080334123E-02
       37       98        3     0.1180840550E-02
       38      102        3     0.1284348130E-02
       39      104        3     0.1398360492E-02
       40      888       17     0.1503675516E-05
       41      890       17     0.1782730634E-05
       42      892       17     0.2010858739E-05
       43      896       17     0.2129401967E-05
       44      898       17     0.2141968997E-05
       45      902       17     0.2151111182E-05
       46      904       17     0.2108021041E-05
       47     1026       20     0.2093611401E-05
       48     1030       20     0.2760441002E-05
       20       14        2     0.3650045284E-06
       21       18        2     0.1054565229E-05
       22       24        2     0.2337109780E-05
       23       30        2     0.5529747546E-05
       24       34        2     0.1015815063E-04
       25       38        2     0.1554723792E-04
       26       40        2     0.2158645686E-04
       27       44        2     0.2861433466E-04
       28       44        2     0.3670962291E-04
       29       48        2     0.4312501831E-04
       30       48        2     0.4841204896E-04
       31       52        2     0.5992979024E-04
       32       54        2     0.6893773144E-04
       33       56        2     0.7392810692E-04
       34       58        2     0.8518623801E-04
       35       62        2     0.9238721547E-04
       36       64        2     0.9578806369E-04
       37       82        3     0.8019443291E-04
       38       90        3     0.3876211177E-04
       39       94        3     0.2546205491E-04
       40       96        3     0.1493431693E-04
       41      100        3     0.1211373725E-04
       42      102        3     0.9283538968E-05
       43      104        3     0.5954597833E-05
       44      106        3     0.4770395461E-05
       45      108        3     0.3351227707E-05
       46      110        3     0.2790991881E-05
       47      114        3     0.1258163423E-05
       48      116        3     0.7279553280E-06
       49     1156       23     0.3278020899E-05
       39        4        1     0.6475151140E-06
       40       10        1     0.4994468788E-05
       41       18        1     0.1186897653E-04
       19       14        2     0.1133275474E-04
       20       22        2     0.3704879547E-04
       21       28        2     0.6367152592E-04
       22       38        2     0.9501752596E-04
       23       42        2     0.1252555200E-03
       24       44        2     0.1586789136E-03
       25       46        2     0.1896130457E-03
       26       50        2     0.2195529823E-03
       27       50        2     0.2576642134E-03
       28       54        2     0.2931645813E-03
       29       56        2     0.3310282476E-03
       30       58        2     0.3730443162E-03
       31       60        2     0.4135857867E-03
       32       62        2     0.4616285103E-03
       33       64        2     0.5035104266E-03
       34       66        2     0.5474847751E-03
       35       66        2     0.5842027363E-03
       36       70        2     0.6284506079E-03
       37       70        2     0.6632785636E-03
       38       74        2     0.6980129386E-03
       39       74        2     0.7286703796E-03
       40       78        2     0.7470238679E-03
       41       82        2     0.7724842119E-03
       42      104        3     0.6534917928E-03
       43      108        3     0.6401054536E-03
       44      108        3     0.6299743106E-03
       45      112        3     0.6237962876E-03
       46      112        3     0.6211267009E-03
       39        6        1     0.2249555867E-05
       40       12        1     0.7350295317E-05
       41       16        1     0.1096927064E-04
       42       18        1     0.1433746722E-04
       43       22        1     0.2004694680E-04
       18       16        1     0.1859570912E-07
       19       24        1     0.4646675277E-07
       20       32        1     0.1714722120E-06
       21       40        1     0.2961294962E-06
       22       42        1     0.3412316291E-06
       23       46        1     0.4232223598E-06
       24       50        1     0.4050986559E-06
       25       52        1     0.5471508715E-06
       26       56        1     0.3331923766E-06
       27       58        1     0.2689122316E-06
       28       60        1     0.4279365053E-06
       29       62        1     0.3759466396E-06
       30       64        1     0.3760354545E-06
       31       64        1     0.3963137337E-06
       32       68        1     0.3921294857E-06
       33       68        1     0.5767719258E-06
       34       68        1     0.6762076206E-06
       35       72        1     0.6200270337E-06
       36       72        1     0.6865898599E-06
       37       72        1     0.7310147759E-06
       38       76        1     0.8358199902E-06
       39       76        1     0.1043353134E-05
       40       78        1     0.1133739710E-05
       41       80        1     0.1226637243E-05
       42       80        1     0.1345149891E-05
       43       84        1     0.1632224697E-05
       39        6        1     0.9196026680E-06
       40       10        1     0.4574507988E-05
       41       16        1     0.1079104781E-04
       42       18        1     0.1617590374E-04
       43       22        1     0.2022630211E-04
       44      140        3     0.1748408714E-04
       45      144        3     0.2245844032E-04
       46      148        3     0.2650315505E-04
       19        4        1     0.2320365513E-05
       20       20        2     0.2530730618E-04
       21       24        2     0.4949189812E-04
       22       34        2     0.7709648038E-04
       23       40        2     0.1053307644E-03
       24       44        2     0.1299075737E-03
       25       44        2     0.1537832276E-03
       26       48        2     0.1831939207E-03
       27       48        2     0.2079510255E-03
       28       52        2     0.2350502810E-03
       29       54        2     0.2649458252E-03
       30       56        2     0.2938936283E-03
       31       58        2     0.3246895613E-03
       32       60        2     0.3616779895E-03
       33       62        2     0.3895041815E-03
       34       64        2     0.4227747440E-03
       35       66        2     0.4596263840E-03
       36       68        2     0.4909089628E-03
       37       70        2     0.5239323836E-03
       38       72        2     0.5459042296E-03
       39       76        2     0.5734854778E-03
       40       76        2     0.6015286492E-03
       39        4        1     0.1319504173E-06
       40       12        1     0.6745824851E-06
       41      102        3     0.5850048074E-03
       42      104        3     0.5886688894E-03
       43      106        3     0.5927182569E-03
       44      110        3     0.6041151692E-03
       45      110        3     0.6089198258E-03
       46      114        3     0.6158658967E-03
       47      388        9     0.1188924218E-04
       48      392        9     0.1410845758E-04
       49      396        9     0.1628064678E-04
       20       12        2     0.4070575321E-06
       21       16        2     0.1074671709E-05
       22       22        2     0.1677588878E-05
       23       28        2     0.3764748930E-05
       24       32        2     0.5808785044E-05
       25       36        2     0.8042996098E-05
       26       40        2     0.1032076930E-04
       27       42        2     0.1345890477E-04
       28       46        2     0.1635062846E-04
       29       46        2     0.1850307514E-04
       30       48        2     0.2364997317E-04
       31       50        2     0.2414789239E-04
       32       54        2     0.2742224250E-04
       33       56        2     0.3042997428E-04
       34       58        2     0.3223953195E-04
       35       62        2     0.3428154591E-04
       36       64        2     0.3337979204E-04
       36       12        1     0.2037471805E-04
       37       88        3     0.7435601861E-05
       38       92        3     0.1829462514E-05
       39       94        3     0.1478236177E-06
       40       98        3     0.1589506234E-06
       41      100        3     0.9281909671E-06
       42      102        3     0.2169134333E-05
       43      104        3     0.4476355762E-05
       44      106        3     0.5925712594E-05
       45      110        3     0.8272221226E-05
       46      112        3     0.1069312726E-04
       47      114        3     0.1390621383E-04
       17        2        0     0.6594186992E-06
       18        8        1     0.1290865299E-04
       19       18        2     0.2564196768E-04
       20       24        2     0.4539601715E-04
       21       28        2     0.6470184230E-04
       22       32        2     0.8702916898E-04
       23       36        2     0.1065536311E-03
       24       40        2     0.1246252072E-03
       25       42        2     0.1424997847E-03
       26       44        2     0.1633623948E-03
       27       46        2     0.1842991376E-03
       28       50        2     0.2120658221E-03
       29       52        2     0.2410322106E-03
       29        6        1     0.5429309173E-04
       30       78        3     0.4633147541E-03
       31       82        3     0.6593615793E-03
       32       86        3     0.8236686985E-03
       33       90        3     0.9663451659E-03
       34       92        3     0.1103574411E-02
       35       94        3     0.1234390851E-02
       36       96        3     0.1363303336E-02
       37      100        3     0.1503459807E-02
       13       12        1     0.4809368846E-04
       14       22        1     0.1196113010E-03
       15       28        1     0.1967002647E-03
       16       32        1     0.2786372064E-03
       17       36        1     0.3576506239E-03
       18       40        1     0.4409427586E-03
       19       40        1     0.5167965640E-03
       20       44        1     0.6069706393E-03
       21       48        1     0.6883896000E-03
       22       50        1     0.7933342554E-03
       23       54        1     0.8964091982E-03
       20        6        1     0.5540193951E-04
       21       14        1     0.2657423931E-03
       22       20        1     0.4704759580E-03
       23       26        1     0.7030890482E-03
       24       88        2     0.1818218237E-02
       25       92        2     0.2124032683E-02
        7       18        2     0.1184817702E-03
        8       22        2     0.2115215673E-03
        9       34        2     0.2996268855E-03
       10       38        2     0.3827365535E-03
       11       38        2     0.4538622478E-03
       12       42        2     0.5664120928E-03
       13       46        2     0.6637264101E-03
       14       48        2     0.7757815738E-03
       15       52        2     0.8886347847E-03
       16       56        2     0.1011678872E-02
       17       58        2     0.1132948057E-02
       18       62        2     0.1265889403E-02
       19       66        2     0.1394918836E-02
       15        2        1     0.1000962836E-05
       16       10        1     0.3403226029E-04
       17       16        1     0.7177008957E-04
       18       20        1     0.1042801860E-03
       19       28        1     0.1495451782E-03
        2       12        1     0.9962175136E-05
        3       18        1     0.1974565128E-04
        4       24        1     0.2797050781E-04
        5       30        1     0.3267432926E-04
        6       36        1     0.3825954150E-04
        7       40        1     0.4409164800E-04
        8       44        1     0.5218688711E-04
        9       48        1     0.5590675756E-04
       10       54        1     0.6371404964E-04
       11       58        1     0.6960898468E-04
       12       62        1     0.7756006306E-04
       13       64        1     0.8331074088E-04
       14       66        1     0.9345881278E-04
       15       70        1     0.1010968150E-03
       16       74        1     0.1071929935E-03
       11        8        1     0.1173456509E-06
       12       12        1     0.1426139596E-06
       13       16        1     0.2862602315E-06
       14       20        1     0.2838511996E-06
       15       24        1     0.4309861625E-06
       16       28        1     0.4082120112E-06
        2       12        1     0.1307355543E-04
        3       18        1     0.2609576517E-04
        4       24        1     0.3745549498E-04
        5       30        1     0.4593390120E-04
        6       36        1     0.5502003857E-04
        7       40        1     0.6802326762E-04
        8       44        1     0.7779811776E-04
        9       48        1     0.8975806399E-04
       10       52        1     0.9607157361E-04
       11       58        1     0.1097795508E-03
       12       62        1     0.1206253470E-03
       13       64        1     0.1348616014E-03
       14       66        1     0.1483510029E-03
       15       70        1     0.1618690442E-03
       16       74        1     0.1735586190E-03
       17      188        3     0.4463726361E-05
       18      192        3     0.4935692282E-05
       19      198        3     0.5004110910E-05
       16       10        1     0.1757537163E-04
       17       16        1     0.3816788870E-04
       18       20        1     0.6218379726E-04
       19       24        1     0.8603597024E-04
        7       16        2     0.9589281555E-04
        8       22        2     0.2055099099E-03
        9       32        2     0.2967007557E-03
       10       36        2     0.3819982366E-03
       11       38        2     0.4832899771E-03
       12       42        2     0.5799439546E-03
       13       46        2     0.6902531100E-03
       14       48        2     0.8033507822E-03
       15       52        2     0.9208903206E-03
       16       54        2     0.1045118725E-02
       17       58        2     0.1173839676E-02
       18       62        2     0.1308750842E-02
       19       64        2     0.1437545873E-02
       20      408        9     0.1662100839E-05
       21      412        9     0.1344028679E-05
       22      416        9     0.1381658942E-05
       23      418        9     0.1333643414E-05
       24      420        9     0.1322031531E-05
       25      424        9     0.1517728811E-05
       26      528       11     0.2828785160E-03
       21       10        1     0.1657619169E-03
       22       18        1     0.4024615658E-03
       23       22        1     0.6048480574E-03
       13       10        1     0.3245476943E-04
       14       20        1     0.1029278283E-03
       15       28        1     0.1857716983E-03
       16       32        1     0.2613302573E-03
       17       36        1     0.3429752415E-03
       18       38        1     0.4173813591E-03
       19       40        1     0.4960964632E-03
       20       44        1     0.5868454427E-03
       21       44        1     0.6619166358E-03
       22       48        1     0.7614321767E-03
       23       54        1     0.8596529293E-03
       24       86        2     0.1718320397E-02
       25       90        2     0.2012333169E-02
       26       94        2     0.2298745505E-02
       27      632       13     0.2020968543E-06
       28      636       13     0.2297071511E-06
       29      640       13     0.3205491565E-06
       30      644       13     0.3262538187E-06
       31      646       13     0.3306214524E-06
       32      648       13     0.4815161159E-06
       33      652       13     0.4458092989E-06
       34      654       13     0.4122528467E-06
       35      656       13     0.5855327535E-06
       36      660       13     0.5238067498E-06
       37      664       13     0.5896041978E-06
       38      778       16     0.1385814848E-03
       30       16        1     0.1973964412E-03
       18        8        1     0.1197683350E-04
       19       18        2     0.2802823253E-04
       20       22        2     0.4299175445E-04
       21       28        2     0.6554489489E-04
       22       32        2     0.8546667937E-04
       23       36        2     0.1053674994E-03
       24       40        2     0.1223268021E-03
       25       40        2     0.1407348924E-03
       26       44        2     0.1590968971E-03
       27       46        2     0.1815212718E-03
       28       48        2     0.2022213833E-03
       29       50        2     0.2272722508E-03
       30       56        2     0.2660209973E-03
       31       82        3     0.5823525986E-03
       32       86        3     0.7422030510E-03
       33       88        3     0.8731455815E-03
       34       90        3     0.1014156022E-02
       35       94        3     0.1137860030E-02
       36       98        3     0.1264922000E-02
       37      100        3     0.1386520117E-02
       38      104        3     0.1518963128E-02
       39      884       19     0.2188116540E-07
       40      888       19     0.3702423014E-07
       41      892       19     0.4541706992E-07
       42      892       19     0.4408408230E-07
       43      896       19     0.4997646221E-07
       44      896       19     0.5497839735E-07
       45      900       19     0.4611284937E-07
       46      904       19     0.4827710094E-07
       47      908       19     0.3963594174E-07
       36        2        1     0.1102121943E-05
       20       12        2     0.5210693868E-06
       21       18        2     0.1224240409E-05
       22       22        2     0.2371660424E-05
       23       28        2     0.4992828090E-05
       24       32        2     0.8252068437E-05
       25       38        2     0.1171730664E-04
       26       40        2     0.1561961452E-04
       27       42        2     0.1873499073E-04
       28       44        2     0.2531952689E-04
       29       46        2     0.2729574517E-04
       30       48        2     0.3245677247E-04
       31       52        2     0.3670398103E-04
       32       52        2     0.4288701262E-04
       33       56        2     0.4524919277E-04
       34       60        2     0.4793485487E-04
       35       60        2     0.5459596705E-04
       36       66        2     0.5525943909E-04
       37       88        3     0.1856589003E-04
       38       92        3     0.9336076710E-05
       39       94        3     0.3596468848E-05
       40       98        3     0.1440383332E-05
       41      100        3     0.4128927757E-06
       42      102        3     0.8277165141E-08
       43      104        3     0.1043720312E-06
       44      106        3     0.6843369915E-06
       45      108        3     0.9316773522E-06
       46      110        3     0.2532462123E-05
       47      114        3     0.3904795894E-05
       48     1152       25     0.1139457104E-06
       49     1156       25     0.1124351571E-06
       39        4        1     0.1602612940E-10
       40       12        1     0.1317975139E-07
       19        8        1     0.4192031959E-05
       20       20        2     0.3083227591E-04
       21       26        2     0.5534921411E-04
       22       34        2     0.8661254733E-04
       23       40        2     0.1150155603E-03
       24       44        2     0.1456083643E-03
       25       44        2     0.1711575281E-03
       26       48        2     0.2002396783E-03
       27       50        2     0.2313869082E-03
       28       52        2     0.2615918457E-03
       29       54        2     0.2936442765E-03
       30       56        2     0.3295688196E-03
       31       58        2     0.3611333897E-03
       32       60        2     0.3976778385E-03
       33       64        2     0.4392211489E-03
       34       64        2     0.4739593837E-03
       35       66        2     0.5135239203E-03
       36       68        2     0.5379867560E-03
       37       70        2     0.5806807339E-03
       38       72        2     0.6087763835E-03
       39       74        2     0.6416205878E-03
       40       76        2     0.6596905100E-03
       41      104        3     0.6345293025E-03
       42      104        3     0.6316391292E-03
       43      108        3     0.6303090838E-03
       44      108        3     0.6356632032E-03
       45      112        3     0.6389037607E-03
       46      114        3     0.6445846087E-03
       39        6        1     0.6351807839E-07
       40       10        1     0.6177447129E-06
       41       16        1     0.1991335373E-05
       42       18        1     0.3247406036E-05
       43       22        1     0.3614545442E-05
       18       16        1     0.5345311055E-08
       19       24        1     0.8216422481E-08
       20       32        1     0.2672855443E-07
       21       40        1     0.6068766687E-07
       22       44        1     0.7129724617E-07
       23       46        1     0.5067902986E-07
       24       48        1     0.1217183812E-06
       25       52        1     0.4842006340E-07
       26       56        1     0.7325170102E-07
       27       56        1     0.1088872982E-06
       28       60        1     0.4213494106E-07
       29       60        1     0.2895456823E-07
       30       64        1     0.7783825139E-07
       31       64        1     0.9956051376E-07
       32       68        1     0.8640094166E-07
       33       68        1     0.6999657405E-07
       34       68        1     0.6340609095E-07
       35       72        1     0.1082268780E-06
       36       72        1     0.1350453132E-06
       37       72        1     0.1551413291E-06
       38       76        1     0.1548700415E-06
       39       76        1     0.1500829817E-06
       40       76        1     0.1507907340E-06
       41       80        1     0.2268830225E-06
       42       80        1     0.2660381421E-06
       43       84        1     0.2665992197E-06
       39        6        1     0.9079278548E-06
       40       12        1     0.1970603264E-05
       41       16        1     0.2349904012E-05
       42       18        1     0.2954720648E-05
       43       22        1     0.4052622018E-05
       44      140        3     0.3337225123E-05
       45      144        3     0.4334904860E-05
       46      148        3     0.5082632918E-05
       19       10        1     0.8102154659E-05
       20       20        2     0.3419972481E-04
       21       28        2     0.6309490137E-04
       22       36        2     0.9334942558E-04
       23       40        2     0.1260253321E-03
       24       44        2     0.1562923350E-03
       25       46        2     0.1875173500E-03
       26       48        2     0.2198602926E-03
       27       50        2     0.2524604402E-03
       28       54        2     0.2832801187E-03
       29       54        2     0.3238040472E-03
       30       58        2     0.3616221033E-03
       31       60        2     0.4046123175E-03
       32       60        2     0.4454899481E-03
       33       64        2     0.4855679967E-03
       34       66        2     0.5267924971E-03
       35       66        2     0.5712881258E-03
       36       70        2     0.6073498119E-03
       37       70        2     0.6445011797E-03
       38       72        2     0.6674030284E-03
       39       74        2     0.7082957616E-03
       40       76        2     0.7331987968E-03
       39        4        1     0.2680646578E-06
       40       12        1     0.2308489095E-05
       41      102        3     0.6812903451E-03
       42      104        3     0.6556705466E-03
       43      108        3     0.6493282605E-03
       44      108        3     0.6510488884E-03
       45      112        3     0.6438303638E-03
       46      112        3     0.6439203579E-03
       47      388        9     0.2239491719E-05
       48      392        9     0.2734127242E-05
       49      396        9     0.3148272466E-05
       20       12        2     0.4168622865E-06
       21       18        2     0.1242306319E-05
       22       22        2     0.2039820631E-05
       23       28        2     0.6013412440E-05
       24       34        2     0.1006877063E-04
       25       38        2     0.1506864205E-04
       26       40        2     0.2143442218E-04
       27       42        2     0.2582230007E-04
       28       44        2     0.3266062821E-04
       29       48        2     0.3847922872E-04
       30       48        2     0.4759416760E-04
       31       52        2     0.5240137293E-04
       32       52        2     0.5756919035E-04
       33       56        2     0.6693147725E-04
       34       60        2     0.7467157232E-04
       35       60        2     0.7687305678E-04
       36       64        2     0.8538991182E-04
       37       88        3     0.4834996993E-04
       38       92        3     0.2499277015E-04
       39       96        3     0.1542359877E-04
       40       96        3     0.1073942327E-04
       41      100        3     0.6197657274E-05
       42      102        3     0.3719734487E-05
       43      104        3     0.2791582288E-05
       44      106        3     0.1409291796E-05
       45      108        3     0.6882910057E-06
       46      112        3     0.2365611722E-06
       47      114        3     0.3186438819E-07
       18        6        1     0.1138979784E-04
       19       18        2     0.3003609736E-04
       20       22        2     0.5049813257E-04
       21       26        2     0.6981150724E-04
       22       32        2     0.9336899995E-04
       23       36        2     0.1133530080E-03
       24       36        2     0.1314262741E-03
       25       40        2     0.1487840443E-03
       26       44        2     0.1700133961E-03
       27       46        2     0.1892129209E-03
       28       48        2     0.2080457170E-03
       29       50        2     0.2369966897E-03
       30       54        2     0.2648874021E-03
       30        6        1     0.2663121681E-04
       31       78        3     0.4717529077E-03
       32       84        3     0.6462683373E-03
       33       88        3     0.7904653412E-03
       34       90        3     0.9138265562E-03
       35       94        3     0.1024726327E-02
       36       94        3     0.1139961723E-02
       37       98        3     0.1247212408E-02
       38      102        3     0.1364330209E-02
       13        6        1     0.1476626133E-04
       14       16        1     0.8184110714E-04
       15       26        1     0.1683095010E-03
       16       32        1     0.2495582998E-03
       17       32        1     0.3237399608E-03
       18       36        1     0.4073174331E-03
       19       40        1     0.4953506658E-03
       20       40        1     0.5660111742E-03
       21       44        1     0.6612299230E-03
       22       48        1     0.7520621785E-03
       23       50        1     0.8553071293E-03
       24       56        1     0.9716225282E-03
       21        4        1     0.2255337703E-04
       22       14        1     0.2437650233E-03
       23       18        1     0.4426040943E-03
       24       24        1     0.6735080167E-03
       25       88        2     0.1862564629E-02
       26       92        2     0.2170437422E-02
       27       96        2     0.2458968428E-02
        7       12        1     0.4162862690E-04
        8       18        1     0.1755960739E-03
        9       30        1     0.2863072363E-03
       10       34        1     0.4053366258E-03
       11       38        1     0.5094320364E-03
       12       40        1     0.6045488355E-03
       13       42        1     0.7326895300E-03
       14       46        1     0.8500023887E-03
       15       50        1     0.9858441776E-03
       16       52        1     0.1117462727E-02
       17       56        1     0.1262086835E-02
       18       60        1     0.1404752738E-02
       19       64        1     0.1554422244E-02
       16        8        1     0.5244473017E-05
       17       14        1     0.1172037070E-04
       18       20        1     0.2056372868E-04
       19       24        1     0.3175783329E-04
        2       12        1     0.1538682212E-04
        3       16        1     0.3645736110E-04
        4       22        1     0.5376132530E-04
        5       28        1     0.6984747767E-04
        6       34        1     0.8466972279E-04
        7       40        1     0.1099844188E-03
        8       44        1     0.1328979363E-03
        9       50        1     0.1490069701E-03
       10       54        1     0.1693127964E-03
       11       56        1     0.1869401466E-03
       12       60        1     0.2118403923E-03
       13       64        1     0.2347233635E-03
       14       66        1     0.2611374753E-03
       15       70        1     0.2836485566E-03
       16       72        1     0.3065613406E-03
       11        8        1     0.1357271608E-05
       12       12        1     0.2961929325E-05
       13       16        1     0.4070152509E-05
       14       20        1     0.5545961848E-05
       15       24        1     0.6241356461E-05
       16       28        1     0.7244993762E-05
        1        4        1     0.1101798190E-05
        2       14        1     0.7296621503E-05
        3       18        1     0.1187069705E-04
        4       24        1     0.1525665619E-04
        5       30        1     0.1763890886E-04
        6       36        1     0.1822668193E-04
        7       42        1     0.2109484867E-04
        8       46        1     0.2269552150E-04
        9       50        1     0.2528668718E-04
       10       54        1     0.2709785198E-04
       11       58        1     0.2959002278E-04
       12       62        1     0.3298629471E-04
       13       64        1     0.3604380398E-04
       14       66        1     0.3751697686E-04
       15       70        1     0.4151410531E-04
       16       74        1     0.4429249347E-04
       17      190        3     0.7142809114E-04
       18      192        3     0.7529423773E-04
       19      198        3     0.7839400654E-04
       15        4        1     0.1479291452E-04
       16       14        1     0.7910767801E-04
       17       18        1     0.1402288571E-03
       18       22        1     0.2006403964E-03
       19       30        1     0.2693989128E-03
        6       12        2     0.4400462251E-04
        7       20        2     0.1476990425E-03
        8       26        2     0.2329174659E-03
        9       34        2     0.2905454631E-03
       10       38        2     0.3804649451E-03
       11       42        2     0.4608401213E-03
       12       44        2     0.5561166808E-03
       13       48        2     0.6520014283E-03
       14       50        2     0.7521807540E-03
       15       54        2     0.8604205500E-03
       16       58        2     0.9725003559E-03
       17       60        2     0.1092174911E-02
       18       62        2     0.1200628902E-02
       19       66        2     0.1337630090E-02
       20      410        8     0.2170809553E-04
       21      412        8     0.2086455226E-04
       22      414        8     0.2216220801E-04
       23      418        8     0.2216375965E-04
       24      422        8     0.2081692677E-04
       25      426        8     0.2073911106E-04
       20       10        1     0.1763919717E-03
       21       18        1     0.3904515297E-03
       22       22        1     0.5797010056E-03
       12        4        1     0.8333801761E-05
       13       14        1     0.6894596996E-04
       14       26        1     0.1524890050E-03
       15       30        1     0.2351156756E-03
       16       34        1     0.3238538100E-03
       17       38        1     0.4048515630E-03
       18       40        1     0.4875656371E-03
       19       42        1     0.5805744538E-03
       20       44        1     0.6655011394E-03
       21       48        1     0.7648482118E-03
       22       50        1     0.8525841564E-03
       23       86        2     0.1693894017E-02
       24       90        2     0.1990904443E-02
       25       94        2     0.2282236774E-02
       26      528       10     0.2218173461E-03
       27      534       10     0.2563786787E-03
       28      636       12     0.3614368932E-05
       29      640       12     0.4819189128E-05
       30      642       12     0.5782210653E-05
       31      646       12     0.6280389166E-05
       32      650       12     0.6880955642E-05
       33      650       12     0.7618729699E-05
       34      654       12     0.8060481486E-05
       35      658       12     0.8485665693E-05
       36      660       12     0.8374192914E-05
       29       18        1     0.2339691750E-03
       17        4        1     0.2754735762E-05
       18       10        1     0.1501811141E-04
       19       22        1     0.3152237817E-04
       20       26        1     0.5260058994E-04
       21       30        1     0.7626162618E-04
       22       34        1     0.9862689571E-04
       23       36        1     0.1223619463E-03
       24       40        1     0.1443922046E-03
       25       42        1     0.1648774628E-03
       26       44        1     0.1869971502E-03
       27       46        1     0.2152789830E-03
       28       50        1     0.2436587291E-03
       29       52        1     0.2795135682E-03
       30       82        2     0.6381881426E-03
       31       86        2     0.8172769488E-03
       32       88        2     0.9732085381E-03
       33       90        2     0.1130979814E-02
       34       92        2     0.1277010428E-02
       35       96        2     0.1429573855E-02
       36      100        2     0.1575099961E-02
       37      770       14     0.9821133171E-04
       38      774       14     0.1140867907E-03
       39      886       17     0.3997632727E-06
       40      888       17     0.5999965048E-06
       41      890       17     0.7166438433E-06
       42      892       17     0.8405079716E-06
       43      896       17     0.8398173964E-06
       44      898       17     0.8503176293E-06
       45      900       17     0.8888129228E-06
       46      904       17     0.8099642422E-06
       20       12        2     0.1802031287E-06
       21       16        2     0.3149778311E-06
       22       22        2     0.7081424910E-06
       23       28        2     0.1245743427E-05
       24       32        2     0.2013403063E-05
       25       36        2     0.2423044752E-05
       26       38        2     0.3586699682E-05
       27       42        2     0.4399147267E-05
       28       46        2     0.5312297933E-05
       29       46        2     0.6204830256E-05
       30       50        2     0.7388476533E-05
       31       50        2     0.7796643182E-05
       32       54        2     0.9331505395E-05
       33       56        2     0.9523780091E-05
       34       58        2     0.1009237978E-04
       35       62        2     0.1082990109E-04
       36       84        3     0.1980476908E-05
       37       90        3     0.2081358739E-06
       38       94        3     0.2987077428E-05
       39       96        3     0.5960954632E-05
       40       98        3     0.1000447967E-04
       41      100        3     0.1568703635E-04
       42      102        3     0.1956853604E-04
       43      104        3     0.2473488609E-04
       44      106        3     0.2802727922E-04
       45      108        3     0.3682464050E-04
       46      112        3     0.4151796387E-04
       47     1026       20     0.1444217794E-05
       48     1150       23     0.1683080362E-05
       49     1156       23     0.1648768016E-05
       39        4        1     0.4564885242E-06
       40       12        1     0.3163429202E-05
       20       18        2     0.1751040339E-04
       21       24        2     0.3779459861E-04
       22       32        2     0.6010645157E-04
       23       40        2     0.8291376531E-04
       24       42        2     0.1007866145E-03
       25       44        2     0.1260116982E-03
       26       48        2     0.1460791546E-03
       27       48        2     0.1651984045E-03
       28       52        2     0.1909483329E-03
       29       52        2     0.2119954422E-03
       30       54        2     0.2368952933E-03
       31       58        2     0.2626212328E-03
       32       60        2     0.2881171744E-03
       33       62        2     0.3118139583E-03
       34       64        2     0.3440817099E-03
       35       64        2     0.3698130838E-03
       36       68        2     0.3937838278E-03
       37       70        2     0.4181806750E-03
       38       72        2     0.4466520226E-03
       39       74        2     0.4675183134E-03
       40       76        2     0.4877975779E-03
       41      102        3     0.4891510564E-03
       42      104        3     0.5030375414E-03
       43      106        3     0.5103990107E-03
       44      110        3     0.5227737315E-03
       45      110        3     0.5323742064E-03
       46      114        3     0.5431414523E-03
       39        4        1     0.2738740688E-05
       40       10        1     0.1559472092E-04
       41       14        1     0.2876729486E-04
       42       18        1     0.4518453714E-04
       43       22        1     0.5789308912E-04
       18       14        1     0.9436441992E-08
       19       24        1     0.2120613406E-06
       20       32        1     0.6442398938E-06
       21       40        1     0.1143646758E-05
       22       42        1     0.1396126521E-05
       23       46        1     0.1508724852E-05
       24       50        1     0.1674065300E-05
       25       52        1     0.1595580178E-05
       26       56        1     0.1433108591E-05
       27       58        1     0.1432708428E-05
       28       60        1     0.1438923689E-05
       29       62        1     0.1352536467E-05
       30       64        1     0.1752273688E-05
       31       64        1     0.2060924772E-05
       32       68        1     0.1963260813E-05
       33       68        1     0.2142482998E-05
       34       68        1     0.2257807971E-05
       35       72        1     0.2591673208E-05
       36       72        1     0.3057785161E-05
       37       72        1     0.3377703124E-05
       38       76        1     0.3586493428E-05
       39       76        1     0.3905858930E-05
       40       76        1     0.4159207646E-05
       41       80        1     0.4910429471E-05
       42       80        1     0.5565541760E-05
       43       84        1     0.6057102683E-05
       44      114        2     0.2520941166E-04
       39        2        0     0.8542148815E-06
       40       10        1     0.1603368589E-04
       41       16        1     0.2770503872E-04
       42       18        1     0.4001682753E-04
       43       22        1     0.5265222901E-04
       44       24        1     0.6706283201E-04
       45      144        3     0.6767037370E-04
       46      148        3     0.8000163986E-04
       47      270        6     0.5234891244E-03
       19       16        1     0.1365764497E-04
       20       24        1     0.3656754920E-04
       21       30        1     0.6033990948E-04
       22       38        1     0.9137020000E-04
       23       42        1     0.1208371850E-03
       24       44        1     0.1452534233E-03
       25       48        1     0.1827303165E-03
       26       50        1     0.2145803741E-03
       27       52        1     0.2416382162E-03
       28       54        1     0.2860060998E-03
       29       56        1     0.3253037666E-03
       30       60        1     0.3690033848E-03
       31       60        1     0.4118491547E-03
       32       62        1     0.4580517234E-03
       33       66        1     0.4981322082E-03
       34       66        1     0.5443055787E-03
       35       68        1     0.5843987380E-03
       36       70        1     0.6216747021E-03
       37       70        1     0.6540906127E-03
       38       74        1     0.6926750781E-03
       39       74        1     0.7212144586E-03
       40       78        1     0.7457045098E-03
       41       80        1     0.7611923110E-03
       40       10        1     0.1099184006E-04
       41       16        1     0.2445325916E-04
       42      104        2     0.6125258742E-03
       43      108        2     0.5937671610E-03
       44      108        2     0.5801354376E-03
       45      112        2     0.5661059632E-03
       46      112        2     0.5561224515E-03
       47      116        2     0.5450429726E-03
       48      392        8     0.4097447465E-04
       20       14        2     0.2335707811E-06
       21       18        2     0.4012430061E-06
       22       26        2     0.1548442496E-05
       23       30        2     0.4314962760E-05
       24       34        2     0.8384509182E-05
       25       38        2     0.1302592332E-04
       26       40        2     0.2129758291E-04
       27       44        2     0.2759129990E-04
       28       44        2     0.3314248936E-04
       29       48        2     0.4495706877E-04
       30       50        2     0.5444321839E-04
       31       52        2     0.6104834978E-04
       32       54        2     0.7315336980E-04
       33       58        2     0.8227629744E-04
       34       58        2     0.9264641402E-04
       35       62        2     0.1027517046E-03
       36       64        2     0.1093412238E-03
       37       68        2     0.1144640397E-03
       38       92        3     0.5977953553E-04
       39       94        3     0.3743268665E-04
       40       98        3     0.2636661562E-04
       41       98        3     0.1987650548E-04
       42      102        3     0.1505570454E-04
       43      104        3     0.1182115903E-04
       44      106        3     0.9925136912E-05
       45      108        3     0.7052530109E-05
       46      110        3     0.6306159058E-05
       47      114        3     0.4926640716E-05
       48      116        3     0.3383979767E-05
       18        4        1     0.4991136593E-05
       19       16        2     0.3246642303E-04
       20       22        2     0.6044725513E-04
       21       26        2     0.8663403430E-04
       22       30        2     0.1132923898E-03
       23       34        2     0.1371377790E-03
       24       36        2     0.1613782875E-03
       25       40        2     0.1809324586E-03
       26       44        2     0.1997958361E-03
       27       44        2     0.2241898481E-03
       28       48        2     0.2447984831E-03
       29       48        2     0.2619692802E-03
       30       52        2     0.2934192696E-03
       31       54        2     0.3223809013E-03
       31        8        1     0.2455481223E-04
       32       82        3     0.5247193242E-03
       33       86        3     0.6730448903E-03
       34       88        3     0.7973913525E-03
       35       92        3     0.8998950897E-03
       36       94        3     0.9953367557E-03
       37       96        3     0.1091088182E-02
       38      100        3     0.1181125705E-02
       39      102        3     0.1278479216E-02
       14       10        1     0.5501363072E-04
       15       22        1     0.1502105684E-03
       16       28        1     0.2488430049E-03
       17       32        1     0.3427661999E-03
       18       36        1     0.4344558160E-03
       19       36        1     0.5168929486E-03
       20       40        1     0.6186279985E-03
       21       44        1     0.7125238190E-03
       22       44        1     0.8027525203E-03
       23       48        1     0.9071230709E-03
       24       50        1     0.1018054051E-02
       23       16        1     0.2001312478E-03
       24       20        1     0.3817657244E-03
       25       86        2     0.1684405762E-02
       26       86        2     0.1959613313E-02
       27       92        2     0.2250129199E-02
       28       96        2     0.2523978546E-02
        8       14        1     0.9433705644E-04
        9       28        1     0.2545529891E-03
       10       32        1     0.4001487312E-03
       11       36        1     0.5527846909E-03
       12       38        1     0.6803226861E-03
       13       40        1     0.8022537335E-03
       14       44        1     0.9569805700E-03
       15       46        1     0.1092282850E-02
       16       50        1     0.1251614836E-02
       17       54        1     0.1407602601E-02
       18       56        1     0.1572949231E-02
       19       60        1     0.1740696758E-02
       20       66        1     0.1897791759E-02
       16        8        1     0.6330191504E-06
       17       14        1     0.1027300459E-05
       18       18        1     0.1730217388E-05
       19       22        1     0.2712639028E-05
        2        8        1     0.1263268018E-04
        3       16        1     0.5088967482E-04
        4       22        1     0.8610255621E-04
        5       28        1     0.1187716738E-03
        6       34        1     0.1539534020E-03
        7       38        1     0.1960548871E-03
        8       44        1     0.2346602055E-03
        9       48        1     0.2743948429E-03
       10       52        1     0.3098632625E-03
       11       54        1     0.3534848881E-03
       12       58        1     0.3937223854E-03
       13       62        1     0.4463981970E-03
       14       64        1     0.4948348178E-03
       15       68        1     0.5515406741E-03
       16       72        1     0.6012154608E-03
       11        8        1     0.5878065119E-05
       12       12        1     0.1386480014E-04
       13       16        1     0.2092542384E-04
       14       20        1     0.2774931579E-04
       15       24        1     0.3314387520E-04
       16       26        1     0.3762195121E-04
        1        6        1     0.1004944139E-05
        2       14        1     0.2831047130E-05
        3       18        1     0.3756668345E-05
        4       24        1     0.4270934289E-05
        5       32        1     0.5716833125E-05
        6       36        1     0.4739431508E-05
        7       42        1     0.3478861210E-05
        8       46        1     0.3047063942E-05
        9       50        1     0.2732672501E-05
       10       54        1     0.2887897240E-05
       11       58        1     0.2831893404E-05
       12       60        1     0.3782939860E-05
       13       64        1     0.3349851759E-05
       14       68        1     0.3736140821E-05
       15       70        1     0.3683737884E-05
       16       74        1     0.3815964973E-05
       17      190        3     0.3075926507E-03
       18      192        3     0.3318027654E-03
       14        2        1     0.1622075055E-05
       15       12        1     0.9434422887E-04
       16       16        1     0.1861685144E-03
       17       22        1     0.2866905846E-03
       18       26        1     0.3829918661E-03
        6       16        1     0.9778546923E-04
        7       22        1     0.1816293366E-03
        8       30        1     0.2545624353E-03
        9       36        1     0.3291366546E-03
       10       40        1     0.4013254019E-03
       11       44        1     0.4872825772E-03
       12       46        1     0.5696886027E-03
       13       50        1     0.6613773844E-03
       14       54        1     0.7589061210E-03
       15       56        1     0.8616845636E-03
       16       60        1     0.9718476936E-03
       17       62        1     0.1069360247E-02
       18       64        1     0.1195790015E-02
       19      304        5     0.5250644331E-04
       20      342        6     0.6066031254E-04
       21      412        7     0.1020317727E-03
       22      414        7     0.1048804097E-03
       23      418        7     0.1056035152E-03
       24      424        7     0.1034137323E-03
       18        2        0     0.6719509011E-05
       19       10        1     0.1517529934E-03
       20       16        1     0.3181235679E-03
       21       22        1     0.4805764422E-03
       22       28        1     0.6671908591E-03
       12       12        1     0.5107038076E-04
       13       20        1     0.1263683768E-03
       14       30        1     0.2414330074E-03
       15       34        1     0.3476383830E-03
       16       36        1     0.4449838049E-03
       17       38        1     0.5418793041E-03
       18       42        1     0.6546563720E-03
       19       44        1     0.7531780505E-03
       20       48        1     0.8600007662E-03
       21       50        1     0.9575533762E-03
       22       54        1     0.1092398405E-02
       23       90        2     0.2003632062E-02
       24       94        2     0.2286631842E-02
       25      524        9     0.9847159837E-04
       26      528        9     0.1219188466E-03
       27      532        9     0.1464517576E-03
       28      538        9     0.1645265362E-03
       29      638       11     0.2679243812E-04
       30      642       11     0.3139612717E-04
       31      646       11     0.3537735273E-04
       32      648       11     0.4009095845E-04
       33      652       11     0.4212814477E-04
       34      654       11     0.4462538820E-04
       35      658       11     0.4696740035E-04
       27        4        1     0.2061023318E-04
       28       16        1     0.2270498683E-03
       17        6        1     0.6975611591E-05
       18       14        1     0.2761075217E-04
       19       22        2     0.5581497974E-04
       20       26        2     0.9411758284E-04
       21       30        2     0.1297565151E-03
       22       34        2     0.1707122995E-03
       23       36        2     0.2050512825E-03
       24       40        2     0.2422193005E-03
       25       44        2     0.2764428547E-03
       26       46        2     0.3162549930E-03
       27       50        2     0.3540209369E-03
       28       52        2     0.3966714194E-03
       29       82        3     0.7890406021E-03
       30       84        3     0.9869489467E-03
       31       88        3     0.1172567292E-02
       32       90        3     0.1336572072E-02
       33       92        3     0.1505995455E-02
       34       96        3     0.1683641097E-02
       35       98        3     0.1847865599E-02
       36      768       14     0.5388885860E-04
       37      770       14     0.6585658879E-04
       38      772       14     0.7364944582E-04
       39      776       14     0.8164714444E-04
       40      888       17     0.3806825548E-05
       41      890       17     0.4808089260E-05
       42      894       17     0.5335157193E-05
       43      896       17     0.5733347490E-05
       44      898       17     0.5913584001E-05
       45      902       17     0.5832492077E-05
       46      906       17     0.5662576843E-05
       35       10        2     0.9637826095E-05
       20       12        2     0.1029581268E-06
       21       16        2     0.3065915610E-06
       22       22        2     0.5333605253E-06
       23       28        2     0.9800510235E-06
       24       32        2     0.1266520426E-05
       25       36        2     0.1823049253E-05
       26       40        2     0.1896116327E-05
       27       42        2     0.1921052179E-05
       28       44        2     0.2676673702E-05
       29       46        2     0.2358883533E-05
       30       48        2     0.2737047087E-05
       31       50        2     0.2527058619E-05
       32       54        2     0.3086020836E-05
       33       54        2     0.3047223691E-05
       34       58        2     0.3320427209E-05
       35       62        2     0.4297422579E-05
       36       86        4     0.2337756386E-04
       37       92        4     0.3886545418E-04
       38       92        4     0.5430452518E-04
       39       96        4     0.6661437798E-04
       40       98        4     0.8167599019E-04
       41      100        4     0.9388047565E-04
       42      102        4     0.1086744841E-03
       43      104        4     0.1160613268E-03
       44      108        4     0.1340160841E-03
       45      110        4     0.1488981599E-03
       46      114        4     0.1656981974E-03
       47     1026       21     0.2893121468E-05
       48     1028       21     0.3652942504E-05
       49     1554       32     0.9296423965E-06
       40       10        1     0.4834255773E-05
       20       16        2     0.6475027751E-05
       21       20        2     0.1715991182E-04
       22       30        2     0.3129620909E-04
       23       38        2     0.4551899474E-04
       24       42        2     0.5729256686E-04
       25       44        2     0.7075899995E-04
       26       46        2     0.8392863394E-04
       27       48        2     0.9805828256E-04
       28       50        2     0.1087046268E-03
       29       52        2     0.1285328825E-03
       30       54        2     0.1451305109E-03
       31       56        2     0.1555590582E-03
       32       58        2     0.1764693982E-03
       33       62        2     0.1933547150E-03
       34       62        2     0.2078876938E-03
       35       64        2     0.2330241897E-03
       36       68        2     0.2467687200E-03
       37       68        2     0.2635860069E-03
       38       72        2     0.2817236265E-03
       39       74        2     0.2976705594E-03
       40       78        2     0.3099386061E-03
       41      102        3     0.3178760836E-03
       42      104        3     0.3241453528E-03
       43      106        3     0.3356792641E-03
       44      110        3     0.3449974674E-03
       45      110        3     0.3565800754E-03
       46      114        3     0.3672032907E-03
       40        8        1     0.1708235946E-04
       41       12        1     0.4586089478E-04
       42       16        1     0.7247437670E-04
       43       22        1     0.9467678312E-04
       18       14        1     0.1128748879E-06
       19       24        1     0.1080784280E-05
       20       32        1     0.2708461562E-05
       21       38        1     0.3974809170E-05
       22       42        1     0.5351181087E-05
       23       46        1     0.6040101937E-05
       24       50        1     0.6028100417E-05
       25       54        1     0.6016640580E-05
       26       54        1     0.6425088774E-05
       27       58        1     0.6516992640E-05
       28       60        1     0.7008364944E-05
       29       62        1     0.7346156615E-05
       30       64        1     0.8233552233E-05
       31       64        1     0.1005678850E-04
       32       66        1     0.9794010200E-05
       33       68        1     0.1100661275E-04
       34       68        1     0.1187577352E-04
       35       70        1     0.1208610917E-04
       36       72        1     0.1461302006E-04
       37       72        1     0.1609683087E-04
       38       74        1     0.1646154062E-04
       39       76        1     0.1822389750E-04
       40       78        1     0.1933978423E-04
       41       80        1     0.2021494920E-04
       42       82        1     0.2344543816E-04
       43       82        1     0.2448341833E-04
       44      112        2     0.6563844905E-04
       40        8        1     0.1564151756E-04
       41       12        1     0.3526439160E-04
       42       16        1     0.5615561638E-04
       43       20        1     0.7820659780E-04
       44       22        1     0.9886691930E-04
       45      144        3     0.1420193044E-03
       46      146        3     0.1686290045E-03
       47      266        6     0.5466511437E-03
       19       18        1     0.1229467376E-04
       20       26        1     0.2787481011E-04
       21       34        1     0.4652026801E-04
       22       38        1     0.6937008742E-04
       23       42        1     0.9087574326E-04
       24       46        1     0.1191283689E-03
       25       50        1     0.1441848704E-03
       26       50        1     0.1660239106E-03
       27       54        1     0.2040345228E-03
       28       56        1     0.2357926834E-03
       29       58        1     0.2740808874E-03
       30       60        1     0.3103791429E-03
       31       62        1     0.3496954760E-03
       32       64        1     0.3879411245E-03
       33       66        1     0.4280499922E-03
       34       68        1     0.4586418724E-03
       35       68        1     0.4964555508E-03
       36       70        1     0.5224920526E-03
       37       72        1     0.5620620262E-03
       38       72        1     0.5955952190E-03
       39       74        1     0.6085506338E-03
       40       78        1     0.6325719871E-03
       41       80        1     0.6460505665E-03
       40        8        1     0.1152151947E-04
       41       14        1     0.3407452099E-04
       42      106        2     0.5050479276E-03
       43      106        2     0.4714537868E-03
       44      108        2     0.4480575621E-03
       45      110        2     0.4355413617E-03
       46      112        2     0.4178628258E-03
       47      116        2     0.4074937414E-03
       48      390        8     0.7594298544E-04
       20       12        2     0.3736753323E-08
       21       18        2     0.3552932655E-08
       22       26        2     0.3381535404E-06
       23       30        2     0.1340989898E-05
       24       36        2     0.4078960893E-05
       25       40        2     0.8942957199E-05
       26       42        2     0.1480843058E-04
       27       44        2     0.1868269108E-04
       28       46        2     0.2881319089E-04
       29       50        2     0.3553825631E-04
       30       50        2     0.4471878666E-04
       31       54        2     0.5691054898E-04
       32       54        2     0.6407667556E-04
       33       56        2     0.7607906333E-04
       34       60        2     0.8872845100E-04
       35       62        2     0.9865485280E-04
       36       64        2     0.1082596783E-03
       37       68        2     0.1181878070E-03
       38       74        2     0.1168872072E-03
       38        2        1     0.3454266147E-05
       39       94        4     0.5757871817E-04
       40       96        4     0.3617890651E-04
       41      100        4     0.2835889273E-04
       42      102        4     0.2174290549E-04
       43      104        4     0.1745980104E-04
       44      106        4     0.1366710974E-04
       45      108        4     0.1318976604E-04
       46      110        4     0.1049382914E-04
       47      112        4     0.9392179786E-05
       48      116        4     0.8394104241E-05
       19       12        2     0.2105769465E-04
       20       20        2     0.5797393828E-04
       21       22        2     0.9009632136E-04
       22       28        2     0.1214887591E-03
       23       34        2     0.1508761718E-03
       24       36        2     0.1789440711E-03
       25       40        2     0.2003267454E-03
       26       42        2     0.2217354021E-03
       27       44        2     0.2477956387E-03
       28       46        2     0.2661438297E-03
       29       48        2     0.2880338643E-03
       30       52        2     0.3095862675E-03
       31       52        2     0.3377092164E-03
       32       56        2     0.3606634440E-03
       32       10        1     0.4578411854E-04
       33       84        3     0.5595016418E-03
       34       86        3     0.6778462467E-03
       35       90        3     0.7785446416E-03
       36       92        3     0.8663773483E-03
       37       96        3     0.9459894052E-03
       38       98        3     0.1022790315E-02
       39      100        3     0.1096407142E-02
       40      104        3     0.1179270245E-02
       14        6        1     0.1423041683E-04
       15       14        1     0.1007089413E-03
       16       24        1     0.2286565479E-03
       17       28        1     0.3436018503E-03
       18       32        1     0.4575540515E-03
       19       36        1     0.5722578348E-03
       20       40        1     0.6724694086E-03
       21       40        1     0.7856810667E-03
       22       44        1     0.8995146656E-03
       23       46        1     0.9997836542E-03
       24       48        1     0.1116534510E-02
       25       52        1     0.1239115717E-02
       24       16        1     0.1551429280E-03
       25       20        1     0.2895613320E-03
       26       86        2     0.1820589523E-02
       27       90        2     0.2056868047E-02
       28       92        2     0.2306237014E-02
       29       96        2     0.2552199468E-02
        8        6        1     0.2232562006E-04
        9       16        1     0.1484503200E-03
       10       30        1     0.3545823486E-03
       11       32        1     0.5246470943E-03
       12       36        1     0.7051057338E-03
       13       40        1     0.8610956095E-03
       14       40        1     0.9982264942E-03
       15       44        1     0.1174357881E-02
       16       48        1     0.1331458520E-02
       17       50        1     0.1495149923E-02
       18       54        1     0.1670986764E-02
       19       56        1     0.1836200829E-02
       20       60        1     0.2038265158E-02
       16        8        1     0.3970290762E-06
       17       14        1     0.1006987901E-05
       18       18        1     0.2013241219E-05
       19       22        1     0.2945772930E-05
        3       12        1     0.4789901108E-04
        4       18        1     0.1038318671E-03
        5       26        1     0.1520801918E-03
        6       30        1     0.2129154844E-03
        7       36        1     0.2702836932E-03
        8       42        1     0.3326367854E-03
        9       46        1     0.3840096272E-03
       10       50        1     0.4471259316E-03
       11       52        1     0.5052158589E-03
       12       56        1     0.5768887120E-03
       13       60        1     0.6415127215E-03
       14       62        1     0.7257035686E-03
       15       66        1     0.8014891530E-03
       16       70        1     0.8912320602E-03
       17       74        1     0.9718374745E-03
       11        6        1     0.9508063550E-05
       12       10        1     0.2780774972E-04
       13       14        1     0.4847004329E-04
       14       18        1     0.6551718014E-04
       15       22        1     0.8365724928E-04
       16       26        1     0.9835379827E-04
        1        8        1     0.5381915929E-06
        2       14        1     0.7655689217E-06
        3       18        1     0.7295702991E-06
        4       26        1     0.1080534560E-05
        5       30        1     0.1155171335E-05
        6       36        1     0.6020627801E-06
        7       40        1     0.7527764988E-07
        8       44        1     0.1450339073E-07
        9       50        1     0.6638813493E-10
       10       54        1     0.1169610388E-08
       11       58        1     0.5442096181E-08
       12       62        1     0.1342006940E-07
       13       64        1     0.1463755224E-06
       14       68        1     0.7125995670E-07
       15       70        1     0.5926297569E-07
       16       72        1     0.2629596040E-06
       17      110        2     0.2536204502E-04
       18      192        3     0.6374393765E-03
       14        8        1     0.8142782732E-04
       15       14        1     0.1890427841E-03
       16       18        1     0.2929408934E-03
       17       22        1     0.3840054607E-03
       18       30        1     0.4978072799E-03
        5       12        1     0.6500478096E-04
        6       20        1     0.1487626238E-03
        7       24        1     0.2247693174E-03
        8       34        1     0.3110442137E-03
        9       38        1     0.3776987328E-03
       10       42        1     0.4573708067E-03
       11       46        1     0.5357715354E-03
       12       50        1     0.6191309466E-03
       13       52        1     0.7124525492E-03
       14       56        1     0.8116628773E-03
       15       58        1     0.9174478639E-03
       16       62        1     0.1018714116E-02
       17       64        1     0.1132147419E-02
       18       68        1     0.1241508414E-02
       19      304        5     0.9534161179E-05
       20      340        6     0.1094079720E-04
       21      412        7     0.2121269591E-03
       22      416        7     0.2231308417E-03
       23      420        7     0.2269380918E-03
       18       10        1     0.9843167768E-04
       19       16        1     0.2177451201E-03
       20       20        1     0.3289396350E-03
       21       26        1     0.4609656616E-03
       11        6        1     0.2674875661E-04
       12       16        1     0.1172188199E-03
       13       28        1     0.2572519239E-03
       14       32        1     0.3942890964E-03
       15       34        1     0.5240985236E-03
       16       38        1     0.6483975352E-03
       17       42        1     0.7820395313E-03
       18       44        1     0.8992035767E-03
       19       46        1     0.1020909930E-02
       20       48        1     0.1133622603E-02
       21       54        1     0.1282551422E-02
       22       90        2     0.2004829573E-02
       23       94        2     0.2261685279E-02
       24      522        9     0.2784143888E-04
       25      524        9     0.3956858339E-04
       26      528        9     0.5202392481E-04
       27      532        9     0.6133235370E-04
       28      536        9     0.7002878028E-04
       29      538        9     0.7768434203E-04
       30      642       11     0.8119266980E-04
       31      646       11     0.9525794188E-04
       32      648       11     0.1043494846E-03
       33      652       11     0.1133685708E-03
       34      654       11     0.1183139910E-03
       26        4        1     0.1909335318E-04
       27       14        1     0.1694112802E-03
       17        8        1     0.2336840246E-04
       18       22        2     0.7108124352E-04
       19       26        2     0.1380747075E-03
       20       30        2     0.2023819549E-03
       21       32        2     0.2651002333E-03
       22       36        2     0.3362272681E-03
       23       40        2     0.3993975084E-03
       24       40        2     0.4581017859E-03
       25       44        2     0.5234025216E-03
       26       46        2     0.5813702982E-03
       27       50        2     0.6406187721E-03
       28       80        3     0.1011168725E-02
       29       84        3     0.1229419182E-02
       30       88        3     0.1428412317E-02
       31       90        3     0.1606591026E-02
       32       92        3     0.1774302185E-02
       33       94        3     0.1964928803E-02
       34       98        3     0.2144563844E-02
       35      764       14     0.2157199488E-04
       36      766       14     0.2714277287E-04
       37      770       14     0.3226362428E-04
       38      772       14     0.3717972131E-04
       39      774       14     0.4037020241E-04
       40      778       14     0.4371758700E-04
       41      892       17     0.1520606205E-04
       42      894       17     0.1775481188E-04
       43      898       17     0.1933144699E-04
       44      900       17     0.2008837730E-04
       45      904       17     0.2037290604E-04
       20       12        2     0.1992190542E-05
       21       18        2     0.5112085481E-05
       22       22        2     0.9487087232E-05
       23       28        2     0.1482928927E-04
       24       32        2     0.1941665543E-04
       25       36        2     0.2496553782E-04
       26       40        2     0.2844553973E-04
       27       42        2     0.3099180146E-04
       28       44        2     0.3708924669E-04
       29       46        2     0.3853447562E-04
       30       48        2     0.4217463810E-04
       31       52        2     0.4494906169E-04
       32       52        2     0.5044166683E-04
       33       56        2     0.5214877194E-04
       34       60        2     0.5584186313E-04
       35       84        3     0.9036665177E-04
       36       88        3     0.1266254295E-03
       37       90        3     0.1599219350E-03
       38       94        3     0.1865046561E-03
       39       98        3     0.2128887285E-03
       40       98        3     0.2364638693E-03
       41      102        3     0.2605984399E-03
       42      102        3     0.2807424877E-03
       43      106        3     0.3095355653E-03
       44      108        3     0.3357145997E-03
       45      112        3     0.3671335506E-03
       46     1022       20     0.1969311762E-05
       47     1024       20     0.2655487180E-05
       48     1028       20     0.3239640104E-05
       49     1552       32     0.3596649353E-05
       40       10        1     0.1470736035E-05
       20       14        2     0.1717436001E-05
       21       20        2     0.5965010494E-05
       22       28        2     0.1065639129E-04
       23       36        2     0.1608011814E-04
       24       40        2     0.2357270962E-04
       25       42        2     0.3114848277E-04
       26       46        2     0.3991736377E-04
       27       46        2     0.4756724356E-04
       28       50        2     0.5655600543E-04
       29       52        2     0.6666187862E-04
       30       54        2     0.7748311852E-04
       31       56        2     0.8665290008E-04
       32       58        2     0.9853172325E-04
       33       60        2     0.1098456737E-03
       34       62        2     0.1227784923E-03
       35       66        2     0.1346491178E-03
       36       66        2     0.1468111657E-03
       37       70        2     0.1593698790E-03
       38       70        2     0.1689687409E-03
       39       74        2     0.1802348622E-03
       40       76        2     0.1877748635E-03
       41      102        3     0.1793140785E-03
       42      102        3     0.1776725485E-03
       43      106        3     0.1808171495E-03
       44      108        3     0.1857689318E-03
       45      110        3     0.1921338611E-03
       46      112        3     0.1957306382E-03
       47      114        3     0.2059254235E-03
       40        6        1     0.6299778316E-05
       41       10        1     0.2518772697E-04
       42       16        1     0.4167670850E-04
       43       20        1     0.5315903734E-04
       18       12        1     0.5271860309E-06
       19       22        1     0.2574660562E-05
       20       32        1     0.6294788965E-05
       21       38        1     0.9475836226E-05
       22       42        1     0.1249301211E-04
       23       46        1     0.1478788426E-04
       24       48        1     0.1358488798E-04
       25       52        1     0.1634581090E-04
       26       56        1     0.1795688554E-04
       27       58        1     0.1934355552E-04
       28       58        1     0.2243910507E-04
       29       62        1     0.2452435236E-04
       30       62        1     0.2673084918E-04
       31       66        1     0.3083157625E-04
       32       66        1     0.3309961925E-04
       33       68        1     0.3596104379E-04
       34       70        1     0.3947029590E-04
       35       70        1     0.4140888771E-04
       36       72        1     0.4588957346E-04
       37       72        1     0.5120347269E-04
       38       74        1     0.5262030219E-04
       39       76        1     0.5610850854E-04
       40       78        1     0.5945164304E-04
       41       78        1     0.6181537677E-04
       42       82        1     0.6602560827E-04
       43       84        1     0.6918382972E-04
       44      112        2     0.1072960046E-03
       45      114        2     0.1173506163E-03
       40        4        1     0.2743814069E-05
       41       12        1     0.1835395754E-04
       42       16        1     0.3147896996E-04
       43       18        1     0.4567566962E-04
       44       22        1     0.5907632734E-04
       45       24        1     0.7082926468E-04
       46      144        3     0.1969911490E-03
       18        4        1     0.8812686561E-06
       19       20        1     0.1068438064E-04
       20       28        1     0.1785360854E-04
       21       36        1     0.3266527549E-04
       22       40        1     0.4624130661E-04
       23       44        1     0.6431867563E-04
       24       48        1     0.7859444660E-04
       25       50        1     0.9189300726E-04
       26       52        1     0.1183462665E-03
       27       56        1     0.1413856954E-03
       28       58        1     0.1650228065E-03
       29       58        1     0.1908247166E-03
       30       62        1     0.2179276164E-03
       31       64        1     0.2430495445E-03
       32       64        1     0.2761684464E-03
       33       66        1     0.2973469969E-03
       34       68        1     0.3226057317E-03
       35       68        1     0.3429638735E-03
       36       72        1     0.3721317182E-03
       37       72        1     0.3953570327E-03
       38       72        1     0.4161886205E-03
       39       76        1     0.4310946963E-03
       40       76        1     0.4456080597E-03
       41       78        1     0.4535020349E-03
       42       82        1     0.4628842434E-03
       40        4        1     0.1760777652E-05
       41       12        1     0.1706983670E-04
       42       16        1     0.3706947057E-04
       43      106        2     0.3377886999E-03
       44      110        2     0.3167611926E-03
       45      110        2     0.3041351877E-03
       46      114        2     0.2934897406E-03
       47      268        5     0.4658323774E-06
       48      390        8     0.6629364392E-04
       20       12        2     0.8493486334E-07
       21       20        2     0.4738068686E-07
       22       28        2     0.2295929143E-08
       23       32        2     0.3944720353E-06
       24       38        2     0.1662551348E-05
       25       40        2     0.4648357678E-05
       26       42        2     0.8769303468E-05
       27       46        2     0.1488121477E-04
       28       46        2     0.1957955912E-04
       29       50        2     0.2672447539E-04
       30       52        2     0.3528014121E-04
       31       52        2     0.4475020540E-04
       32       56        2     0.5195546797E-04
       33       58        2     0.6321142995E-04
       34       60        2     0.7279688751E-04
       35       62        2     0.8498238838E-04
       36       66        2     0.9324894530E-04
       37       68        2     0.1028590061E-03
       38       72        2     0.1075516764E-03
       39       92        4     0.8253236884E-04
       40       98        4     0.5038716780E-04
       41      100        4     0.3626210574E-04
       42      102        4     0.2940894219E-04
       43      104        4     0.2265418601E-04
       44      106        4     0.2127406054E-04
       45      108        4     0.1857066303E-04
       46      110        4     0.1784883700E-04
       47      114        4     0.1572449658E-04
       48      116        4     0.1526543438E-04
       49      518       12     0.3324129332E-04
       19        6        1     0.8788211256E-05
       20       16        2     0.4254851788E-04
       21       22        2     0.7271093380E-04
       22       26        2     0.1036381430E-03
       23       32        2     0.1336195805E-03
       24       34        2     0.1590243605E-03
       25       38        2     0.1845946760E-03
       26       42        2     0.2067589492E-03
       27       42        2     0.2249339867E-03
       28       46        2     0.2480700415E-03
       29       48        2     0.2659732632E-03
       30       50        2     0.2842104162E-03
       31       52        2     0.3093793301E-03
       32       54        2     0.3246718370E-03
       33       60        2     0.3516894242E-03
       33       14        1     0.6343272651E-04
       34       84        3     0.5308120333E-03
       35       88        3     0.6151214253E-03
       36       90        3     0.6997165318E-03
       37       94        3     0.7675084684E-03
       38       98        3     0.8324457498E-03
       39       98        3     0.8925490222E-03
       40      102        3     0.9530378316E-03
       41      104        3     0.1024685624E-02
       15        8        1     0.3652232494E-04
       16       18        1     0.1441842724E-03
       17       26        1     0.2912878709E-03
       18       30        1     0.4230905472E-03
       19       32        1     0.5482838378E-03
       20       36        1     0.6808597014E-03
       21       40        1     0.8038314743E-03
       22       40        1     0.9162764026E-03
       23       44        1     0.1042755742E-02
       24       46        1     0.1149949544E-02
       25       50        1     0.1279433581E-02
       26       52        1     0.1395183653E-02
       24        6        1     0.1160718127E-04
       25       16        1     0.1245089133E-03
       26       22        1     0.2302712041E-03
       27       86        2     0.1869622569E-02
       28       90        2     0.2078132887E-02
       29       92        2     0.2281315553E-02
       30       96        2     0.2495196207E-02
        9        6        1     0.4894220641E-04
       10       18        1     0.1901645344E-03
       11       30        1     0.4243154854E-03
       12       32        1     0.6086190459E-03
       13       36        1     0.8043217210E-03
       14       40        1     0.9766009808E-03
       15       42        1     0.1124558082E-02
       16       44        1     0.1305962640E-02
       17       48        1     0.1470799110E-02
       18       50        1     0.1623083937E-02
       19       54        1     0.1819646528E-02
       20       58        1     0.1997533215E-02
       16        6        1     0.7400751266E-06
       17       14        1     0.8869329544E-05
       18       18        1     0.1812777399E-04
       19       22        1     0.2572793222E-04
       20       28        1     0.3305526504E-04
        3        8        1     0.2659347967E-04
        4       16        1     0.8977528325E-04
        5       24        1     0.1661618342E-03
        6       30        1     0.2333978740E-03
        7       32        1     0.3143386592E-03
        8       40        1     0.3829808693E-03
        9       44        1     0.4551742047E-03
       10       48        1     0.5201429583E-03
       11       50        1     0.6048174759E-03
       12       56        1     0.6844214391E-03
       13       58        1     0.7767111308E-03
       14       60        1     0.8618169846E-03
       15       64        1     0.9697157737E-03
       16       68        1     0.1067452299E-02
       17       72        1     0.1181301389E-02
       12       10        1     0.3975181726E-04
       13       14        1     0.8008188655E-04
       14       18        1     0.1159147648E-03
       15       22        1     0.1525680168E-03
       16       26        1     0.1853007476E-03
        1        8        1     0.1287409445E-06
        2       12        1     0.1323651047E-06
        3       20        1     0.8049131030E-07
        4       24        1     0.1848790136E-06
        5       30        1     0.1015898538E-06
        6       34        1     0.2786648019E-07
        7       42        1     0.2152740589E-07
        8       46        1     0.1253000323E-06
        9       50        1     0.1787250900E-06
       10       54        1     0.2342927020E-06
       11       58        1     0.2457708059E-06
       12       62        1     0.3163001981E-06
       13       64        1     0.1596784880E-06
       14       66        1     0.4948789439E-06
       15       70        1     0.5536328381E-06
       16       74        1     0.5076129324E-06
       17      110        2     0.4889040045E-04
       13        8        1     0.5767045888E-04
       14       14        1     0.1508214141E-03
       15       18        1     0.2382054830E-03
       16       22        1     0.3172019822E-03
       17       26        1     0.4023360872E-03
        4        6        1     0.2891405603E-04
        5       18        1     0.1141412306E-03
        6       22        1     0.1880015012E-03
        7       28        1     0.2821413440E-03
        8       36        1     0.3611737979E-03
        9       42        1     0.4379335178E-03
       10       44        1     0.5124243149E-03
       11       48        1     0.5908505589E-03
       12       52        1     0.6814842840E-03
       13       54        1     0.7790607467E-03
       14       58        1     0.8817235652E-03
       15       62        1     0.9852958900E-03
       16       62        1     0.1090928509E-02
       17       66        1     0.1197677942E-02
       18      300        5     0.1175801124E-06
       19      304        5     0.7173661354E-06
       20      308        5     0.1593044562E-05
       21      412        7     0.3076023207E-03
       17        8        1     0.3682313807E-04
       18       14        1     0.1077874773E-03
       19       20        1     0.1746604698E-03
       20       24        1     0.2453508316E-03
       21       30        1     0.3134437467E-03
       10        2        0     0.8065557440E-05
       11       14        1     0.1065375966E-03
       12       24        1     0.2621806027E-03
       13       32        1     0.4498762568E-03
       14       36        1     0.6098712414E-03
       15       38        1     0.7605195512E-03
       16       40        1     0.9153115658E-03
       17       42        1     0.1058308391E-02
       18       46        1     0.1202560174E-02
       19       50        1     0.1333212299E-02
       20       52        1     0.1498819527E-02
       21       56        1     0.1649401646E-02
       22      514        9     0.5984675779E-06
       23      520        9     0.3166943781E-05
       24      524        9     0.5815476867E-05
       25      524        9     0.9192693536E-05
       26      528        9     0.1109737564E-04
       27      532        9     0.1395462456E-04
       28      534        9     0.1618629177E-04
       29      536        9     0.1738126575E-04
       30      542        9     0.1864670484E-04
       31      648       11     0.1726637304E-03
       32      650       11     0.1963249994E-03
       33      654       11     0.2104632793E-03
       26       12        1     0.9793965060E-04
       27       22        1     0.2209506573E-03
       16        4        1     0.1243076573E-04
       17       12        1     0.6990883627E-04
       18       24        1     0.1778865132E-03
       19       28        1     0.2860231021E-03
       20       32        1     0.3847875727E-03
       21       34        1     0.4900243195E-03
       22       38        1     0.5851378957E-03
       23       40        1     0.6861517210E-03
       24       44        1     0.7818039594E-03
       25       46        1     0.8714176605E-03
       26       50        1     0.9584271167E-03
       27       52        1     0.1039660508E-02
       28       84        2     0.1475966664E-02
       29       86        2     0.1671455586E-02
       30       90        2     0.1851408624E-02
       31       94        2     0.2024981569E-02
       32       94        2     0.2212097456E-02
       33      100        2     0.2424869585E-02
       34      762       13     0.3768095258E-05
       35      762       13     0.5622611959E-05
       36      766       13     0.7031659663E-05
       37      770       13     0.8005497539E-05
       38      770       13     0.9423203898E-05
       39      774       13     0.1043920489E-04
       40      778       13     0.1090399932E-04
       41      780       13     0.1181623719E-04
       42      896       16     0.3953957176E-04
       43      900       16     0.4467851274E-04
       44      902       16     0.4752986720E-04
       34       10        1     0.2369290170E-04
       20       12        2     0.7877512218E-05
       21       18        2     0.1991479221E-04
       22       24        2     0.3397491621E-04
       23       30        2     0.4896810242E-04
       24       34        2     0.6331014259E-04
       25       36        2     0.7535626654E-04
       26       40        2     0.8533141308E-04
       27       42        2     0.9830287579E-04
       28       44        2     0.1074804351E-03
       29       48        2     0.1176126016E-03
       30       48        2     0.1223623801E-03
       31       52        2     0.1345830920E-03
       32       52        2     0.1431345076E-03
       33       56        2     0.1503829617E-03
       34       60        2     0.1628004335E-03
       35       86        3     0.2529519259E-03
       36       90        3     0.3055844014E-03
       37       92        3     0.3507280298E-03
       38       96        3     0.3896316527E-03
       39       96        3     0.4327188420E-03
       40      100        3     0.4658870139E-03
       41      102        3     0.4966536230E-03
       42      104        3     0.5414366585E-03
       43      108        3     0.5784213713E-03
       44      110        3     0.6258853523E-03
       45     1020       19     0.4451315228E-06
       46     1022       19     0.6750924191E-06
       47     1024       19     0.8810930407E-06
       48     1028       19     0.1069785207E-05
       49     1032       19     0.1235353967E-05
       40       12        1     0.1171383943E-05
       20       12        2     0.2423887162E-06
       21       18        2     0.5514475570E-06
       22       28        2     0.2219666936E-05
       23       36        2     0.3971948113E-05
       24       40        2     0.8010435531E-05
       25       42        2     0.1279850217E-04
       26       44        2     0.1496567706E-04
       27       46        2     0.2322638315E-04
       28       50        2     0.2801675109E-04
       29       50        2     0.3530520868E-04
       30       54        2     0.4319538409E-04
       31       54        2     0.4980566775E-04
       32       56        2     0.5920902391E-04
       33       60        2     0.6941398178E-04
       34       60        2     0.7874612150E-04
       35       64        2     0.8685640574E-04
       36       66        2     0.9834547437E-04
       37       68        2     0.1071583831E-03
       38       72        2     0.1182909547E-03
       39       74        2     0.1188426828E-03
       40       80        2     0.1221281073E-03
       41      100        3     0.9386298304E-04
       42      104        3     0.8748211297E-04
       43      104        3     0.8279628016E-04
       44      108        3     0.8387704976E-04
       45      108        3     0.8476194753E-04
       46      112        3     0.8557101762E-04
       47      116        3     0.8812948980E-04
       41        8        1     0.2117014758E-05
       42       14        1     0.4432015696E-05
       43       20        1     0.4138368024E-05
       18       12        1     0.1846591170E-05
       19       24        1     0.5030788215E-05
       20       30        1     0.1010794735E-04
       21       36        1     0.1575574055E-04
       22       42        1     0.1879762742E-04
       23       46        1     0.2442475201E-04
       24       50        1     0.2861592499E-04
       25       52        1     0.3556911571E-04
       26       54        1     0.3877182889E-04
       27       56        1     0.4528668143E-04
       28       60        1     0.5410479590E-04
       29       60        1     0.6051007300E-04
       30       62        1     0.6996027670E-04
       31       64        1     0.7313002719E-04
       32       66        1     0.8476848546E-04
       33       66        1     0.9242871233E-04
       34       70        1     0.1003091074E-03
       35       70        1     0.1076007317E-03
       36       70        1     0.1139476279E-03
       37       74        1     0.1237536133E-03
       38       74        1     0.1308092635E-03
       39       74        1     0.1372678394E-03
       40       78        1     0.1440386247E-03
       41       78        1     0.1504413770E-03
       42       80        1     0.1510839463E-03
       43       84        1     0.1575761842E-03
       44      110        2     0.1566830838E-03
       45      112        2     0.1608701592E-03
       46      116        2     0.1680120326E-03
       41       12        1     0.1866062282E-05
       42       16        1     0.3467929365E-05
       43       16        1     0.4734135297E-05
       44       20        1     0.7208950520E-05
       45       24        1     0.8395105855E-05
       46       28        1     0.1118668330E-04
       18       10        1     0.2468399339E-05
       19       22        1     0.7290394884E-05
       20       30        1     0.1285792553E-04
       21       38        1     0.2216715308E-04
       22       42        1     0.3103721665E-04
       23       46        1     0.3946628850E-04
       24       48        1     0.4469002628E-04
       25       52        1     0.5923511358E-04
       26       54        1     0.7077761324E-04
       27       56        1     0.8599719247E-04
       28       58        1     0.9751317527E-04
       29       60        1     0.1128246443E-03
       30       62        1     0.1240040999E-03
       31       64        1     0.1452391837E-03
       32       64        1     0.1590331336E-03
       33       66        1     0.1777917049E-03
       34       68        1     0.1851189521E-03
       35       70        1     0.2029003731E-03
       36       70        1     0.2200994337E-03
       37       72        1     0.2303378598E-03
       38       74        1     0.2456630614E-03
       39       76        1     0.2556192252E-03
       40       76        1     0.2605635528E-03
       41       80        1     0.2737364803E-03
       42       80        1     0.2828290998E-03
       41        8        1     0.1054513141E-05
       42       14        1     0.4257375434E-05
       43      106        2     0.2291415605E-03
       44      110        2     0.2177421389E-03
       45      110        2     0.2111835293E-03
       46      114        2     0.2122074335E-03
       47      268        5     0.1146786621E-08
       48      390        8     0.3081384486E-04
       20       14        2     0.1016969918E-07
       21       18        2     0.6798269299E-07
       22       28        2     0.1289076423E-06
       23       34        2     0.7299481358E-06
       24       38        2     0.2566179045E-05
       25       42        2     0.5243002441E-05
       26       44        2     0.1024791951E-04
       27       46        2     0.1394863373E-04
       28       48        2     0.1903710273E-04
       29       50        2     0.2552911702E-04
       30       52        2     0.3269890651E-04
       31       54        2     0.4119984641E-04
       32       58        2     0.4801318475E-04
       33       58        2     0.5728633471E-04
       34       62        2     0.6742192802E-04
       35       64        2     0.7634095693E-04
       36       66        2     0.8777655375E-04
       37       68        2     0.9501603717E-04
       38       70        2     0.9979904421E-04
       39       76        2     0.1052267849E-03
       40       96        3     0.7339062049E-04
       41      100        3     0.5573415500E-04
       42      102        3     0.4593944526E-04
       43      106        3     0.4364416652E-04
       44      106        3     0.3968581113E-04
       45      110        3     0.3835272306E-04
       46      110        3     0.3674493886E-04
       47      114        3     0.3776618575E-04
       48      116        3     0.3845909236E-04
       49      516       11     0.4200543104E-05
       19        2        1     0.2249286243E-05
       20       14        2     0.1988556686E-04
       21       20        2     0.4311795909E-04
       22       24        2     0.6666633454E-04
       23       30        2     0.9152357976E-04
       24       34        2     0.1127106959E-03
       25       38        2     0.1330480072E-03
       26       40        2     0.1488120745E-03
       27       42        2     0.1673344078E-03
       28       46        2     0.1809206651E-03
       29       46        2     0.1976618416E-03
       30       50        2     0.2116209027E-03
       31       50        2     0.2257547923E-03
       32       54        2     0.2405519085E-03
       33       58        2     0.2558582012E-03
       34       82        3     0.3413026576E-03
       35       88        3     0.4274598238E-03
       36       92        3     0.4935550847E-03
       37       92        3     0.5499537962E-03
       38       96        3     0.5996574879E-03
       39       98        3     0.6530792676E-03
       40      100        3     0.6979449456E-03
       41      102        3     0.7483615390E-03
       42      106        3     0.8003546852E-03
       43      110        3     0.8550735481E-03
       16       10        1     0.5912133116E-04
       17       22        1     0.1820107777E-03
       18       28        1     0.3136656836E-03
       19       32        1     0.4417722176E-03
       20       34        1     0.5554056906E-03
       21       36        1     0.6838567495E-03
       22       40        1     0.8073243458E-03
       23       42        1     0.9165732210E-03
       24       44        1     0.1030921631E-02
       25       46        1     0.1128970875E-02
       26       50        1     0.1250523245E-02
       25       12        1     0.4478266819E-04
       26       18        1     0.1368576064E-03
       27       84        2     0.1605852823E-02
       28       86        2     0.1797666419E-02
       29       90        2     0.1990499308E-02
       30       92        2     0.2169767458E-02
       31       96        2     0.2359222028E-02
       10       10        1     0.7538486662E-04
       11       22        1     0.2270492812E-03
       12       30        1     0.4398060388E-03
       13       34        1     0.6245926855E-03
       14       36        1     0.8116775122E-03
       15       40        1     0.9806728911E-03
       16       42        1     0.1127044847E-02
       17       46        1     0.1301763714E-02
       18       46        1     0.1448915234E-02
       19       50        1     0.1609568308E-02
       20       54        1     0.1790905009E-02
       16        2        1     0.1557460080E-05
       17       12        1     0.2984106504E-04
       18       16        1     0.6460946009E-04
       19       22        1     0.9759317388E-04
       20       28        1     0.1267943320E-03
       21       94        2     0.1998121614E-02
        4       10        1     0.6528092282E-04
        5       20        1     0.1459944453E-03
        6       26        1     0.2265340473E-03
        7       32        1     0.3137030102E-03
        8       38        1     0.3947454176E-03
        9       42        1     0.4560672315E-03
       10       46        1     0.5399796671E-03
       11       48        1     0.6153734524E-03
       12       52        1     0.7119253856E-03
       13       58        1     0.8060546322E-03
       14       58        1     0.9097924933E-03
       15       62        1     0.1007951333E-02
       16       64        1     0.1128307080E-02
       17       68        1     0.1235883515E-02
       12        4        1     0.1733454663E-04
       13       10        1     0.8552715174E-04
       14       16        1     0.1529461504E-03
       15       20        1     0.2102491610E-03
       16       24        1     0.2732897753E-03
       17       28        1     0.3293117756E-03
        1        8        1     0.2437134965E-10
        2       12        1     0.8697667193E-08
        3       20        1     0.2186364325E-08
        4       24        1     0.1995901641E-09
        5       28        1     0.9702669165E-08
        6       36        1     0.1899405466E-08
        7       40        1     0.2270004190E-08
        8       44        1     0.1032672650E-07
        9       52        1     0.1383542866E-07
       10       56        1     0.2692917719E-08
       11       58        1     0.2886257646E-07
       12       60        1     0.7495300660E-08
       13       64        1     0.8867106400E-08
       14       68        1     0.2727721567E-09
       15       70        1     0.5518032428E-08
       16       72        1     0.1098789230E-07
       17       76        1     0.8444510189E-09
       12        6        1     0.2529173663E-04
       13       10        1     0.8888008884E-04
       14       16        1     0.1499829182E-03
       15       20        1     0.2088584660E-03
       16       26        1     0.2636495351E-03
       17       30        1     0.3191560619E-03
        4       12        1     0.6879648005E-04
        5       20        1     0.1477638225E-03
        6       26        1     0.2325306172E-03
        7       32        1     0.3144357995E-03
        8       38        1     0.3975641060E-03
        9       44        1     0.4671101325E-03
       10       48        1     0.5382225252E-03
       11       50        1     0.6273356746E-03
       12       54        1     0.7173003727E-03
       13       56        1     0.8150254177E-03
       14       60        1     0.9145856641E-03
       15       64        1     0.1015968608E-02
       16       64        1     0.1113677494E-02
       17       68        1     0.1238906013E-02
       18      300        5     0.4952920784E-08
       19      304        5     0.5425907285E-09
       20      308        5     0.1209710211E-07
       21      314        5     0.1052163988E-09
       16        4        1     0.1824289695E-05
       17       12        1     0.2548442309E-04
       18       18        1     0.5880327067E-04
       19       22        1     0.8713762733E-04
       20       28        1     0.1127654474E-03
       10       10        1     0.8705343831E-04
       11       22        1     0.2518531143E-03
       12       30        1     0.4726231692E-03
       13       36        1     0.6583349858E-03
       14       36        1     0.8255958599E-03
       15       40        1     0.1005654619E-02
       16       42        1     0.1159540377E-02
       17       46        1     0.1319590223E-02
       18       48        1     0.1482258785E-02
       19       50        1     0.1645347444E-02
       20       54        1     0.1811058756E-02
       21       94        2     0.2000824566E-02
       22      516        9     0.6971026033E-08
       23      520        9     0.7610071235E-08
       24      522        9     0.8801345044E-09
       25      524        9     0.8373959596E-07
       26      528        9     0.3294343033E-07
       27      532        9     0.4030222349E-07
       28      534        9     0.9084442075E-07
       29      536        9     0.5376857747E-07
       30      540        9     0.9962460825E-07
       31      544        9     0.6380436276E-07
       25       12        1     0.5138502085E-04
       26       18        1     0.1477745454E-03
       16       10        1     0.6329939758E-04
       17       22        1     0.1924484314E-03
       18       28        1     0.3333068103E-03
       19       32        1     0.4524439605E-03
       20       34        1     0.5835657766E-03
       21       36        1     0.7028907547E-03
       22       40        1     0.8266370765E-03
       23       44        1     0.9363574905E-03
       24       44        1     0.1055779030E-02
       25       48        1     0.1167849678E-02
       26       50        1     0.1270933505E-02
       27       84        2     0.1638186384E-02
       28       86        2     0.1840080830E-02
       29       90        2     0.2024042585E-02
       30       92        2     0.2197064825E-02
       31       96        2     0.2405253298E-02
       32      756       13     0.8500296310E-10
       33      756       13     0.1952756183E-07
       34      760       13     0.1210748671E-07
       35      764       13     0.2206980429E-07
       36      766       13     0.2979286837E-07
       37      768       13     0.2571506056E-07
       38      772       13     0.3919163756E-07
       39      774       13     0.3841772930E-07
       40      776       13     0.3635383316E-07
       41      780       13     0.5454239734E-07
       42      784       13     0.4349969485E-07
       19        2        0     0.1431754395E-05
       20       14        2     0.2290565004E-04
       21       20        2     0.4749746178E-04
       22       24        2     0.7020272942E-04
       23       30        2     0.9646332422E-04
       24       34        2     0.1201533880E-03
       25       38        2     0.1405803601E-03
       26       40        2     0.1538826785E-03
       27       42        2     0.1764765730E-03
       28       46        2     0.1911913445E-03
       29       46        2     0.2082644927E-03
       30       50        2     0.2209893938E-03
       31       52        2     0.2367214110E-03
       32       54        2     0.2529374282E-03
       33       58        2     0.2685879271E-03
       34       82        3     0.3647615368E-03
       35       88        3     0.4527157293E-03
       36       92        3     0.5180699339E-03
       37       92        3     0.5711563170E-03
       38       96        3     0.6305907224E-03
       39       98        3     0.6837104670E-03
       40      100        3     0.7234253840E-03
       41      104        3     0.7817394210E-03
       42      106        3     0.8331585671E-03
       43      902       16     0.7231988246E-04
       44     1016       19     0.8748282762E-09
       45     1020       19     0.1792982991E-08
       46     1024       19     0.2758648552E-08
       47     1024       19     0.3654368085E-08
       48     1028       19     0.4215649821E-08
       49     1032       19     0.4956681048E-08
       20       14        2     0.1334645706E-08
       21       18        2     0.7064125498E-08
       22       28        2     0.1259226476E-06
       23       34        2     0.5245096222E-06
       24       38        2     0.2009888752E-05
       25       42        2     0.5804255247E-05
       26       44        2     0.9123090009E-05
       27       46        2     0.1200327926E-04
       28       48        2     0.1982299512E-04
       29       50        2     0.2655042528E-04
       30       52        2     0.3053385434E-04
       31       54        2     0.4038909329E-04
       32       58        2     0.4854380353E-04
       33       58        2     0.5606418271E-04
       34       60        2     0.7003726162E-04
       35       64        2     0.7629278496E-04
       36       64        2     0.8546398527E-04
       37       68        2     0.9670830818E-04
       38       70        2     0.1007547832E-03
       39       76        2     0.1038979451E-03
       40       96        3     0.6692987890E-04
       41      100        3     0.5346082277E-04
       42      102        3     0.4377253915E-04
       43      104        3     0.3978107102E-04
       44      106        3     0.3535256232E-04
       45      110        3     0.3538247603E-04
       46      110        3     0.3353437241E-04
       47      114        3     0.3345265954E-04
       48      116        3     0.3470831424E-04
       41        8        1     0.2156032123E-05
       42       14        1     0.6510710613E-05
       18       10        1     0.2386434561E-05
       19       22        1     0.7635169127E-05
       20       30        1     0.1320190805E-04
       21       38        1     0.2357501507E-04
       22       42        1     0.3254955421E-04
       23       46        1     0.4027174634E-04
       24       48        1     0.5029279142E-04
       25       50        1     0.6288090100E-04
       26       54        1     0.7545794720E-04
       27       56        1     0.9025305735E-04
       28       58        1     0.1018896782E-03
       29       60        1     0.1234610556E-03
       30       62        1     0.1403822193E-03
       31       64        1     0.1529362129E-03
       32       64        1     0.1642834536E-03
       33       66        1     0.1894921883E-03
       34       68        1     0.2025763132E-03
       35       70        1     0.2200316299E-03
       36       70        1     0.2353398455E-03
       37       72        1     0.2420115116E-03
       38       74        1     0.2611167041E-03
       39       74        1     0.2759080096E-03
       40       76        1     0.2835398687E-03
       41       80        1     0.2950127330E-03
       42       80        1     0.2977497267E-03
       43      106        2     0.2370576383E-03
       44      110        2     0.2279597339E-03
       45      110        2     0.2208218336E-03
       46      114        2     0.2189170126E-03
       41       12        1     0.2830887549E-05
       42       16        1     0.5727780172E-05
       43       18        1     0.8359632890E-05
       44       20        1     0.9830302884E-05
       45       24        1     0.1383171236E-04
       18       12        1     0.2079548209E-05
       19       24        1     0.4040185117E-05
       20       32        1     0.9461979307E-05
       21       36        1     0.1386081366E-04
       22       42        1     0.1890307793E-04
       23       46        1     0.2232903829E-04
       24       50        1     0.2734463004E-04
       25       52        1     0.3191751859E-04
       26       54        1     0.3458252802E-04
       27       56        1     0.4426308802E-04
       28       60        1     0.4887955385E-04
       29       60        1     0.5292261839E-04
       30       62        1     0.6377686476E-04
       31       64        1     0.6884112336E-04
       32       66        1     0.7736551328E-04
       33       66        1     0.8394387746E-04
       34       70        1     0.8987658774E-04
       35       70        1     0.9879977649E-04
       36       70        1     0.1055664212E-03
       37       74        1     0.1123085241E-03
       38       74        1     0.1191755801E-03
       39       74        1     0.1251185033E-03
       40       78        1     0.1303104060E-03
       41       78        1     0.1379293388E-03
       42       80        1     0.1415026507E-03
       43       84        1     0.1441616753E-03
       41       10        1     0.4499569319E-05
       42       14        1     0.6047668764E-05
       43       20        1     0.7856232838E-05
       44      110        2     0.1490237930E-03
       45      112        2     0.1546292353E-03
       46      142        3     0.1822043037E-03
       47      268        5     0.1560985870E-09
       20       14        2     0.1513069231E-06
       21       18        2     0.1158743371E-05
       22       28        2     0.2782888149E-05
       23       36        2     0.5179555127E-05
       24       40        2     0.8592899578E-05
       25       42        2     0.1369702828E-04
       26       44        2     0.1863316983E-04
       27       46        2     0.2551056045E-04
       28       48        2     0.2746166140E-04
       29       50        2     0.3820499335E-04
       30       54        2     0.4534751823E-04
       31       54        2     0.5190499367E-04
       32       58        2     0.6420283202E-04
       33       60        2     0.7136795990E-04
       34       60        2     0.7893049048E-04
       35       64        2     0.9196636474E-04
       36       66        2     0.1032173236E-03
       37       68        2     0.1083233227E-03
       38       72        2     0.1201864751E-03
       39       74        2     0.1266114202E-03
       40       78        2     0.1275773625E-03
       40       12        1     0.6519520581E-06
       41      100        3     0.9905002048E-04
       42      104        3     0.9508188535E-04
       43      104        3     0.9332339719E-04
       44      108        3     0.9204484817E-04
       45      108        3     0.9206717801E-04
       46      112        3     0.9561676661E-04
       47      116        3     0.9837719639E-04
       48      390        8     0.3483781177E-04
       49      516       11     0.6587909463E-05
       20       12        2     0.7237473919E-05
       21       18        2     0.1794400026E-04
       22       24        2     0.3023799101E-04
       23       30        2     0.4418278233E-04
       24       34        2     0.5718533153E-04
       25       38        2     0.6736119228E-04
       26       40        2     0.7929608310E-04
       27       42        2     0.9052340295E-04
       28       44        2     0.9470526015E-04
       29       46        2     0.1076158503E-03
       30       48        2     0.1142130302E-03
       31       52        2     0.1226711963E-03
       32       54        2     0.1291007115E-03
       33       56        2     0.1389724298E-03
       34       58        2     0.1495961096E-03
       34        8        1     0.1697435201E-04
       35       86        3     0.2309908082E-03
       36       90        3     0.2814376921E-03
       37       92        3     0.3285895386E-03
       38       96        3     0.3646039181E-03
       39       96        3     0.3996260730E-03
       40      100        3     0.4389421891E-03
       41      100        3     0.4730623527E-03
       42      104        3     0.5050289487E-03
       43      108        3     0.5465152552E-03
       44      110        3     0.5881972560E-03
       16        4        1     0.1159092069E-04
       17       12        1     0.6343880337E-04
       18       24        1     0.1666300131E-03
       19       28        1     0.2646442659E-03
       20       32        1     0.3667690770E-03
       21       34        1     0.4546952955E-03
       22       36        1     0.5536377479E-03
       23       40        1     0.6542571499E-03
       24       44        1     0.7427625223E-03
       25       46        1     0.8281448876E-03
       26       50        1     0.9130183320E-03
       27       52        1     0.9985602060E-03
       26       12        1     0.9512042495E-04
       27       20        1     0.2112180476E-03
       28       84        2     0.1433495975E-02
       29       86        2     0.1617077830E-02
       30       90        2     0.1810669584E-02
       31       92        2     0.1982819557E-02
       32       94        2     0.2154871093E-02
